-- phpMyAdmin SQL Dump
-- version 5.2.1
-- https://www.phpmyadmin.net/
--
-- Хост: mariadb:3306
-- Время создания: Июн 02 2025 г., 08:55
-- Версия сервера: 11.5.2-MariaDB-ubu2404
-- Версия PHP: 8.2.25

SET SQL_MODE = "NO_AUTO_VALUE_ON_ZERO";
START TRANSACTION;
SET time_zone = "+00:00";


/*!40101 SET @OLD_CHARACTER_SET_CLIENT=@@CHARACTER_SET_CLIENT */;
/*!40101 SET @OLD_CHARACTER_SET_RESULTS=@@CHARACTER_SET_RESULTS */;
/*!40101 SET @OLD_COLLATION_CONNECTION=@@COLLATION_CONNECTION */;
/*!40101 SET NAMES utf8mb4 */;

--
-- База данных: `madk`
--

-- --------------------------------------------------------

--
-- Структура таблицы `cache`
--

CREATE TABLE `cache` (
  `key` varchar(255) NOT NULL,
  `value` mediumtext NOT NULL,
  `expiration` int(11) NOT NULL
) ENGINE=InnoDB DEFAULT CHARSET=utf8mb4 COLLATE=utf8mb4_unicode_ci;

--
-- Дамп данных таблицы `cache`
--

INSERT INTO `cache` (`key`, `value`, `expiration`) VALUES
('laravel_cache_a75f3f172bfb296f2e10cbfc6dfc1883', 'i:1;', 1748805298),
('laravel_cache_a75f3f172bfb296f2e10cbfc6dfc1883:timer', 'i:1748805297;', 1748805298);

-- --------------------------------------------------------

--
-- Структура таблицы `cache_locks`
--

CREATE TABLE `cache_locks` (
  `key` varchar(255) NOT NULL,
  `owner` varchar(255) NOT NULL,
  `expiration` int(11) NOT NULL
) ENGINE=InnoDB DEFAULT CHARSET=utf8mb4 COLLATE=utf8mb4_unicode_ci;

-- --------------------------------------------------------

--
-- Структура таблицы `cars`
--

CREATE TABLE `cars` (
  `id` bigint(20) UNSIGNED NOT NULL,
  `mark_model_country_id` bigint(20) UNSIGNED NOT NULL,
  `type_id` bigint(20) UNSIGNED NOT NULL,
  `color_id` bigint(20) UNSIGNED NOT NULL,
  `vin` varchar(20) NOT NULL COMMENT 'VIN',
  `pts` varchar(20) NOT NULL COMMENT 'PTS',
  `date_at` date NOT NULL COMMENT 'дата производства',
  `price` decimal(10,2) NOT NULL COMMENT 'цена',
  `block` bigint(20) UNSIGNED NOT NULL COMMENT 'блок',
  `deleted_at` timestamp NULL DEFAULT NULL,
  `created_at` timestamp NULL DEFAULT NULL,
  `updated_at` timestamp NULL DEFAULT NULL
) ENGINE=InnoDB DEFAULT CHARSET=utf8mb4 COLLATE=utf8mb4_unicode_ci;

--
-- Дамп данных таблицы `cars`
--

INSERT INTO `cars` (`id`, `mark_model_country_id`, `type_id`, `color_id`, `vin`, `pts`, `date_at`, `price`, `block`, `deleted_at`, `created_at`, `updated_at`) VALUES
(1, 196, 16, 15, 'VGVJW7DKK2HDF8Y8V', '88TT860283', '2023-03-18', 1500000.00, 0, NULL, '2025-06-01 18:34:19', '2025-06-01 18:34:19'),
(2, 191, 8, 7, 'R0M9NVM7Z3C7117AK', '65TL218500', '2021-01-09', 4100000.00, 0, NULL, '2025-06-01 18:34:19', '2025-06-01 18:34:19'),
(3, 242, 9, 17, 'JMJDYR3D1W5MX705T', '57TH683107', '2023-04-11', 1600000.00, 0, NULL, '2025-06-01 18:34:19', '2025-06-01 18:34:19'),
(4, 491, 12, 6, 'LP2VDSD8S3MWHETJZ', '72TN756893', '2021-10-02', 2000000.00, 0, NULL, '2025-06-01 18:34:19', '2025-06-01 18:34:19'),
(5, 467, 12, 16, 'K04287G14WUDPLFTC', '82TW822302', '2022-03-23', 2600000.00, 0, NULL, '2025-06-01 18:34:19', '2025-06-01 18:34:19'),
(6, 272, 14, 7, '4U5KX37J78TYJKEK3', '83TY603980', '2024-10-30', 2800000.00, 0, NULL, '2025-06-01 18:34:19', '2025-06-01 18:34:19'),
(7, 55, 1, 12, 'NAB5P0KXY1D02BUTP', '91TL291925', '2023-10-01', 1800000.00, 0, NULL, '2025-06-01 18:34:19', '2025-06-01 18:34:19'),
(8, 209, 11, 17, 'VBYF42K3KH43NCY1L', '74TP722120', '2020-08-30', 2900000.00, 0, NULL, '2025-06-01 18:34:19', '2025-06-01 18:34:19'),
(9, 130, 5, 4, '38W6M1YS0GX62WE06', '87TP682179', '2025-04-14', 3600000.00, 0, NULL, '2025-06-01 18:34:19', '2025-06-01 18:34:19'),
(10, 144, 6, 8, '7ZWFS6E0YJY22JD7V', '27TX232535', '2023-05-22', 3800000.00, 0, NULL, '2025-06-01 18:34:19', '2025-06-01 18:34:19');

-- --------------------------------------------------------

--
-- Структура таблицы `car_colors`
--

CREATE TABLE `car_colors` (
  `id` bigint(20) UNSIGNED NOT NULL,
  `color_name` varchar(255) NOT NULL,
  `deleted_at` timestamp NULL DEFAULT NULL,
  `created_at` timestamp NULL DEFAULT NULL,
  `updated_at` timestamp NULL DEFAULT NULL
) ENGINE=InnoDB DEFAULT CHARSET=utf8mb4 COLLATE=utf8mb4_unicode_ci;

--
-- Дамп данных таблицы `car_colors`
--

INSERT INTO `car_colors` (`id`, `color_name`, `deleted_at`, `created_at`, `updated_at`) VALUES
(1, 'белый', NULL, '2025-06-01 18:34:18', '2025-06-01 18:34:18'),
(2, 'бронзовый', NULL, '2025-06-01 18:34:18', '2025-06-01 18:34:18'),
(3, 'голубой', NULL, '2025-06-01 18:34:18', '2025-06-01 18:34:18'),
(4, 'желтый', NULL, '2025-06-01 18:34:18', '2025-06-01 18:34:18'),
(5, 'зеленый', NULL, '2025-06-01 18:34:18', '2025-06-01 18:34:18'),
(6, 'золотой', NULL, '2025-06-01 18:34:18', '2025-06-01 18:34:18'),
(7, 'индиго', NULL, '2025-06-01 18:34:18', '2025-06-01 18:34:18'),
(8, 'коричневый', NULL, '2025-06-01 18:34:18', '2025-06-01 18:34:18'),
(9, 'красный', NULL, '2025-06-01 18:34:18', '2025-06-01 18:34:18'),
(10, 'оранжевый', NULL, '2025-06-01 18:34:18', '2025-06-01 18:34:18'),
(11, 'розовый', NULL, '2025-06-01 18:34:18', '2025-06-01 18:34:18'),
(12, 'серебрянный', NULL, '2025-06-01 18:34:18', '2025-06-01 18:34:18'),
(13, 'серый', NULL, '2025-06-01 18:34:18', '2025-06-01 18:34:18'),
(14, 'синий', NULL, '2025-06-01 18:34:18', '2025-06-01 18:34:18'),
(15, 'сиреневый', NULL, '2025-06-01 18:34:18', '2025-06-01 18:34:18'),
(16, 'фиолетовый', NULL, '2025-06-01 18:34:18', '2025-06-01 18:34:18'),
(17, 'черный', NULL, '2025-06-01 18:34:18', '2025-06-01 18:34:18');

-- --------------------------------------------------------

--
-- Структура таблицы `car_countries`
--

CREATE TABLE `car_countries` (
  `id` bigint(20) UNSIGNED NOT NULL,
  `country_name` varchar(255) NOT NULL,
  `deleted_at` timestamp NULL DEFAULT NULL,
  `created_at` timestamp NULL DEFAULT NULL,
  `updated_at` timestamp NULL DEFAULT NULL
) ENGINE=InnoDB DEFAULT CHARSET=utf8mb4 COLLATE=utf8mb4_unicode_ci;

--
-- Дамп данных таблицы `car_countries`
--

INSERT INTO `car_countries` (`id`, `country_name`, `deleted_at`, `created_at`, `updated_at`) VALUES
(1, 'Австралия', NULL, '2025-06-01 18:34:18', '2025-06-01 18:34:18'),
(2, 'Австрия', NULL, '2025-06-01 18:34:18', '2025-06-01 18:34:18'),
(3, 'Беларусь', NULL, '2025-06-01 18:34:18', '2025-06-01 18:34:18'),
(4, 'Бразилия', NULL, '2025-06-01 18:34:18', '2025-06-01 18:34:18'),
(5, 'Великобритания', NULL, '2025-06-01 18:34:18', '2025-06-01 18:34:18'),
(6, 'Вьетнам', NULL, '2025-06-01 18:34:18', '2025-06-01 18:34:18'),
(7, 'Германия', NULL, '2025-06-01 18:34:18', '2025-06-01 18:34:18'),
(8, 'Дания', NULL, '2025-06-01 18:34:18', '2025-06-01 18:34:18'),
(9, 'Израиль', NULL, '2025-06-01 18:34:18', '2025-06-01 18:34:18'),
(10, 'Индия', NULL, '2025-06-01 18:34:18', '2025-06-01 18:34:18'),
(11, 'Иран', NULL, '2025-06-01 18:34:18', '2025-06-01 18:34:18'),
(12, 'Испания', NULL, '2025-06-01 18:34:18', '2025-06-01 18:34:18'),
(13, 'Италия', NULL, '2025-06-01 18:34:18', '2025-06-01 18:34:18'),
(14, 'Китай', NULL, '2025-06-01 18:34:18', '2025-06-01 18:34:18'),
(15, 'Латвия', NULL, '2025-06-01 18:34:18', '2025-06-01 18:34:18'),
(16, 'Малайзия', NULL, '2025-06-01 18:34:18', '2025-06-01 18:34:18'),
(17, 'Мексика', NULL, '2025-06-01 18:34:18', '2025-06-01 18:34:18'),
(18, 'Нидерланды', NULL, '2025-06-01 18:34:18', '2025-06-01 18:34:18'),
(19, 'Норвегия', NULL, '2025-06-01 18:34:18', '2025-06-01 18:34:18'),
(20, 'Объединённые Арабские Эмираты', NULL, '2025-06-01 18:34:18', '2025-06-01 18:34:18'),
(21, 'Польша', NULL, '2025-06-01 18:34:18', '2025-06-01 18:34:18'),
(22, 'Россия', NULL, '2025-06-01 18:34:18', '2025-06-01 18:34:18'),
(23, 'Румыния', NULL, '2025-06-01 18:34:18', '2025-06-01 18:34:18'),
(24, 'Северная Америка', NULL, '2025-06-01 18:34:18', '2025-06-01 18:34:18'),
(25, 'Сербия', NULL, '2025-06-01 18:34:18', '2025-06-01 18:34:18'),
(26, 'США', NULL, '2025-06-01 18:34:18', '2025-06-01 18:34:18'),
(27, 'Таиланд', NULL, '2025-06-01 18:34:18', '2025-06-01 18:34:18'),
(28, 'Тайвань', NULL, '2025-06-01 18:34:18', '2025-06-01 18:34:18'),
(29, 'Турция', NULL, '2025-06-01 18:34:18', '2025-06-01 18:34:18'),
(30, 'Узбекистан', NULL, '2025-06-01 18:34:18', '2025-06-01 18:34:18'),
(31, 'Украина', NULL, '2025-06-01 18:34:18', '2025-06-01 18:34:18'),
(32, 'Франция', NULL, '2025-06-01 18:34:18', '2025-06-01 18:34:18'),
(33, 'Хорватия', NULL, '2025-06-01 18:34:18', '2025-06-01 18:34:18'),
(34, 'Чехия', NULL, '2025-06-01 18:34:18', '2025-06-01 18:34:18'),
(35, 'Швейцария', NULL, '2025-06-01 18:34:18', '2025-06-01 18:34:18'),
(36, 'Швеция', NULL, '2025-06-01 18:34:18', '2025-06-01 18:34:18'),
(37, 'Южная Корея', NULL, '2025-06-01 18:34:18', '2025-06-01 18:34:18'),
(38, 'Япония', NULL, '2025-06-01 18:34:18', '2025-06-01 18:34:18');

-- --------------------------------------------------------

--
-- Структура таблицы `car_marks`
--

CREATE TABLE `car_marks` (
  `id` bigint(20) UNSIGNED NOT NULL,
  `mark_name` varchar(255) NOT NULL,
  `deleted_at` timestamp NULL DEFAULT NULL,
  `created_at` timestamp NULL DEFAULT NULL,
  `updated_at` timestamp NULL DEFAULT NULL
) ENGINE=InnoDB DEFAULT CHARSET=utf8mb4 COLLATE=utf8mb4_unicode_ci;

--
-- Дамп данных таблицы `car_marks`
--

INSERT INTO `car_marks` (`id`, `mark_name`, `deleted_at`, `created_at`, `updated_at`) VALUES
(1, 'AC', NULL, '2025-06-01 18:34:18', '2025-06-01 18:34:18'),
(2, 'Acura 2', NULL, '2025-06-01 18:34:18', '2025-06-01 18:34:18'),
(3, 'Adler', NULL, '2025-06-01 18:34:18', '2025-06-01 18:34:18'),
(4, 'Aiways', NULL, '2025-06-01 18:34:18', '2025-06-01 18:34:18'),
(5, 'Alfa Romeo', NULL, '2025-06-01 18:34:18', '2025-06-01 18:34:18'),
(6, 'Alpina', NULL, '2025-06-01 18:34:18', '2025-06-01 18:34:18'),
(7, 'Alpine', NULL, '2025-06-01 18:34:18', '2025-06-01 18:34:18'),
(9, 'AMC', NULL, '2025-06-01 18:34:18', '2025-06-01 18:34:18'),
(11, 'Arcfox', NULL, '2025-06-01 18:34:18', '2025-06-01 18:34:18'),
(12, 'Ariel', NULL, '2025-06-01 18:34:18', '2025-06-01 18:34:18'),
(13, 'Aro', NULL, '2025-06-01 18:34:18', '2025-06-01 18:34:18'),
(14, 'Asia', NULL, '2025-06-01 18:34:18', '2025-06-01 18:34:18'),
(15, 'Aston Martin', NULL, '2025-06-01 18:34:18', '2025-06-01 18:34:18'),
(17, 'Audi', NULL, '2025-06-01 18:34:18', '2025-06-01 18:34:18'),
(18, 'Aurus', NULL, '2025-06-01 18:34:18', '2025-06-01 18:34:18'),
(19, 'Austin', NULL, '2025-06-01 18:34:18', '2025-06-01 18:34:18'),
(20, 'Austin Healey', NULL, '2025-06-01 18:34:18', '2025-06-01 18:34:18'),
(23, 'Avatr', NULL, '2025-06-01 18:34:18', '2025-06-01 18:34:18'),
(24, 'BAIC', NULL, '2025-06-01 18:34:18', '2025-06-01 18:34:18'),
(27, 'Baojun', NULL, '2025-06-01 18:34:18', '2025-06-01 18:34:18'),
(28, 'Batmobile', NULL, '2025-06-01 18:34:18', '2025-06-01 18:34:18'),
(29, 'BAW', NULL, '2025-06-01 18:34:18', '2025-06-01 18:34:18'),
(31, 'Bentley', NULL, '2025-06-01 18:34:18', '2025-06-01 18:34:18'),
(35, 'Bitter', NULL, '2025-06-01 18:34:18', '2025-06-01 18:34:18'),
(37, 'BMW', NULL, '2025-06-01 18:34:18', '2025-06-01 18:34:18'),
(38, 'Borgward', NULL, '2025-06-01 18:34:18', '2025-06-01 18:34:18'),
(39, 'Brabus', NULL, '2025-06-01 18:34:18', '2025-06-01 18:34:18'),
(40, 'Brilliance', NULL, '2025-06-01 18:34:18', '2025-06-01 18:34:18'),
(41, 'Bristol', NULL, '2025-06-01 18:34:18', '2025-06-01 18:34:18'),
(42, 'Bufori', NULL, '2025-06-01 18:34:18', '2025-06-01 18:34:18'),
(43, 'Bugatti', NULL, '2025-06-01 18:34:18', '2025-06-01 18:34:18'),
(44, 'Buick', NULL, '2025-06-01 18:34:18', '2025-06-01 18:34:18'),
(45, 'BYD', NULL, '2025-06-01 18:34:18', '2025-06-01 18:34:18'),
(46, 'Byvin', NULL, '2025-06-01 18:34:18', '2025-06-01 18:34:18'),
(47, 'Cadillac', NULL, '2025-06-01 18:34:18', '2025-06-01 18:34:18'),
(50, 'Caterham', NULL, '2025-06-01 18:34:18', '2025-06-01 18:34:18'),
(51, 'Chana', NULL, '2025-06-01 18:34:18', '2025-06-01 18:34:18'),
(52, 'Changan', NULL, '2025-06-01 18:34:18', '2025-06-01 18:34:18'),
(53, 'Changfeng', NULL, '2025-06-01 18:34:18', '2025-06-01 18:34:18'),
(55, 'Chery', NULL, '2025-06-01 18:34:18', '2025-06-01 18:34:18'),
(56, 'Chevrolet', NULL, '2025-06-01 18:34:18', '2025-06-01 18:34:18'),
(57, 'Chrysler', NULL, '2025-06-01 18:34:18', '2025-06-01 18:34:18'),
(58, 'Ciimo (Dongfeng-Honda)', NULL, '2025-06-01 18:34:18', '2025-06-01 18:34:18'),
(59, 'Citroen', NULL, '2025-06-01 18:34:18', '2025-06-01 18:34:18'),
(64, 'Cupra', NULL, '2025-06-01 18:34:18', '2025-06-01 18:34:18'),
(65, 'Dacia', NULL, '2025-06-01 18:34:18', '2025-06-01 18:34:18'),
(66, 'Dadi', NULL, '2025-06-01 18:34:18', '2025-06-01 18:34:18'),
(67, 'Daewoo', NULL, '2025-06-01 18:34:18', '2025-06-01 18:34:18'),
(68, 'Daihatsu', NULL, '2025-06-01 18:34:18', '2025-06-01 18:34:18'),
(69, 'Daimler', NULL, '2025-06-01 18:34:18', '2025-06-01 18:34:18'),
(71, 'Datsun', NULL, '2025-06-01 18:34:18', '2025-06-01 18:34:18'),
(73, 'De Tomaso', NULL, '2025-06-01 18:34:18', '2025-06-01 18:34:18'),
(75, 'Delage', NULL, '2025-06-01 18:34:18', '2025-06-01 18:34:18'),
(77, 'Denza', NULL, '2025-06-01 18:34:18', '2025-06-01 18:34:18'),
(78, 'Derways', NULL, '2025-06-01 18:34:18', '2025-06-01 18:34:18'),
(79, 'DeSoto', NULL, '2025-06-01 18:34:18', '2025-06-01 18:34:18'),
(81, 'Dodge', NULL, '2025-06-01 18:34:18', '2025-06-01 18:34:18'),
(82, 'Dongfeng', NULL, '2025-06-01 18:34:18', '2025-06-01 18:34:18'),
(83, 'Doninvest', NULL, '2025-06-01 18:34:18', '2025-06-01 18:34:18'),
(84, 'Donkervoort', NULL, '2025-06-01 18:34:18', '2025-06-01 18:34:18'),
(85, 'DS', NULL, '2025-06-01 18:34:18', '2025-06-01 18:34:18'),
(86, 'DW Hower', NULL, '2025-06-01 18:34:18', '2025-06-01 18:34:18'),
(87, 'Eagle', NULL, '2025-06-01 18:34:18', '2025-06-01 18:34:18'),
(90, 'Enovate (Enoreve)', NULL, '2025-06-01 18:34:18', '2025-06-01 18:34:18'),
(92, 'Evolute', NULL, '2025-06-01 18:34:18', '2025-06-01 18:34:18'),
(93, 'Excalibur', NULL, '2025-06-01 18:34:18', '2025-06-01 18:34:18'),
(94, 'EXEED', NULL, '2025-06-01 18:34:18', '2025-06-01 18:34:18'),
(96, 'FAW', NULL, '2025-06-01 18:34:18', '2025-06-01 18:34:18'),
(97, 'Ferrari', NULL, '2025-06-01 18:34:18', '2025-06-01 18:34:18'),
(98, 'Fiat', NULL, '2025-06-01 18:34:18', '2025-06-01 18:34:18'),
(99, 'Fisker', NULL, '2025-06-01 18:34:18', '2025-06-01 18:34:18'),
(101, 'Ford', NULL, '2025-06-01 18:34:18', '2025-06-01 18:34:18'),
(102, 'Forthing', NULL, '2025-06-01 18:34:18', '2025-06-01 18:34:18'),
(103, 'Foton', NULL, '2025-06-01 18:34:18', '2025-06-01 18:34:18'),
(104, 'FSO', NULL, '2025-06-01 18:34:18', '2025-06-01 18:34:18'),
(106, 'GAC', NULL, '2025-06-01 18:34:18', '2025-06-01 18:34:18'),
(107, 'GAC Aion', NULL, '2025-06-01 18:34:18', '2025-06-01 18:34:18'),
(108, 'GAC Trumpchi', NULL, '2025-06-01 18:34:18', '2025-06-01 18:34:18'),
(109, 'Geely', NULL, '2025-06-01 18:34:18', '2025-06-01 18:34:18'),
(110, 'Genesis', NULL, '2025-06-01 18:34:18', '2025-06-01 18:34:18'),
(111, 'Geo', NULL, '2025-06-01 18:34:18', '2025-06-01 18:34:18'),
(112, 'GMC', NULL, '2025-06-01 18:34:18', '2025-06-01 18:34:18'),
(113, 'Goggomobil', NULL, '2025-06-01 18:34:18', '2025-06-01 18:34:18'),
(117, 'Great Wall', NULL, '2025-06-01 18:34:18', '2025-06-01 18:34:18'),
(118, 'Hafei', NULL, '2025-06-01 18:34:18', '2025-06-01 18:34:18'),
(119, 'Haima', NULL, '2025-06-01 18:34:18', '2025-06-01 18:34:18'),
(120, 'Hanomag', NULL, '2025-06-01 18:34:18', '2025-06-01 18:34:18'),
(122, 'Haval', NULL, '2025-06-01 18:34:18', '2025-06-01 18:34:18'),
(123, 'Hawtai', NULL, '2025-06-01 18:34:18', '2025-06-01 18:34:18'),
(125, 'Hennessey', NULL, '2025-06-01 18:34:18', '2025-06-01 18:34:18'),
(126, 'Hindustan', NULL, '2025-06-01 18:34:18', '2025-06-01 18:34:18'),
(127, 'HiPhi', NULL, '2025-06-01 18:34:18', '2025-06-01 18:34:18'),
(129, 'Holden', NULL, '2025-06-01 18:34:18', '2025-06-01 18:34:18'),
(130, 'Honda', NULL, '2025-06-01 18:34:18', '2025-06-01 18:34:18'),
(131, 'Hongqi', NULL, '2025-06-01 18:34:18', '2025-06-01 18:34:18'),
(132, 'Horch', NULL, '2025-06-01 18:34:18', '2025-06-01 18:34:18'),
(133, 'Hozon', NULL, '2025-06-01 18:34:18', '2025-06-01 18:34:18'),
(135, 'HuangHai', NULL, '2025-06-01 18:34:18', '2025-06-01 18:34:18'),
(137, 'Hudson', NULL, '2025-06-01 18:34:18', '2025-06-01 18:34:18'),
(138, 'Hummer', NULL, '2025-06-01 18:34:18', '2025-06-01 18:34:18'),
(139, 'Hycan', NULL, '2025-06-01 18:34:18', '2025-06-01 18:34:18'),
(140, 'Hyundai', NULL, '2025-06-01 18:34:18', '2025-06-01 18:34:18'),
(142, 'IM Motors (Zhiji)', NULL, '2025-06-01 18:34:18', '2025-06-01 18:34:18'),
(144, 'Infiniti', NULL, '2025-06-01 18:34:18', '2025-06-01 18:34:18'),
(145, 'Innocenti', NULL, '2025-06-01 18:34:18', '2025-06-01 18:34:18'),
(148, 'Iran Khodro', NULL, '2025-06-01 18:34:18', '2025-06-01 18:34:18'),
(149, 'Isdera', NULL, '2025-06-01 18:34:18', '2025-06-01 18:34:18'),
(150, 'Isuzu', NULL, '2025-06-01 18:34:18', '2025-06-01 18:34:18'),
(152, 'JAC', NULL, '2025-06-01 18:34:18', '2025-06-01 18:34:18'),
(153, 'Jaecoo', NULL, '2025-06-01 18:34:18', '2025-06-01 18:34:18'),
(154, 'Jaguar', NULL, '2025-06-01 18:34:18', '2025-06-01 18:34:18'),
(155, 'Jeep', NULL, '2025-06-01 18:34:18', '2025-06-01 18:34:18'),
(156, 'Jensen', NULL, '2025-06-01 18:34:18', '2025-06-01 18:34:18'),
(157, 'Jetour', NULL, '2025-06-01 18:34:18', '2025-06-01 18:34:18'),
(158, 'Jetta', NULL, '2025-06-01 18:34:18', '2025-06-01 18:34:18'),
(159, 'Jinbei', NULL, '2025-06-01 18:34:18', '2025-06-01 18:34:18'),
(160, 'JMC', NULL, '2025-06-01 18:34:18', '2025-06-01 18:34:18'),
(161, 'JMEV', NULL, '2025-06-01 18:34:18', '2025-06-01 18:34:18'),
(163, 'KAIYI', NULL, '2025-06-01 18:34:18', '2025-06-01 18:34:18'),
(164, 'Karma', NULL, '2025-06-01 18:34:18', '2025-06-01 18:34:18'),
(165, 'Kawei', NULL, '2025-06-01 18:34:18', '2025-06-01 18:34:18'),
(166, 'KG Mobility', NULL, '2025-06-01 18:34:18', '2025-06-01 18:34:18'),
(167, 'Kia', NULL, '2025-06-01 18:34:18', '2025-06-01 18:34:18'),
(168, 'Koenigsegg', NULL, '2025-06-01 18:34:18', '2025-06-01 18:34:18'),
(171, 'Lada (ВАЗ)', NULL, '2025-06-01 18:34:18', '2025-06-01 18:34:18'),
(172, 'Lamborghini', NULL, '2025-06-01 18:34:18', '2025-06-01 18:34:18'),
(173, 'Lancia', NULL, '2025-06-01 18:34:18', '2025-06-01 18:34:18'),
(174, 'Land Rover', NULL, '2025-06-01 18:34:18', '2025-06-01 18:34:18'),
(175, 'Landwind', NULL, '2025-06-01 18:34:18', '2025-06-01 18:34:18'),
(176, 'Leapmotor', NULL, '2025-06-01 18:34:18', '2025-06-01 18:34:18'),
(177, 'Lexus', NULL, '2025-06-01 18:34:18', '2025-06-01 18:34:18'),
(179, 'Lifan', NULL, '2025-06-01 18:34:18', '2025-06-01 18:34:18'),
(181, 'Lincoln', NULL, '2025-06-01 18:34:18', '2025-06-01 18:34:18'),
(182, 'Livan', NULL, '2025-06-01 18:34:18', '2025-06-01 18:34:18'),
(183, 'LiXiang', NULL, '2025-06-01 18:34:18', '2025-06-01 18:34:18'),
(185, 'Lotus', NULL, '2025-06-01 18:34:18', '2025-06-01 18:34:18'),
(189, 'Luxgen', NULL, '2025-06-01 18:34:18', '2025-06-01 18:34:18'),
(190, 'Lynk & Co', NULL, '2025-06-01 18:34:18', '2025-06-01 18:34:18'),
(191, 'Mahindra', NULL, '2025-06-01 18:34:18', '2025-06-01 18:34:18'),
(192, 'Marcos', NULL, '2025-06-01 18:34:18', '2025-06-01 18:34:18'),
(193, 'Marlin', NULL, '2025-06-01 18:34:18', '2025-06-01 18:34:18'),
(194, 'Marussia', NULL, '2025-06-01 18:34:18', '2025-06-01 18:34:18'),
(195, 'Maruti', NULL, '2025-06-01 18:34:18', '2025-06-01 18:34:18'),
(196, 'Maserati', NULL, '2025-06-01 18:34:18', '2025-06-01 18:34:18'),
(198, 'Maxus', NULL, '2025-06-01 18:34:18', '2025-06-01 18:34:18'),
(199, 'Maybach', NULL, '2025-06-01 18:34:18', '2025-06-01 18:34:18'),
(200, 'Mazda', NULL, '2025-06-01 18:34:18', '2025-06-01 18:34:18'),
(201, 'McLaren', NULL, '2025-06-01 18:34:18', '2025-06-01 18:34:18'),
(202, 'Mega', NULL, '2025-06-01 18:34:18', '2025-06-01 18:34:18'),
(203, 'Mercedes-Benz', NULL, '2025-06-01 18:34:18', '2025-06-01 18:34:18'),
(204, 'Mercury', NULL, '2025-06-01 18:34:18', '2025-06-01 18:34:18'),
(206, 'Metrocab', NULL, '2025-06-01 18:34:18', '2025-06-01 18:34:18'),
(207, 'MG', NULL, '2025-06-01 18:34:18', '2025-06-01 18:34:18'),
(209, 'Microcar', NULL, '2025-06-01 18:34:18', '2025-06-01 18:34:18'),
(211, 'Mini', NULL, '2025-06-01 18:34:18', '2025-06-01 18:34:18'),
(212, 'Mitsubishi', NULL, '2025-06-01 18:34:18', '2025-06-01 18:34:18'),
(213, 'Mitsuoka', NULL, '2025-06-01 18:34:18', '2025-06-01 18:34:18'),
(215, 'Morgan', NULL, '2025-06-01 18:34:18', '2025-06-01 18:34:18'),
(216, 'Morris', NULL, '2025-06-01 18:34:18', '2025-06-01 18:34:18'),
(218, 'Nio', NULL, '2025-06-01 18:34:18', '2025-06-01 18:34:18'),
(219, 'Nissan', NULL, '2025-06-01 18:34:18', '2025-06-01 18:34:18'),
(220, 'Noble', NULL, '2025-06-01 18:34:18', '2025-06-01 18:34:18'),
(221, 'Oldsmobile', NULL, '2025-06-01 18:34:18', '2025-06-01 18:34:18'),
(222, 'OMODA', NULL, '2025-06-01 18:34:18', '2025-06-01 18:34:18'),
(223, 'Opel', NULL, '2025-06-01 18:34:18', '2025-06-01 18:34:18'),
(224, 'Ora', NULL, '2025-06-01 18:34:18', '2025-06-01 18:34:18'),
(226, 'Oshan', NULL, '2025-06-01 18:34:18', '2025-06-01 18:34:18'),
(229, 'Packard', NULL, '2025-06-01 18:34:18', '2025-06-01 18:34:18'),
(230, 'Pagani', NULL, '2025-06-01 18:34:18', '2025-06-01 18:34:18'),
(231, 'Panoz', NULL, '2025-06-01 18:34:18', '2025-06-01 18:34:18'),
(232, 'Perodua', NULL, '2025-06-01 18:34:18', '2025-06-01 18:34:18'),
(233, 'Peugeot', NULL, '2025-06-01 18:34:18', '2025-06-01 18:34:18'),
(234, 'PGO', NULL, '2025-06-01 18:34:18', '2025-06-01 18:34:18'),
(237, 'Plymouth', NULL, '2025-06-01 18:34:18', '2025-06-01 18:34:18'),
(239, 'Polestar', NULL, '2025-06-01 18:34:18', '2025-06-01 18:34:18'),
(240, 'Pontiac', NULL, '2025-06-01 18:34:18', '2025-06-01 18:34:18'),
(241, 'Porsche', NULL, '2025-06-01 18:34:18', '2025-06-01 18:34:18'),
(242, 'Premier', NULL, '2025-06-01 18:34:18', '2025-06-01 18:34:18'),
(243, 'Proton', NULL, '2025-06-01 18:34:18', '2025-06-01 18:34:18'),
(244, 'Puch', NULL, '2025-06-01 18:34:18', '2025-06-01 18:34:18'),
(245, 'Puma', NULL, '2025-06-01 18:34:18', '2025-06-01 18:34:18'),
(248, 'Qiyuan', NULL, '2025-06-01 18:34:18', '2025-06-01 18:34:18'),
(249, 'Qoros', NULL, '2025-06-01 18:34:18', '2025-06-01 18:34:18'),
(252, 'Ram', NULL, '2025-06-01 18:34:18', '2025-06-01 18:34:18'),
(253, 'Ravon', NULL, '2025-06-01 18:34:18', '2025-06-01 18:34:18'),
(256, 'Renault', NULL, '2025-06-01 18:34:18', '2025-06-01 18:34:18'),
(257, 'Renault Samsung', NULL, '2025-06-01 18:34:18', '2025-06-01 18:34:18'),
(258, 'Rezvani', NULL, '2025-06-01 18:34:18', '2025-06-01 18:34:18'),
(259, 'Rimac', NULL, '2025-06-01 18:34:18', '2025-06-01 18:34:18'),
(261, 'Rising Auto', NULL, '2025-06-01 18:34:18', '2025-06-01 18:34:18'),
(262, 'Rivian', NULL, '2025-06-01 18:34:18', '2025-06-01 18:34:18'),
(263, 'Roewe', NULL, '2025-06-01 18:34:18', '2025-06-01 18:34:18'),
(264, 'Rolls-Royce', NULL, '2025-06-01 18:34:18', '2025-06-01 18:34:18'),
(267, 'Rover', NULL, '2025-06-01 18:34:18', '2025-06-01 18:34:18'),
(268, 'Saab', NULL, '2025-06-01 18:34:18', '2025-06-01 18:34:18'),
(269, 'Saipa', NULL, '2025-06-01 18:34:18', '2025-06-01 18:34:18'),
(270, 'Saleen', NULL, '2025-06-01 18:34:18', '2025-06-01 18:34:18'),
(272, 'Saturn', NULL, '2025-06-01 18:34:18', '2025-06-01 18:34:18'),
(273, 'Scion', NULL, '2025-06-01 18:34:18', '2025-06-01 18:34:18'),
(275, 'SEAT', NULL, '2025-06-01 18:34:18', '2025-06-01 18:34:18'),
(277, 'Seres Aito', NULL, '2025-06-01 18:34:18', '2025-06-01 18:34:18'),
(278, 'Shanghai Maple', NULL, '2025-06-01 18:34:18', '2025-06-01 18:34:18'),
(279, 'ShuangHuan', NULL, '2025-06-01 18:34:18', '2025-06-01 18:34:18'),
(280, 'Simca', NULL, '2025-06-01 18:34:18', '2025-06-01 18:34:18'),
(281, 'Skoda', NULL, '2025-06-01 18:34:18', '2025-06-01 18:34:18'),
(282, 'Skywell', NULL, '2025-06-01 18:34:18', '2025-06-01 18:34:18'),
(284, 'Smart', NULL, '2025-06-01 18:34:18', '2025-06-01 18:34:18'),
(285, 'Solaris', NULL, '2025-06-01 18:34:18', '2025-06-01 18:34:18'),
(287, 'Soueast', NULL, '2025-06-01 18:34:18', '2025-06-01 18:34:18'),
(289, 'Spyker', NULL, '2025-06-01 18:34:18', '2025-06-01 18:34:18'),
(290, 'SsangYong', NULL, '2025-06-01 18:34:18', '2025-06-01 18:34:18'),
(293, 'Subaru', NULL, '2025-06-01 18:34:18', '2025-06-01 18:34:18'),
(294, 'Suzuki', NULL, '2025-06-01 18:34:18', '2025-06-01 18:34:18'),
(295, 'SWM', NULL, '2025-06-01 18:34:18', '2025-06-01 18:34:18'),
(296, 'Talbot', NULL, '2025-06-01 18:34:18', '2025-06-01 18:34:18'),
(297, 'Tank', NULL, '2025-06-01 18:34:18', '2025-06-01 18:34:18'),
(298, 'Tata', NULL, '2025-06-01 18:34:18', '2025-06-01 18:34:18'),
(299, 'Tatra', NULL, '2025-06-01 18:34:18', '2025-06-01 18:34:18'),
(301, 'Tesla', NULL, '2025-06-01 18:34:18', '2025-06-01 18:34:18'),
(304, 'Tianma', NULL, '2025-06-01 18:34:18', '2025-06-01 18:34:18'),
(306, 'Tofas', NULL, '2025-06-01 18:34:18', '2025-06-01 18:34:18'),
(307, 'Toyota', NULL, '2025-06-01 18:34:18', '2025-06-01 18:34:18'),
(308, 'Trabant', NULL, '2025-06-01 18:34:18', '2025-06-01 18:34:18'),
(310, 'Triumph', NULL, '2025-06-01 18:34:18', '2025-06-01 18:34:18'),
(311, 'TVR', NULL, '2025-06-01 18:34:18', '2025-06-01 18:34:18'),
(312, 'Ultima', NULL, '2025-06-01 18:34:18', '2025-06-01 18:34:18'),
(313, 'Vauxhall', NULL, '2025-06-01 18:34:18', '2025-06-01 18:34:18'),
(314, 'Vector', NULL, '2025-06-01 18:34:18', '2025-06-01 18:34:18'),
(315, 'Venturi', NULL, '2025-06-01 18:34:18', '2025-06-01 18:34:18'),
(316, 'Venucia', NULL, '2025-06-01 18:34:18', '2025-06-01 18:34:18'),
(317, 'VGV', NULL, '2025-06-01 18:34:18', '2025-06-01 18:34:18'),
(318, 'VinFast', NULL, '2025-06-01 18:34:18', '2025-06-01 18:34:18'),
(319, 'Volkswagen', NULL, '2025-06-01 18:34:18', '2025-06-01 18:34:18'),
(320, 'Volvo', NULL, '2025-06-01 18:34:18', '2025-06-01 18:34:18'),
(321, 'Vortex', NULL, '2025-06-01 18:34:18', '2025-06-01 18:34:18'),
(322, 'Voyah', NULL, '2025-06-01 18:34:18', '2025-06-01 18:34:18'),
(324, 'W Motors', NULL, '2025-06-01 18:34:18', '2025-06-01 18:34:18'),
(325, 'Wanderer', NULL, '2025-06-01 18:34:18', '2025-06-01 18:34:18'),
(326, 'Wartburg', NULL, '2025-06-01 18:34:18', '2025-06-01 18:34:18'),
(327, 'Weltmeister', NULL, '2025-06-01 18:34:18', '2025-06-01 18:34:18'),
(328, 'Westfield', NULL, '2025-06-01 18:34:18', '2025-06-01 18:34:18'),
(329, 'Wey', NULL, '2025-06-01 18:34:18', '2025-06-01 18:34:18'),
(330, 'Wiesmann', NULL, '2025-06-01 18:34:18', '2025-06-01 18:34:18'),
(331, 'Willys', NULL, '2025-06-01 18:34:18', '2025-06-01 18:34:18'),
(332, 'Wuling', NULL, '2025-06-01 18:34:18', '2025-06-01 18:34:18'),
(337, 'Xin Kai', NULL, '2025-06-01 18:34:18', '2025-06-01 18:34:18'),
(338, 'Xpeng', NULL, '2025-06-01 18:34:18', '2025-06-01 18:34:18'),
(342, 'Zastava', NULL, '2025-06-01 18:34:18', '2025-06-01 18:34:18'),
(343, 'Zeekr', NULL, '2025-06-01 18:34:18', '2025-06-01 18:34:18'),
(345, 'Zenvo', NULL, '2025-06-01 18:34:18', '2025-06-01 18:34:18'),
(347, 'Zotye', NULL, '2025-06-01 18:34:18', '2025-06-01 18:34:18'),
(348, 'ZX', NULL, '2025-06-01 18:34:18', '2025-06-01 18:34:18'),
(349, 'Автокам', NULL, '2025-06-01 18:34:18', '2025-06-01 18:34:18'),
(352, 'ГАЗ', NULL, '2025-06-01 18:34:18', '2025-06-01 18:34:18'),
(354, 'ЗАЗ', NULL, '2025-06-01 18:34:18', '2025-06-01 18:34:18'),
(355, 'ЗИЛ', NULL, '2025-06-01 18:34:18', '2025-06-01 18:34:18'),
(356, 'ЗиС', NULL, '2025-06-01 18:34:18', '2025-06-01 18:34:18'),
(357, 'Иж', NULL, '2025-06-01 18:34:18', '2025-06-01 18:34:18'),
(360, 'ЛуАЗ', NULL, '2025-06-01 18:34:18', '2025-06-01 18:34:18'),
(361, 'Москвич', NULL, '2025-06-01 18:34:18', '2025-06-01 18:34:18'),
(363, 'СМЗ', NULL, '2025-06-01 18:34:18', '2025-06-01 18:34:18'),
(364, 'Спортивные авто и реплики', NULL, '2025-06-01 18:34:18', '2025-06-01 18:34:18'),
(365, 'ТагАЗ', NULL, '2025-06-01 18:34:18', '2025-06-01 18:34:18'),
(366, 'УАЗ', NULL, '2025-06-01 18:34:18', '2025-06-01 18:34:18');

-- --------------------------------------------------------

--
-- Структура таблицы `car_mark_model_countries`
--

CREATE TABLE `car_mark_model_countries` (
  `id` bigint(20) UNSIGNED NOT NULL,
  `mark_id` bigint(20) UNSIGNED NOT NULL,
  `model_id` bigint(20) UNSIGNED NOT NULL,
  `country_id` bigint(20) UNSIGNED NOT NULL,
  `created_at` timestamp NULL DEFAULT NULL,
  `updated_at` timestamp NULL DEFAULT NULL
) ENGINE=InnoDB DEFAULT CHARSET=utf8mb4 COLLATE=utf8mb4_unicode_ci;

--
-- Дамп данных таблицы `car_mark_model_countries`
--

INSERT INTO `car_mark_model_countries` (`id`, `mark_id`, `model_id`, `country_id`, `created_at`, `updated_at`) VALUES
(1, 1, 350, 5, '2025-06-01 18:34:18', '2025-06-01 18:34:18'),
(2, 1, 434, 5, '2025-06-01 18:34:18', '2025-06-01 18:34:18'),
(3, 2, 3157, 38, '2025-06-01 18:34:18', '2025-06-01 18:34:18'),
(4, 3, 3219, 7, '2025-06-01 18:34:18', '2025-06-01 18:34:18'),
(5, 4, 3258, 14, '2025-06-01 18:34:18', '2025-06-01 18:34:18'),
(6, 5, 63, 13, '2025-06-01 18:34:18', '2025-06-01 18:34:18'),
(7, 6, 1057, 7, '2025-06-01 18:34:18', '2025-06-01 18:34:18'),
(8, 7, 418, 32, '2025-06-01 18:34:18', '2025-06-01 18:34:18'),
(9, 9, 2585, 24, '2025-06-01 18:34:18', '2025-06-01 18:34:18'),
(10, 11, 476, 14, '2025-06-01 18:34:18', '2025-06-01 18:34:18'),
(11, 12, 2315, 5, '2025-06-01 18:34:18', '2025-06-01 18:34:18'),
(12, 13, 21, 23, '2025-06-01 18:34:18', '2025-06-01 18:34:18'),
(13, 14, 2649, 37, '2025-06-01 18:34:18', '2025-06-01 18:34:18'),
(14, 15, 1046, 5, '2025-06-01 18:34:18', '2025-06-01 18:34:18'),
(15, 15, 3368, 5, '2025-06-01 18:34:18', '2025-06-01 18:34:18'),
(16, 17, 73, 7, '2025-06-01 18:34:18', '2025-06-01 18:34:18'),
(17, 17, 419, 7, '2025-06-01 18:34:18', '2025-06-01 18:34:18'),
(18, 17, 422, 7, '2025-06-01 18:34:18', '2025-06-01 18:34:18'),
(19, 18, 2794, 22, '2025-06-01 18:34:18', '2025-06-01 18:34:18'),
(20, 19, 489, 5, '2025-06-01 18:34:18', '2025-06-01 18:34:18'),
(21, 19, 2478, 5, '2025-06-01 18:34:18', '2025-06-01 18:34:18'),
(22, 20, 231, 5, '2025-06-01 18:34:18', '2025-06-01 18:34:18'),
(23, 23, 12, 14, '2025-06-01 18:34:18', '2025-06-01 18:34:18'),
(24, 24, 667, 14, '2025-06-01 18:34:18', '2025-06-01 18:34:18'),
(25, 27, 1896, 14, '2025-06-01 18:34:18', '2025-06-01 18:34:18'),
(26, 28, 198, 26, '2025-06-01 18:34:18', '2025-06-01 18:34:18'),
(27, 29, 433, 14, '2025-06-01 18:34:18', '2025-06-01 18:34:18'),
(28, 31, 593, 5, '2025-06-01 18:34:18', '2025-06-01 18:34:18'),
(29, 31, 2560, 5, '2025-06-01 18:34:18', '2025-06-01 18:34:18'),
(30, 31, 3233, 5, '2025-06-01 18:34:18', '2025-06-01 18:34:18'),
(31, 35, 3250, 7, '2025-06-01 18:34:18', '2025-06-01 18:34:18'),
(32, 37, 250, 7, '2025-06-01 18:34:18', '2025-06-01 18:34:18'),
(33, 37, 3600, 7, '2025-06-01 18:34:18', '2025-06-01 18:34:18'),
(34, 38, 730, 7, '2025-06-01 18:34:18', '2025-06-01 18:34:18'),
(35, 39, 1156, 7, '2025-06-01 18:34:18', '2025-06-01 18:34:18'),
(36, 39, 2202, 7, '2025-06-01 18:34:18', '2025-06-01 18:34:18'),
(37, 40, 2073, 14, '2025-06-01 18:34:18', '2025-06-01 18:34:18'),
(38, 41, 683, 5, '2025-06-01 18:34:18', '2025-06-01 18:34:18'),
(39, 42, 1934, 16, '2025-06-01 18:34:18', '2025-06-01 18:34:18'),
(40, 43, 1126, 32, '2025-06-01 18:34:18', '2025-06-01 18:34:18'),
(41, 43, 1176, 32, '2025-06-01 18:34:18', '2025-06-01 18:34:18'),
(42, 44, 838, 26, '2025-06-01 18:34:18', '2025-06-01 18:34:18'),
(43, 45, 1106, 14, '2025-06-01 18:34:18', '2025-06-01 18:34:18'),
(44, 45, 3583, 14, '2025-06-01 18:34:18', '2025-06-01 18:34:18'),
(45, 46, 625, 14, '2025-06-01 18:34:18', '2025-06-01 18:34:18'),
(46, 47, 553, 26, '2025-06-01 18:34:18', '2025-06-01 18:34:18'),
(47, 50, 1004, 5, '2025-06-01 18:34:18', '2025-06-01 18:34:18'),
(48, 51, 2764, 14, '2025-06-01 18:34:18', '2025-06-01 18:34:18'),
(49, 52, 480, 14, '2025-06-01 18:34:18', '2025-06-01 18:34:18'),
(50, 52, 3268, 14, '2025-06-01 18:34:18', '2025-06-01 18:34:18'),
(51, 52, 3579, 14, '2025-06-01 18:34:18', '2025-06-01 18:34:18'),
(52, 53, 2006, 14, '2025-06-01 18:34:18', '2025-06-01 18:34:18'),
(53, 55, 521, 14, '2025-06-01 18:34:18', '2025-06-01 18:34:18'),
(54, 55, 524, 14, '2025-06-01 18:34:18', '2025-06-01 18:34:18'),
(55, 56, 500, 26, '2025-06-01 18:34:18', '2025-06-01 18:34:18'),
(56, 56, 3383, 26, '2025-06-01 18:34:18', '2025-06-01 18:34:18'),
(57, 56, 541, 8, '2025-06-01 18:34:18', '2025-06-01 18:34:18'),
(58, 57, 73, 26, '2025-06-01 18:34:18', '2025-06-01 18:34:18'),
(59, 57, 3371, 26, '2025-06-01 18:34:18', '2025-06-01 18:34:18'),
(60, 58, 3546, 14, '2025-06-01 18:34:18', '2025-06-01 18:34:18'),
(61, 59, 492, 32, '2025-06-01 18:34:18', '2025-06-01 18:34:18'),
(62, 59, 3544, 32, '2025-06-01 18:34:18', '2025-06-01 18:34:18'),
(63, 59, 3622, 32, '2025-06-01 18:34:18', '2025-06-01 18:34:18'),
(64, 64, 703, 12, '2025-06-01 18:34:18', '2025-06-01 18:34:18'),
(65, 65, 190, 23, '2025-06-01 18:34:18', '2025-06-01 18:34:18'),
(66, 65, 3017, 23, '2025-06-01 18:34:18', '2025-06-01 18:34:18'),
(67, 66, 2834, 14, '2025-06-01 18:34:18', '2025-06-01 18:34:18'),
(68, 67, 507, 37, '2025-06-01 18:34:18', '2025-06-01 18:34:18'),
(69, 67, 1296, 37, '2025-06-01 18:34:18', '2025-06-01 18:34:18'),
(70, 68, 503, 38, '2025-06-01 18:34:18', '2025-06-01 18:34:18'),
(71, 68, 630, 38, '2025-06-01 18:34:18', '2025-06-01 18:34:18'),
(72, 69, 2612, 5, '2025-06-01 18:34:18', '2025-06-01 18:34:18'),
(73, 69, 3474, 5, '2025-06-01 18:34:18', '2025-06-01 18:34:18'),
(74, 69, 3535, 5, '2025-06-01 18:34:18', '2025-06-01 18:34:18'),
(75, 71, 310, 38, '2025-06-01 18:34:18', '2025-06-01 18:34:18'),
(76, 73, 2395, 13, '2025-06-01 18:34:18', '2025-06-01 18:34:18'),
(77, 75, 1058, 32, '2025-06-01 18:34:18', '2025-06-01 18:34:18'),
(78, 77, 2278, 14, '2025-06-01 18:34:18', '2025-06-01 18:34:18'),
(79, 78, 561, 22, '2025-06-01 18:34:18', '2025-06-01 18:34:18'),
(80, 78, 2446, 22, '2025-06-01 18:34:18', '2025-06-01 18:34:18'),
(81, 79, 1101, 26, '2025-06-01 18:34:18', '2025-06-01 18:34:18'),
(82, 81, 511, 26, '2025-06-01 18:34:18', '2025-06-01 18:34:18'),
(83, 81, 795, 26, '2025-06-01 18:34:18', '2025-06-01 18:34:18'),
(84, 81, 850, 26, '2025-06-01 18:34:18', '2025-06-01 18:34:18'),
(85, 82, 145, 14, '2025-06-01 18:34:18', '2025-06-01 18:34:18'),
(86, 82, 443, 14, '2025-06-01 18:34:18', '2025-06-01 18:34:18'),
(87, 82, 446, 14, '2025-06-01 18:34:18', '2025-06-01 18:34:18'),
(88, 83, 1908, 22, '2025-06-01 18:34:18', '2025-06-01 18:34:18'),
(89, 84, 1063, 18, '2025-06-01 18:34:18', '2025-06-01 18:34:18'),
(90, 84, 1066, 18, '2025-06-01 18:34:18', '2025-06-01 18:34:18'),
(91, 85, 319, 32, '2025-06-01 18:34:18', '2025-06-01 18:34:18'),
(92, 85, 387, 32, '2025-06-01 18:34:18', '2025-06-01 18:34:18'),
(93, 86, 1663, 22, '2025-06-01 18:34:18', '2025-06-01 18:34:18'),
(94, 87, 3004, 26, '2025-06-01 18:34:18', '2025-06-01 18:34:18'),
(95, 87, 3376, 26, '2025-06-01 18:34:18', '2025-06-01 18:34:18'),
(96, 90, 2147, 14, '2025-06-01 18:34:18', '2025-06-01 18:34:18'),
(97, 92, 1756, 22, '2025-06-01 18:34:18', '2025-06-01 18:34:18'),
(98, 92, 1802, 22, '2025-06-01 18:34:18', '2025-06-01 18:34:18'),
(99, 93, 2814, 26, '2025-06-01 18:34:18', '2025-06-01 18:34:18'),
(100, 94, 2054, 14, '2025-06-01 18:34:18', '2025-06-01 18:34:18'),
(101, 94, 3243, 14, '2025-06-01 18:34:18', '2025-06-01 18:34:18'),
(102, 96, 643, 14, '2025-06-01 18:34:18', '2025-06-01 18:34:18'),
(103, 96, 646, 14, '2025-06-01 18:34:18', '2025-06-01 18:34:18'),
(104, 96, 649, 14, '2025-06-01 18:34:18', '2025-06-01 18:34:18'),
(105, 97, 294, 13, '2025-06-01 18:34:18', '2025-06-01 18:34:18'),
(106, 97, 87, 13, '2025-06-01 18:34:18', '2025-06-01 18:34:18'),
(107, 97, 107, 13, '2025-06-01 18:34:18', '2025-06-01 18:34:18'),
(108, 98, 265, 13, '2025-06-01 18:34:18', '2025-06-01 18:34:18'),
(109, 98, 56, 13, '2025-06-01 18:34:18', '2025-06-01 18:34:18'),
(110, 98, 59, 13, '2025-06-01 18:34:18', '2025-06-01 18:34:18'),
(111, 99, 2334, 26, '2025-06-01 18:34:18', '2025-06-01 18:34:18'),
(112, 101, 497, 26, '2025-06-01 18:34:18', '2025-06-01 18:34:18'),
(113, 101, 718, 26, '2025-06-01 18:34:18', '2025-06-01 18:34:18'),
(114, 101, 908, 26, '2025-06-01 18:34:18', '2025-06-01 18:34:18'),
(115, 102, 2015, 14, '2025-06-01 18:34:18', '2025-06-01 18:34:18'),
(116, 102, 3042, 14, '2025-06-01 18:34:18', '2025-06-01 18:34:18'),
(117, 102, 3569, 14, '2025-06-01 18:34:18', '2025-06-01 18:34:18'),
(118, 103, 2118, 14, '2025-06-01 18:34:18', '2025-06-01 18:34:18'),
(119, 103, 3230, 14, '2025-06-01 18:34:18', '2025-06-01 18:34:18'),
(120, 104, 268, 21, '2025-06-01 18:34:18', '2025-06-01 18:34:18'),
(121, 104, 1958, 21, '2025-06-01 18:34:18', '2025-06-01 18:34:18'),
(122, 106, 1626, 14, '2025-06-01 18:34:18', '2025-06-01 18:34:18'),
(123, 106, 2080, 14, '2025-06-01 18:34:18', '2025-06-01 18:34:18'),
(124, 107, 1720, 14, '2025-06-01 18:34:18', '2025-06-01 18:34:18'),
(125, 107, 3567, 14, '2025-06-01 18:34:18', '2025-06-01 18:34:18'),
(126, 108, 1170, 14, '2025-06-01 18:34:18', '2025-06-01 18:34:18'),
(127, 108, 1285, 14, '2025-06-01 18:34:18', '2025-06-01 18:34:18'),
(128, 108, 1520, 14, '2025-06-01 18:34:18', '2025-06-01 18:34:18'),
(129, 109, 549, 14, '2025-06-01 18:34:18', '2025-06-01 18:34:18'),
(130, 109, 660, 14, '2025-06-01 18:34:18', '2025-06-01 18:34:18'),
(131, 109, 663, 14, '2025-06-01 18:34:18', '2025-06-01 18:34:18'),
(132, 110, 1515, 37, '2025-06-01 18:34:18', '2025-06-01 18:34:18'),
(133, 110, 1646, 37, '2025-06-01 18:34:18', '2025-06-01 18:34:18'),
(134, 111, 2486, 26, '2025-06-01 18:34:18', '2025-06-01 18:34:18'),
(135, 111, 3190, 26, '2025-06-01 18:34:18', '2025-06-01 18:34:18'),
(136, 112, 428, 26, '2025-06-01 18:34:18', '2025-06-01 18:34:18'),
(137, 112, 1713, 26, '2025-06-01 18:34:18', '2025-06-01 18:34:18'),
(138, 112, 2758, 26, '2025-06-01 18:34:18', '2025-06-01 18:34:18'),
(139, 113, 3220, 7, '2025-06-01 18:34:18', '2025-06-01 18:34:18'),
(140, 117, 969, 14, '2025-06-01 18:34:18', '2025-06-01 18:34:18'),
(141, 117, 1697, 14, '2025-06-01 18:34:18', '2025-06-01 18:34:18'),
(142, 117, 1700, 14, '2025-06-01 18:34:18', '2025-06-01 18:34:18'),
(143, 118, 2182, 14, '2025-06-01 18:34:18', '2025-06-01 18:34:18'),
(144, 118, 2841, 14, '2025-06-01 18:34:18', '2025-06-01 18:34:18'),
(145, 119, 3, 14, '2025-06-01 18:34:18', '2025-06-01 18:34:18'),
(146, 119, 394, 14, '2025-06-01 18:34:18', '2025-06-01 18:34:18'),
(147, 119, 1164, 14, '2025-06-01 18:34:18', '2025-06-01 18:34:18'),
(148, 120, 3244, 7, '2025-06-01 18:34:18', '2025-06-01 18:34:18'),
(149, 122, 1070, 14, '2025-06-01 18:34:18', '2025-06-01 18:34:18'),
(150, 122, 1380, 14, '2025-06-01 18:34:18', '2025-06-01 18:34:18'),
(151, 122, 1659, 14, '2025-06-01 18:34:18', '2025-06-01 18:34:18'),
(152, 123, 692, 14, '2025-06-01 18:34:18', '2025-06-01 18:34:18'),
(153, 125, 3327, 26, '2025-06-01 18:34:18', '2025-06-01 18:34:18'),
(154, 126, 930, 10, '2025-06-01 18:34:18', '2025-06-01 18:34:18'),
(155, 127, 3566, 14, '2025-06-01 18:34:18', '2025-06-01 18:34:18'),
(156, 129, 541, 1, '2025-06-01 18:34:18', '2025-06-01 18:34:18'),
(157, 129, 790, 1, '2025-06-01 18:34:18', '2025-06-01 18:34:18'),
(158, 129, 1477, 1, '2025-06-01 18:34:18', '2025-06-01 18:34:18'),
(159, 130, 431, 38, '2025-06-01 18:34:18', '2025-06-01 18:34:18'),
(160, 130, 534, 38, '2025-06-01 18:34:18', '2025-06-01 18:34:18'),
(161, 130, 613, 38, '2025-06-01 18:34:18', '2025-06-01 18:34:18'),
(162, 131, 1198, 14, '2025-06-01 18:34:18', '2025-06-01 18:34:18'),
(163, 131, 1663, 14, '2025-06-01 18:34:18', '2025-06-01 18:34:18'),
(164, 131, 1670, 14, '2025-06-01 18:34:18', '2025-06-01 18:34:18'),
(165, 132, 167, 7, '2025-06-01 18:34:18', '2025-06-01 18:34:18'),
(166, 133, 2296, 14, '2025-06-01 18:34:18', '2025-06-01 18:34:18'),
(167, 133, 2299, 14, '2025-06-01 18:34:18', '2025-06-01 18:34:18'),
(168, 135, 1954, 14, '2025-06-01 18:34:18', '2025-06-01 18:34:18'),
(169, 137, 3015, 26, '2025-06-01 18:34:18', '2025-06-01 18:34:18'),
(170, 138, 1656, 26, '2025-06-01 18:34:18', '2025-06-01 18:34:18'),
(171, 139, 411, 14, '2025-06-01 18:34:18', '2025-06-01 18:34:18'),
(172, 140, 537, 37, '2025-06-01 18:34:18', '2025-06-01 18:34:18'),
(173, 140, 571, 37, '2025-06-01 18:34:18', '2025-06-01 18:34:18'),
(174, 140, 809, 37, '2025-06-01 18:34:18', '2025-06-01 18:34:18'),
(175, 142, 2032, 14, '2025-06-01 18:34:18', '2025-06-01 18:34:18'),
(176, 144, 1497, 38, '2025-06-01 18:34:18', '2025-06-01 18:34:18'),
(177, 144, 1816, 38, '2025-06-01 18:34:18', '2025-06-01 18:34:18'),
(178, 144, 2512, 38, '2025-06-01 18:34:18', '2025-06-01 18:34:18'),
(179, 145, 2176, 13, '2025-06-01 18:34:18', '2025-06-01 18:34:18'),
(180, 148, 1104, 11, '2025-06-01 18:34:18', '2025-06-01 18:34:18'),
(181, 148, 2734, 11, '2025-06-01 18:34:18', '2025-06-01 18:34:18'),
(182, 148, 2907, 11, '2025-06-01 18:34:18', '2025-06-01 18:34:18'),
(183, 149, 1764, 7, '2025-06-01 18:34:18', '2025-06-01 18:34:18'),
(184, 150, 494, 38, '2025-06-01 18:34:18', '2025-06-01 18:34:18'),
(185, 150, 586, 38, '2025-06-01 18:34:18', '2025-06-01 18:34:18'),
(186, 150, 1127, 38, '2025-06-01 18:34:18', '2025-06-01 18:34:18'),
(187, 152, 1750, 14, '2025-06-01 18:34:18', '2025-06-01 18:34:18'),
(188, 152, 1753, 14, '2025-06-01 18:34:18', '2025-06-01 18:34:18'),
(189, 152, 1819, 14, '2025-06-01 18:34:18', '2025-06-01 18:34:18'),
(190, 153, 1824, 14, '2025-06-01 18:34:18', '2025-06-01 18:34:18'),
(191, 154, 1315, 5, '2025-06-01 18:34:18', '2025-06-01 18:34:18'),
(192, 154, 1792, 5, '2025-06-01 18:34:18', '2025-06-01 18:34:18'),
(193, 154, 3000, 5, '2025-06-01 18:34:18', '2025-06-01 18:34:18'),
(194, 155, 854, 26, '2025-06-01 18:34:18', '2025-06-01 18:34:18'),
(195, 155, 919, 26, '2025-06-01 18:34:18', '2025-06-01 18:34:18'),
(196, 155, 1600, 26, '2025-06-01 18:34:18', '2025-06-01 18:34:18'),
(197, 156, 3022, 5, '2025-06-01 18:34:18', '2025-06-01 18:34:18'),
(198, 157, 2823, 14, '2025-06-01 18:34:18', '2025-06-01 18:34:18'),
(199, 157, 3492, 14, '2025-06-01 18:34:18', '2025-06-01 18:34:18'),
(200, 157, 3497, 14, '2025-06-01 18:34:18', '2025-06-01 18:34:18'),
(201, 158, 3396, 14, '2025-06-01 18:34:18', '2025-06-01 18:34:18'),
(202, 159, 1672, 14, '2025-06-01 18:34:18', '2025-06-01 18:34:18'),
(203, 160, 1069, 14, '2025-06-01 18:34:18', '2025-06-01 18:34:18'),
(204, 160, 3590, 14, '2025-06-01 18:34:18', '2025-06-01 18:34:18'),
(205, 161, 1628, 14, '2025-06-01 18:34:18', '2025-06-01 18:34:18'),
(206, 163, 3471, 14, '2025-06-01 18:34:18', '2025-06-01 18:34:18'),
(207, 164, 2625, 26, '2025-06-01 18:34:18', '2025-06-01 18:34:18'),
(208, 165, 1856, 14, '2025-06-01 18:34:18', '2025-06-01 18:34:18'),
(209, 166, 2630, 37, '2025-06-01 18:34:18', '2025-06-01 18:34:18'),
(210, 166, 3169, 37, '2025-06-01 18:34:18', '2025-06-01 18:34:18'),
(211, 167, 704, 37, '2025-06-01 18:34:18', '2025-06-01 18:34:18'),
(212, 167, 797, 37, '2025-06-01 18:34:18', '2025-06-01 18:34:18'),
(213, 167, 824, 37, '2025-06-01 18:34:18', '2025-06-01 18:34:18'),
(214, 168, 817, 36, '2025-06-01 18:34:18', '2025-06-01 18:34:18'),
(215, 168, 1833, 36, '2025-06-01 18:34:18', '2025-06-01 18:34:18'),
(216, 171, 199, 22, '2025-06-01 18:34:18', '2025-06-01 18:34:18'),
(217, 171, 202, 22, '2025-06-01 18:34:18', '2025-06-01 18:34:18'),
(218, 171, 205, 22, '2025-06-01 18:34:18', '2025-06-01 18:34:18'),
(219, 172, 579, 13, '2025-06-01 18:34:18', '2025-06-01 18:34:18'),
(220, 172, 963, 13, '2025-06-01 18:34:18', '2025-06-01 18:34:18'),
(221, 172, 1294, 13, '2025-06-01 18:34:18', '2025-06-01 18:34:18'),
(222, 173, 502, 13, '2025-06-01 18:34:18', '2025-06-01 18:34:18'),
(223, 173, 1092, 13, '2025-06-01 18:34:18', '2025-06-01 18:34:18'),
(224, 173, 1435, 13, '2025-06-01 18:34:18', '2025-06-01 18:34:18'),
(225, 174, 1124, 5, '2025-06-01 18:34:18', '2025-06-01 18:34:18'),
(226, 174, 2590, 5, '2025-06-01 18:34:18', '2025-06-01 18:34:18'),
(227, 174, 2593, 5, '2025-06-01 18:34:18', '2025-06-01 18:34:18'),
(228, 175, 1459, 14, '2025-06-01 18:34:18', '2025-06-01 18:34:18'),
(229, 175, 3489, 14, '2025-06-01 18:34:18', '2025-06-01 18:34:18'),
(230, 176, 738, 14, '2025-06-01 18:34:18', '2025-06-01 18:34:18'),
(231, 176, 3037, 14, '2025-06-01 18:34:18', '2025-06-01 18:34:18'),
(232, 177, 1281, 38, '2025-06-01 18:34:18', '2025-06-01 18:34:18'),
(233, 177, 1649, 38, '2025-06-01 18:34:18', '2025-06-01 18:34:18'),
(234, 177, 1798, 38, '2025-06-01 18:34:18', '2025-06-01 18:34:18'),
(235, 179, 713, 14, '2025-06-01 18:34:18', '2025-06-01 18:34:18'),
(236, 179, 2260, 14, '2025-06-01 18:34:18', '2025-06-01 18:34:18'),
(237, 179, 2888, 14, '2025-06-01 18:34:18', '2025-06-01 18:34:18'),
(238, 181, 678, 26, '2025-06-01 18:34:18', '2025-06-01 18:34:18'),
(239, 181, 955, 26, '2025-06-01 18:34:18', '2025-06-01 18:34:18'),
(240, 181, 2108, 26, '2025-06-01 18:34:18', '2025-06-01 18:34:18'),
(241, 182, 9, 14, '2025-06-01 18:34:18', '2025-06-01 18:34:18'),
(242, 182, 3487, 14, '2025-06-01 18:34:18', '2025-06-01 18:34:18'),
(243, 183, 1931, 14, '2025-06-01 18:34:18', '2025-06-01 18:34:18'),
(244, 183, 2149, 14, '2025-06-01 18:34:18', '2025-06-01 18:34:18'),
(245, 185, 351, 5, '2025-06-01 18:34:18', '2025-06-01 18:34:18'),
(246, 185, 1211, 5, '2025-06-01 18:34:18', '2025-06-01 18:34:18'),
(247, 185, 1223, 5, '2025-06-01 18:34:18', '2025-06-01 18:34:18'),
(248, 189, 2051, 28, '2025-06-01 18:34:18', '2025-06-01 18:34:18'),
(249, 189, 3261, 28, '2025-06-01 18:34:18', '2025-06-01 18:34:18'),
(250, 190, 2, 14, '2025-06-01 18:34:18', '2025-06-01 18:34:18'),
(251, 190, 6, 14, '2025-06-01 18:34:18', '2025-06-01 18:34:18'),
(252, 190, 9, 14, '2025-06-01 18:34:18', '2025-06-01 18:34:18'),
(253, 191, 691, 10, '2025-06-01 18:34:18', '2025-06-01 18:34:18'),
(254, 191, 919, 10, '2025-06-01 18:34:18', '2025-06-01 18:34:18'),
(255, 191, 2292, 10, '2025-06-01 18:34:18', '2025-06-01 18:34:18'),
(256, 192, 2021, 5, '2025-06-01 18:34:18', '2025-06-01 18:34:18'),
(257, 192, 2098, 5, '2025-06-01 18:34:18', '2025-06-01 18:34:18'),
(258, 193, 2941, 5, '2025-06-01 18:34:18', '2025-06-01 18:34:18'),
(259, 194, 602, 22, '2025-06-01 18:34:18', '2025-06-01 18:34:18'),
(260, 195, 160, 10, '2025-06-01 18:34:18', '2025-06-01 18:34:18'),
(261, 195, 1302, 10, '2025-06-01 18:34:18', '2025-06-01 18:34:18'),
(262, 195, 3340, 10, '2025-06-01 18:34:18', '2025-06-01 18:34:18'),
(263, 196, 344, 13, '2025-06-01 18:34:18', '2025-06-01 18:34:18'),
(264, 196, 617, 13, '2025-06-01 18:34:18', '2025-06-01 18:34:18'),
(265, 196, 864, 13, '2025-06-01 18:34:18', '2025-06-01 18:34:18'),
(266, 198, 1068, 14, '2025-06-01 18:34:18', '2025-06-01 18:34:18'),
(267, 198, 1506, 14, '2025-06-01 18:34:18', '2025-06-01 18:34:18'),
(268, 198, 1517, 14, '2025-06-01 18:34:18', '2025-06-01 18:34:18'),
(269, 199, 30, 7, '2025-06-01 18:34:18', '2025-06-01 18:34:18'),
(270, 200, 53, 38, '2025-06-01 18:34:18', '2025-06-01 18:34:18'),
(271, 200, 3, 38, '2025-06-01 18:34:18', '2025-06-01 18:34:18'),
(272, 200, 5, 38, '2025-06-01 18:34:18', '2025-06-01 18:34:18'),
(273, 201, 372, 5, '2025-06-01 18:34:18', '2025-06-01 18:34:18'),
(274, 201, 383, 5, '2025-06-01 18:34:18', '2025-06-01 18:34:18'),
(275, 201, 392, 5, '2025-06-01 18:34:18', '2025-06-01 18:34:18'),
(276, 202, 2228, 32, '2025-06-01 18:34:18', '2025-06-01 18:34:18'),
(277, 203, 279, 7, '2025-06-01 18:34:18', '2025-06-01 18:34:18'),
(278, 203, 596, 7, '2025-06-01 18:34:18', '2025-06-01 18:34:18'),
(279, 203, 733, 7, '2025-06-01 18:34:18', '2025-06-01 18:34:18'),
(280, 204, 912, 26, '2025-06-01 18:34:18', '2025-06-01 18:34:18'),
(281, 204, 1604, 26, '2025-06-01 18:34:18', '2025-06-01 18:34:18'),
(282, 204, 2116, 26, '2025-06-01 18:34:18', '2025-06-01 18:34:18'),
(283, 206, 2164, 5, '2025-06-01 18:34:18', '2025-06-01 18:34:18'),
(284, 207, 104, 5, '2025-06-01 18:34:18', '2025-06-01 18:34:18'),
(285, 207, 364, 5, '2025-06-01 18:34:18', '2025-06-01 18:34:18'),
(286, 207, 377, 5, '2025-06-01 18:34:18', '2025-06-01 18:34:18'),
(287, 209, 2061, 32, '2025-06-01 18:34:18', '2025-06-01 18:34:18'),
(288, 209, 3369, 32, '2025-06-01 18:34:18', '2025-06-01 18:34:18'),
(289, 211, 903, 5, '2025-06-01 18:34:18', '2025-06-01 18:34:18'),
(290, 211, 1678, 5, '2025-06-01 18:34:18', '2025-06-01 18:34:18'),
(291, 212, 136, 38, '2025-06-01 18:34:18', '2025-06-01 18:34:18'),
(292, 212, 544, 38, '2025-06-01 18:34:18', '2025-06-01 18:34:18'),
(293, 212, 801, 38, '2025-06-01 18:34:18', '2025-06-01 18:34:18'),
(294, 213, 727, 38, '2025-06-01 18:34:18', '2025-06-01 18:34:18'),
(295, 213, 1689, 38, '2025-06-01 18:34:18', '2025-06-01 18:34:18'),
(296, 213, 2142, 38, '2025-06-01 18:34:18', '2025-06-01 18:34:18'),
(297, 215, 354, 5, '2025-06-01 18:34:18', '2025-06-01 18:34:18'),
(298, 215, 451, 5, '2025-06-01 18:34:18', '2025-06-01 18:34:18'),
(299, 215, 2444, 5, '2025-06-01 18:34:18', '2025-06-01 18:34:18'),
(300, 216, 2103, 5, '2025-06-01 18:34:18', '2025-06-01 18:34:18'),
(301, 218, 1180, 14, '2025-06-01 18:34:18', '2025-06-01 18:34:18'),
(302, 218, 1284, 14, '2025-06-01 18:34:18', '2025-06-01 18:34:18'),
(303, 219, 277, 38, '2025-06-01 18:34:18', '2025-06-01 18:34:18'),
(304, 219, 316, 38, '2025-06-01 18:34:18', '2025-06-01 18:34:18'),
(305, 219, 349, 38, '2025-06-01 18:34:18', '2025-06-01 18:34:18'),
(306, 220, 2068, 5, '2025-06-01 18:34:18', '2025-06-01 18:34:18'),
(307, 221, 464, 26, '2025-06-01 18:34:18', '2025-06-01 18:34:18'),
(308, 221, 1026, 26, '2025-06-01 18:34:18', '2025-06-01 18:34:18'),
(309, 221, 1029, 26, '2025-06-01 18:34:18', '2025-06-01 18:34:18'),
(310, 222, 2709, 14, '2025-06-01 18:34:18', '2025-06-01 18:34:18'),
(311, 223, 441, 7, '2025-06-01 18:34:18', '2025-06-01 18:34:18'),
(312, 223, 495, 7, '2025-06-01 18:34:18', '2025-06-01 18:34:18'),
(313, 223, 541, 7, '2025-06-01 18:34:18', '2025-06-01 18:34:18'),
(314, 224, 614, 14, '2025-06-01 18:34:18', '2025-06-01 18:34:18'),
(315, 224, 2009, 14, '2025-06-01 18:34:18', '2025-06-01 18:34:18'),
(316, 226, 3482, 14, '2025-06-01 18:34:18', '2025-06-01 18:34:18'),
(317, 226, 3602, 14, '2025-06-01 18:34:18', '2025-06-01 18:34:18'),
(318, 229, 895, 26, '2025-06-01 18:34:18', '2025-06-01 18:34:18'),
(319, 229, 2858, 26, '2025-06-01 18:34:18', '2025-06-01 18:34:18'),
(320, 230, 3280, 13, '2025-06-01 18:34:18', '2025-06-01 18:34:18'),
(321, 231, 2646, 26, '2025-06-01 18:34:18', '2025-06-01 18:34:18'),
(322, 232, 1874, 16, '2025-06-01 18:34:18', '2025-06-01 18:34:18'),
(323, 232, 1892, 16, '2025-06-01 18:34:18', '2025-06-01 18:34:18'),
(324, 232, 3383, 16, '2025-06-01 18:34:18', '2025-06-01 18:34:18'),
(325, 233, 45, 32, '2025-06-01 18:34:18', '2025-06-01 18:34:18'),
(326, 233, 48, 32, '2025-06-01 18:34:18', '2025-06-01 18:34:18'),
(327, 233, 75, 32, '2025-06-01 18:34:18', '2025-06-01 18:34:18'),
(328, 234, 1681, 32, '2025-06-01 18:34:18', '2025-06-01 18:34:18'),
(329, 237, 619, 26, '2025-06-01 18:34:18', '2025-06-01 18:34:18'),
(330, 237, 915, 26, '2025-06-01 18:34:18', '2025-06-01 18:34:18'),
(331, 237, 1695, 26, '2025-06-01 18:34:18', '2025-06-01 18:34:18'),
(332, 239, 2, 36, '2025-06-01 18:34:18', '2025-06-01 18:34:18'),
(333, 240, 592, 26, '2025-06-01 18:34:18', '2025-06-01 18:34:18'),
(334, 240, 1412, 26, '2025-06-01 18:34:18', '2025-06-01 18:34:18'),
(335, 240, 1509, 26, '2025-06-01 18:34:18', '2025-06-01 18:34:18'),
(336, 241, 390, 7, '2025-06-01 18:34:18', '2025-06-01 18:34:18'),
(337, 241, 400, 7, '2025-06-01 18:34:18', '2025-06-01 18:34:18'),
(338, 241, 170, 7, '2025-06-01 18:34:18', '2025-06-01 18:34:18'),
(339, 242, 2382, 10, '2025-06-01 18:34:18', '2025-06-01 18:34:18'),
(340, 243, 1356, 16, '2025-06-01 18:34:18', '2025-06-01 18:34:18'),
(341, 243, 1796, 16, '2025-06-01 18:34:18', '2025-06-01 18:34:18'),
(342, 243, 2418, 16, '2025-06-01 18:34:18', '2025-06-01 18:34:18'),
(343, 244, 2433, 7, '2025-06-01 18:34:18', '2025-06-01 18:34:18'),
(344, 245, 1638, 4, '2025-06-01 18:34:18', '2025-06-01 18:34:18'),
(345, 248, 412, 14, '2025-06-01 18:34:18', '2025-06-01 18:34:18'),
(346, 249, 5, 14, '2025-06-01 18:34:18', '2025-06-01 18:34:18'),
(347, 252, 2495, 26, '2025-06-01 18:34:18', '2025-06-01 18:34:18'),
(348, 253, 2127, 30, '2025-06-01 18:34:18', '2025-06-01 18:34:18'),
(349, 253, 2566, 30, '2025-06-01 18:34:18', '2025-06-01 18:34:18'),
(350, 256, 11, 32, '2025-06-01 18:34:18', '2025-06-01 18:34:18'),
(351, 256, 14, 32, '2025-06-01 18:34:18', '2025-06-01 18:34:18'),
(352, 256, 17, 32, '2025-06-01 18:34:18', '2025-06-01 18:34:18'),
(353, 257, 2537, 37, '2025-06-01 18:34:18', '2025-06-01 18:34:18'),
(354, 257, 2879, 37, '2025-06-01 18:34:18', '2025-06-01 18:34:18'),
(355, 257, 3545, 37, '2025-06-01 18:34:18', '2025-06-01 18:34:18'),
(356, 258, 3071, 26, '2025-06-01 18:34:18', '2025-06-01 18:34:18'),
(357, 259, 925, 33, '2025-06-01 18:34:18', '2025-06-01 18:34:18'),
(358, 261, 2120, 14, '2025-06-01 18:34:18', '2025-06-01 18:34:18'),
(359, 262, 2563, 26, '2025-06-01 18:34:18', '2025-06-01 18:34:18'),
(360, 263, 1061, 14, '2025-06-01 18:34:18', '2025-06-01 18:34:18'),
(361, 263, 1732, 14, '2025-06-01 18:34:18', '2025-06-01 18:34:18'),
(362, 263, 1761, 14, '2025-06-01 18:34:18', '2025-06-01 18:34:18'),
(363, 264, 285, 5, '2025-06-01 18:34:18', '2025-06-01 18:34:18'),
(364, 264, 942, 5, '2025-06-01 18:34:18', '2025-06-01 18:34:18'),
(365, 264, 1552, 5, '2025-06-01 18:34:18', '2025-06-01 18:34:18'),
(366, 267, 13, 5, '2025-06-01 18:34:18', '2025-06-01 18:34:18'),
(367, 267, 110, 5, '2025-06-01 18:34:18', '2025-06-01 18:34:18'),
(368, 267, 34, 5, '2025-06-01 18:34:18', '2025-06-01 18:34:18'),
(369, 268, 404, 36, '2025-06-01 18:34:18', '2025-06-01 18:34:18'),
(370, 268, 407, 36, '2025-06-01 18:34:18', '2025-06-01 18:34:18'),
(371, 268, 168, 36, '2025-06-01 18:34:18', '2025-06-01 18:34:18'),
(372, 269, 2739, 11, '2025-06-01 18:34:18', '2025-06-01 18:34:18'),
(373, 270, 2720, 26, '2025-06-01 18:34:18', '2025-06-01 18:34:18'),
(374, 272, 557, 26, '2025-06-01 18:34:18', '2025-06-01 18:34:18'),
(375, 272, 2053, 26, '2025-06-01 18:34:18', '2025-06-01 18:34:18'),
(376, 272, 2762, 26, '2025-06-01 18:34:18', '2025-06-01 18:34:18'),
(377, 273, 1737, 26, '2025-06-01 18:34:18', '2025-06-01 18:34:18'),
(378, 273, 3086, 26, '2025-06-01 18:34:18', '2025-06-01 18:34:18'),
(379, 273, 3515, 26, '2025-06-01 18:34:18', '2025-06-01 18:34:18'),
(380, 275, 467, 12, '2025-06-01 18:34:18', '2025-06-01 18:34:18'),
(381, 275, 520, 12, '2025-06-01 18:34:18', '2025-06-01 18:34:18'),
(382, 275, 1353, 12, '2025-06-01 18:34:18', '2025-06-01 18:34:18'),
(383, 277, 2079, 14, '2025-06-01 18:34:18', '2025-06-01 18:34:18'),
(384, 278, 750, 14, '2025-06-01 18:34:18', '2025-06-01 18:34:18'),
(385, 278, 763, 14, '2025-06-01 18:34:18', '2025-06-01 18:34:18'),
(386, 279, 2768, 14, '2025-06-01 18:34:18', '2025-06-01 18:34:18'),
(387, 280, 189, 32, '2025-06-01 18:34:18', '2025-06-01 18:34:18'),
(388, 281, 256, 34, '2025-06-01 18:34:18', '2025-06-01 18:34:18'),
(389, 281, 1252, 34, '2025-06-01 18:34:18', '2025-06-01 18:34:18'),
(390, 281, 1255, 34, '2025-06-01 18:34:18', '2025-06-01 18:34:18'),
(391, 282, 1711, 14, '2025-06-01 18:34:18', '2025-06-01 18:34:18'),
(392, 284, 248, 7, '2025-06-01 18:34:18', '2025-06-01 18:34:18'),
(393, 284, 2646, 7, '2025-06-01 18:34:18', '2025-06-01 18:34:18'),
(394, 285, 1707, 22, '2025-06-01 18:34:18', '2025-06-01 18:34:18'),
(395, 287, 1147, 14, '2025-06-01 18:34:18', '2025-06-01 18:34:18'),
(396, 287, 1150, 14, '2025-06-01 18:34:18', '2025-06-01 18:34:18'),
(397, 289, 765, 8, '2025-06-01 18:34:18', '2025-06-01 18:34:18'),
(398, 290, 439, 37, '2025-06-01 18:34:18', '2025-06-01 18:34:18'),
(399, 290, 1871, 37, '2025-06-01 18:34:18', '2025-06-01 18:34:18'),
(400, 290, 1911, 37, '2025-06-01 18:34:18', '2025-06-01 18:34:18'),
(401, 293, 107, 38, '2025-06-01 18:34:18', '2025-06-01 18:34:18'),
(402, 293, 611, 38, '2025-06-01 18:34:18', '2025-06-01 18:34:18'),
(403, 293, 709, 38, '2025-06-01 18:34:18', '2025-06-01 18:34:18'),
(404, 294, 449, 38, '2025-06-01 18:34:18', '2025-06-01 18:34:18'),
(405, 294, 504, 38, '2025-06-01 18:34:18', '2025-06-01 18:34:18'),
(406, 294, 794, 38, '2025-06-01 18:34:18', '2025-06-01 18:34:18'),
(407, 295, 1503, 14, '2025-06-01 18:34:18', '2025-06-01 18:34:18'),
(408, 295, 2831, 14, '2025-06-01 18:34:18', '2025-06-01 18:34:18'),
(409, 295, 3489, 14, '2025-06-01 18:34:18', '2025-06-01 18:34:18'),
(410, 296, 575, 5, '2025-06-01 18:34:18', '2025-06-01 18:34:18'),
(411, 296, 2742, 5, '2025-06-01 18:34:18', '2025-06-01 18:34:18'),
(412, 297, 110, 14, '2025-06-01 18:34:18', '2025-06-01 18:34:18'),
(413, 298, 1300, 10, '2025-06-01 18:34:18', '2025-06-01 18:34:18'),
(414, 298, 2282, 10, '2025-06-01 18:34:18', '2025-06-01 18:34:18'),
(415, 298, 3005, 10, '2025-06-01 18:34:18', '2025-06-01 18:34:18'),
(416, 299, 35, 34, '2025-06-01 18:34:18', '2025-06-01 18:34:18'),
(417, 299, 3045, 34, '2025-06-01 18:34:18', '2025-06-01 18:34:18'),
(418, 299, 3049, 34, '2025-06-01 18:34:18', '2025-06-01 18:34:18'),
(419, 301, 2209, 26, '2025-06-01 18:34:18', '2025-06-01 18:34:18'),
(420, 301, 2217, 26, '2025-06-01 18:34:18', '2025-06-01 18:34:18'),
(421, 304, 1134, 14, '2025-06-01 18:34:18', '2025-06-01 18:34:18'),
(422, 306, 2256, 29, '2025-06-01 18:34:18', '2025-06-01 18:34:18'),
(423, 306, 2803, 29, '2025-06-01 18:34:18', '2025-06-01 18:34:18'),
(424, 307, 363, 38, '2025-06-01 18:34:18', '2025-06-01 18:34:18'),
(425, 307, 477, 38, '2025-06-01 18:34:18', '2025-06-01 18:34:18'),
(426, 307, 512, 38, '2025-06-01 18:34:18', '2025-06-01 18:34:18'),
(427, 308, 147, 7, '2025-06-01 18:34:18', '2025-06-01 18:34:18'),
(428, 310, 2935, 5, '2025-06-01 18:34:18', '2025-06-01 18:34:18'),
(429, 310, 3184, 5, '2025-06-01 18:34:18', '2025-06-01 18:34:18'),
(430, 310, 3187, 5, '2025-06-01 18:34:18', '2025-06-01 18:34:18'),
(431, 311, 104, 5, '2025-06-01 18:34:18', '2025-06-01 18:34:18'),
(432, 311, 122, 5, '2025-06-01 18:34:18', '2025-06-01 18:34:18'),
(433, 311, 859, 5, '2025-06-01 18:34:18', '2025-06-01 18:34:18'),
(434, 312, 1640, 5, '2025-06-01 18:34:18', '2025-06-01 18:34:18'),
(435, 313, 495, 5, '2025-06-01 18:34:18', '2025-06-01 18:34:18'),
(436, 313, 813, 5, '2025-06-01 18:34:18', '2025-06-01 18:34:18'),
(437, 313, 1424, 5, '2025-06-01 18:34:18', '2025-06-01 18:34:18'),
(438, 314, 3435, 26, '2025-06-01 18:34:18', '2025-06-01 18:34:18'),
(439, 315, 313, 32, '2025-06-01 18:34:18', '2025-06-01 18:34:18'),
(440, 316, 3393, 14, '2025-06-01 18:34:18', '2025-06-01 18:34:18'),
(441, 317, 3263, 14, '2025-06-01 18:34:18', '2025-06-01 18:34:18'),
(442, 318, 2049, 6, '2025-06-01 18:34:18', '2025-06-01 18:34:18'),
(443, 318, 3350, 6, '2025-06-01 18:34:18', '2025-06-01 18:34:18'),
(444, 319, 488, 7, '2025-06-01 18:34:18', '2025-06-01 18:34:18'),
(445, 319, 547, 7, '2025-06-01 18:34:18', '2025-06-01 18:34:18'),
(446, 319, 702, 7, '2025-06-01 18:34:18', '2025-06-01 18:34:18'),
(447, 320, 276, 36, '2025-06-01 18:34:18', '2025-06-01 18:34:18'),
(448, 320, 314, 36, '2025-06-01 18:34:18', '2025-06-01 18:34:18'),
(449, 320, 132, 36, '2025-06-01 18:34:18', '2025-06-01 18:34:18'),
(450, 321, 1304, 22, '2025-06-01 18:34:18', '2025-06-01 18:34:18'),
(451, 322, 1464, 14, '2025-06-01 18:34:18', '2025-06-01 18:34:18'),
(452, 324, 2057, 20, '2025-06-01 18:34:18', '2025-06-01 18:34:18'),
(453, 325, 3431, 7, '2025-06-01 18:34:18', '2025-06-01 18:34:18'),
(454, 326, 105, 7, '2025-06-01 18:34:18', '2025-06-01 18:34:18'),
(455, 327, 1345, 14, '2025-06-01 18:34:18', '2025-06-01 18:34:18'),
(456, 328, 2792, 5, '2025-06-01 18:34:18', '2025-06-01 18:34:18'),
(457, 329, 911, 14, '2025-06-01 18:34:18', '2025-06-01 18:34:18'),
(458, 329, 1970, 14, '2025-06-01 18:34:18', '2025-06-01 18:34:18'),
(459, 329, 3401, 14, '2025-06-01 18:34:18', '2025-06-01 18:34:18'),
(460, 330, 2646, 7, '2025-06-01 18:34:18', '2025-06-01 18:34:18'),
(461, 331, 1832, 26, '2025-06-01 18:34:18', '2025-06-01 18:34:18'),
(462, 332, 1693, 14, '2025-06-01 18:34:18', '2025-06-01 18:34:18'),
(463, 332, 2179, 14, '2025-06-01 18:34:18', '2025-06-01 18:34:18'),
(464, 332, 3356, 14, '2025-06-01 18:34:18', '2025-06-01 18:34:18'),
(465, 337, 2960, 14, '2025-06-01 18:34:18', '2025-06-01 18:34:18'),
(466, 338, 1512, 14, '2025-06-01 18:34:18', '2025-06-01 18:34:18'),
(467, 338, 2378, 14, '2025-06-01 18:34:18', '2025-06-01 18:34:18'),
(468, 342, 1441, 25, '2025-06-01 18:34:18', '2025-06-01 18:34:18'),
(469, 343, 7, 14, '2025-06-01 18:34:18', '2025-06-01 18:34:18'),
(470, 345, 3222, 8, '2025-06-01 18:34:18', '2025-06-01 18:34:18'),
(471, 347, 1163, 14, '2025-06-01 18:34:18', '2025-06-01 18:34:18'),
(472, 347, 3040, 14, '2025-06-01 18:34:18', '2025-06-01 18:34:18'),
(473, 347, 3599, 14, '2025-06-01 18:34:18', '2025-06-01 18:34:18'),
(474, 348, 1607, 14, '2025-06-01 18:34:18', '2025-06-01 18:34:18'),
(475, 348, 3103, 14, '2025-06-01 18:34:18', '2025-06-01 18:34:18'),
(476, 349, 223, 22, '2025-06-01 18:34:18', '2025-06-01 18:34:18'),
(477, 352, 271, 22, '2025-06-01 18:34:18', '2025-06-01 18:34:18'),
(478, 352, 295, 22, '2025-06-01 18:34:18', '2025-06-01 18:34:18'),
(479, 352, 306, 22, '2025-06-01 18:34:18', '2025-06-01 18:34:18'),
(480, 354, 259, 31, '2025-06-01 18:34:18', '2025-06-01 18:34:18'),
(481, 354, 181, 31, '2025-06-01 18:34:18', '2025-06-01 18:34:18'),
(482, 354, 1460, 31, '2025-06-01 18:34:18', '2025-06-01 18:34:18'),
(483, 355, 51, 22, '2025-06-01 18:34:18', '2025-06-01 18:34:18'),
(484, 356, 49, 22, '2025-06-01 18:34:18', '2025-06-01 18:34:18'),
(485, 357, 299, 22, '2025-06-01 18:34:18', '2025-06-01 18:34:18'),
(486, 357, 230, 22, '2025-06-01 18:34:18', '2025-06-01 18:34:18'),
(487, 360, 182, 31, '2025-06-01 18:34:18', '2025-06-01 18:34:18'),
(488, 361, 217, 22, '2025-06-01 18:34:18', '2025-06-01 18:34:18'),
(489, 361, 220, 22, '2025-06-01 18:34:18', '2025-06-01 18:34:18'),
(490, 361, 352, 22, '2025-06-01 18:34:18', '2025-06-01 18:34:18'),
(491, 363, 3640, 22, '2025-06-01 18:34:18', '2025-06-01 18:34:18'),
(492, 364, 2339, 22, '2025-06-01 18:34:18', '2025-06-01 18:34:18'),
(493, 364, 3626, 22, '2025-06-01 18:34:18', '2025-06-01 18:34:18'),
(494, 364, 3643, 22, '2025-06-01 18:34:18', '2025-06-01 18:34:18'),
(495, 365, 748, 22, '2025-06-01 18:34:18', '2025-06-01 18:34:18'),
(496, 365, 2643, 22, '2025-06-01 18:34:18', '2025-06-01 18:34:18'),
(497, 366, 235, 22, '2025-06-01 18:34:18', '2025-06-01 18:34:18'),
(498, 366, 343, 22, '2025-06-01 18:34:18', '2025-06-01 18:34:18'),
(499, 366, 2411, 22, '2025-06-01 18:34:18', '2025-06-01 18:34:18');

-- --------------------------------------------------------

--
-- Структура таблицы `car_models`
--

CREATE TABLE `car_models` (
  `id` bigint(20) UNSIGNED NOT NULL,
  `model_name` varchar(255) NOT NULL,
  `deleted_at` timestamp NULL DEFAULT NULL,
  `created_at` timestamp NULL DEFAULT NULL,
  `updated_at` timestamp NULL DEFAULT NULL
) ENGINE=InnoDB DEFAULT CHARSET=utf8mb4 COLLATE=utf8mb4_unicode_ci;

--
-- Дамп данных таблицы `car_models`
--

INSERT INTO `car_models` (`id`, `model_name`, `deleted_at`, `created_at`, `updated_at`) VALUES
(2, '2', NULL, '2025-06-01 18:34:18', '2025-06-01 18:34:18'),
(3, '3', NULL, '2025-06-01 18:34:18', '2025-06-01 18:34:18'),
(5, '5', NULL, '2025-06-01 18:34:18', '2025-06-01 18:34:18'),
(6, '6', NULL, '2025-06-01 18:34:18', '2025-06-01 18:34:18'),
(7, '7', NULL, '2025-06-01 18:34:18', '2025-06-01 18:34:18'),
(9, '9', NULL, '2025-06-01 18:34:18', '2025-06-01 18:34:18'),
(11, '11', NULL, '2025-06-01 18:34:18', '2025-06-01 18:34:18'),
(12, '12', NULL, '2025-06-01 18:34:18', '2025-06-01 18:34:18'),
(13, '14', NULL, '2025-06-01 18:34:18', '2025-06-01 18:34:18'),
(14, '15', NULL, '2025-06-01 18:34:18', '2025-06-01 18:34:18'),
(17, '18', NULL, '2025-06-01 18:34:18', '2025-06-01 18:34:18'),
(21, '24', NULL, '2025-06-01 18:34:18', '2025-06-01 18:34:18'),
(30, '62', NULL, '2025-06-01 18:34:18', '2025-06-01 18:34:18'),
(34, '75', NULL, '2025-06-01 18:34:18', '2025-06-01 18:34:18'),
(35, '77', NULL, '2025-06-01 18:34:18', '2025-06-01 18:34:18'),
(45, '104', NULL, '2025-06-01 18:34:18', '2025-06-01 18:34:18'),
(48, '108', NULL, '2025-06-01 18:34:18', '2025-06-01 18:34:18'),
(49, '110', NULL, '2025-06-01 18:34:18', '2025-06-01 18:34:18'),
(51, '114', NULL, '2025-06-01 18:34:18', '2025-06-01 18:34:18'),
(53, '121', NULL, '2025-06-01 18:34:18', '2025-06-01 18:34:18'),
(56, '126', NULL, '2025-06-01 18:34:18', '2025-06-01 18:34:18'),
(59, '130', NULL, '2025-06-01 18:34:18', '2025-06-01 18:34:18'),
(63, '145', NULL, '2025-06-01 18:34:18', '2025-06-01 18:34:18'),
(73, '200', NULL, '2025-06-01 18:34:18', '2025-06-01 18:34:18'),
(75, '202', NULL, '2025-06-01 18:34:18', '2025-06-01 18:34:18'),
(87, '296', NULL, '2025-06-01 18:34:18', '2025-06-01 18:34:18'),
(104, '350', NULL, '2025-06-01 18:34:18', '2025-06-01 18:34:18'),
(105, '353', NULL, '2025-06-01 18:34:18', '2025-06-01 18:34:18'),
(107, '360', NULL, '2025-06-01 18:34:18', '2025-06-01 18:34:18'),
(110, '400', NULL, '2025-06-01 18:34:18', '2025-06-01 18:34:18'),
(122, '420', NULL, '2025-06-01 18:34:18', '2025-06-01 18:34:18'),
(132, '460', NULL, '2025-06-01 18:34:18', '2025-06-01 18:34:18'),
(136, '500', NULL, '2025-06-01 18:34:18', '2025-06-01 18:34:18'),
(145, '580', NULL, '2025-06-01 18:34:18', '2025-06-01 18:34:18'),
(147, '600', NULL, '2025-06-01 18:34:18', '2025-06-01 18:34:18'),
(160, '800', NULL, '2025-06-01 18:34:18', '2025-06-01 18:34:18'),
(167, '853', NULL, '2025-06-01 18:34:18', '2025-06-01 18:34:18'),
(168, '900', NULL, '2025-06-01 18:34:18', '2025-06-01 18:34:18'),
(170, '912', NULL, '2025-06-01 18:34:18', '2025-06-01 18:34:18'),
(181, '966', NULL, '2025-06-01 18:34:18', '2025-06-01 18:34:18'),
(182, '967', NULL, '2025-06-01 18:34:18', '2025-06-01 18:34:18'),
(189, '1307', NULL, '2025-06-01 18:34:18', '2025-06-01 18:34:18'),
(190, '1310', NULL, '2025-06-01 18:34:18', '2025-06-01 18:34:18'),
(198, '2018', NULL, '2025-06-01 18:34:18', '2025-06-01 18:34:18'),
(199, '2101', NULL, '2025-06-01 18:34:18', '2025-06-01 18:34:18'),
(202, '2104', NULL, '2025-06-01 18:34:18', '2025-06-01 18:34:18'),
(205, '2107', NULL, '2025-06-01 18:34:18', '2025-06-01 18:34:18'),
(217, '2137', NULL, '2025-06-01 18:34:18', '2025-06-01 18:34:18'),
(220, '2141', NULL, '2025-06-01 18:34:18', '2025-06-01 18:34:18'),
(223, '2163', NULL, '2025-06-01 18:34:18', '2025-06-01 18:34:18'),
(230, '2717', NULL, '2025-06-01 18:34:18', '2025-06-01 18:34:18'),
(231, '3000', NULL, '2025-06-01 18:34:18', '2025-06-01 18:34:18'),
(235, '3153', NULL, '2025-06-01 18:34:18', '2025-06-01 18:34:18'),
(248, '#3', NULL, '2025-06-01 18:34:18', '2025-06-01 18:34:18'),
(250, '1 серии', NULL, '2025-06-01 18:34:18', '2025-06-01 18:34:18'),
(256, '105, 120', NULL, '2025-06-01 18:34:18', '2025-06-01 18:34:18'),
(259, '1103 «Славута»', NULL, '2025-06-01 18:34:18', '2025-06-01 18:34:18'),
(265, '124 Spider', NULL, '2025-06-01 18:34:18', '2025-06-01 18:34:18'),
(268, '126p', NULL, '2025-06-01 18:34:18', '2025-06-01 18:34:18'),
(271, '13 «Чайка»', NULL, '2025-06-01 18:34:18', '2025-06-01 18:34:18'),
(276, '140 Series', NULL, '2025-06-01 18:34:18', '2025-06-01 18:34:18'),
(277, '180SX', NULL, '2025-06-01 18:34:18', '2025-06-01 18:34:18'),
(279, '190 SL', NULL, '2025-06-01 18:34:18', '2025-06-01 18:34:18'),
(285, '20/25', NULL, '2025-06-01 18:34:18', '2025-06-01 18:34:18'),
(294, '208/308', NULL, '2025-06-01 18:34:18', '2025-06-01 18:34:18'),
(295, '21 «Волга»', NULL, '2025-06-01 18:34:18', '2025-06-01 18:34:18'),
(299, '2126 «Ода»', NULL, '2025-06-01 18:34:18', '2025-06-01 18:34:18'),
(306, '2330 «Тигр»', NULL, '2025-06-01 18:34:18', '2025-06-01 18:34:18'),
(310, '240Z', NULL, '2025-06-01 18:34:18', '2025-06-01 18:34:18'),
(313, '260 LM', NULL, '2025-06-01 18:34:18', '2025-06-01 18:34:18'),
(314, '260 Series', NULL, '2025-06-01 18:34:18', '2025-06-01 18:34:18'),
(316, '280ZX', NULL, '2025-06-01 18:34:18', '2025-06-01 18:34:18'),
(319, '3 Crossback', NULL, '2025-06-01 18:34:18', '2025-06-01 18:34:18'),
(343, '3162 Simbir', NULL, '2025-06-01 18:34:18', '2025-06-01 18:34:18'),
(344, '3200 GT', NULL, '2025-06-01 18:34:18', '2025-06-01 18:34:18'),
(349, '370Z', NULL, '2025-06-01 18:34:18', '2025-06-01 18:34:18'),
(350, '378 GT Zagato', NULL, '2025-06-01 18:34:18', '2025-06-01 18:34:18'),
(351, '3-Eleven', NULL, '2025-06-01 18:34:18', '2025-06-01 18:34:18'),
(352, '3е', NULL, '2025-06-01 18:34:18', '2025-06-01 18:34:18'),
(354, '4 Seater', NULL, '2025-06-01 18:34:18', '2025-06-01 18:34:18'),
(363, '4Runner', NULL, '2025-06-01 18:34:18', '2025-06-01 18:34:18'),
(364, '5 EV', NULL, '2025-06-01 18:34:18', '2025-06-01 18:34:18'),
(372, '570GT', NULL, '2025-06-01 18:34:18', '2025-06-01 18:34:18'),
(377, '6 Pro', NULL, '2025-06-01 18:34:18', '2025-06-01 18:34:18'),
(383, '650S', NULL, '2025-06-01 18:34:18', '2025-06-01 18:34:18'),
(387, '7 Crossback', NULL, '2025-06-01 18:34:18', '2025-06-01 18:34:18'),
(390, '718 Spyder', NULL, '2025-06-01 18:34:18', '2025-06-01 18:34:18'),
(392, '750S', NULL, '2025-06-01 18:34:18', '2025-06-01 18:34:18'),
(394, '7X', NULL, '2025-06-01 18:34:18', '2025-06-01 18:34:18'),
(400, '911 GT3', NULL, '2025-06-01 18:34:18', '2025-06-01 18:34:18'),
(404, '9-2X', NULL, '2025-06-01 18:34:18', '2025-06-01 18:34:18'),
(407, '09.май', NULL, '2025-06-01 18:34:18', '2025-06-01 18:34:18'),
(411, 'A06', NULL, '2025-06-01 18:34:18', '2025-06-01 18:34:18'),
(412, 'A07', NULL, '2025-06-01 18:34:18', '2025-06-01 18:34:18'),
(418, 'A310', NULL, '2025-06-01 18:34:18', '2025-06-01 18:34:18'),
(419, 'A4', NULL, '2025-06-01 18:34:18', '2025-06-01 18:34:18'),
(422, 'A6', NULL, '2025-06-01 18:34:18', '2025-06-01 18:34:18'),
(428, 'Acadia', NULL, '2025-06-01 18:34:18', '2025-06-01 18:34:18'),
(431, 'Accord', NULL, '2025-06-01 18:34:18', '2025-06-01 18:34:18'),
(433, 'Ace M7', NULL, '2025-06-01 18:34:18', '2025-06-01 18:34:18'),
(434, 'Aceca', NULL, '2025-06-01 18:34:18', '2025-06-01 18:34:18'),
(439, 'Actyon Sports', NULL, '2025-06-01 18:34:18', '2025-06-01 18:34:18'),
(441, 'Adam', NULL, '2025-06-01 18:34:18', '2025-06-01 18:34:18'),
(443, 'Aeolus E70', NULL, '2025-06-01 18:34:18', '2025-06-01 18:34:18'),
(446, 'Aeolus Yixuan', NULL, '2025-06-01 18:34:18', '2025-06-01 18:34:18'),
(449, 'Aerio', NULL, '2025-06-01 18:34:18', '2025-06-01 18:34:18'),
(451, 'Aero Coupe', NULL, '2025-06-01 18:34:18', '2025-06-01 18:34:18'),
(464, 'Alero', NULL, '2025-06-01 18:34:18', '2025-06-01 18:34:18'),
(467, 'Alhambra', NULL, '2025-06-01 18:34:18', '2025-06-01 18:34:18'),
(476, 'Alpha T', NULL, '2025-06-01 18:34:18', '2025-06-01 18:34:18'),
(477, 'Alphard', NULL, '2025-06-01 18:34:18', '2025-06-01 18:34:18'),
(480, 'Alsvin V7', NULL, '2025-06-01 18:34:18', '2025-06-01 18:34:18'),
(488, 'Amarok', NULL, '2025-06-01 18:34:18', '2025-06-01 18:34:18'),
(489, 'Ambassador', NULL, '2025-06-01 18:34:18', '2025-06-01 18:34:18'),
(492, 'Ami', NULL, '2025-06-01 18:34:18', '2025-06-01 18:34:18'),
(494, 'Amigo', NULL, '2025-06-01 18:34:18', '2025-06-01 18:34:18'),
(495, 'Ampera', NULL, '2025-06-01 18:34:18', '2025-06-01 18:34:18'),
(497, 'Anglia', NULL, '2025-06-01 18:34:18', '2025-06-01 18:34:18'),
(500, 'Apache', NULL, '2025-06-01 18:34:18', '2025-06-01 18:34:18'),
(502, 'Appia', NULL, '2025-06-01 18:34:18', '2025-06-01 18:34:18'),
(503, 'Applause', NULL, '2025-06-01 18:34:18', '2025-06-01 18:34:18'),
(504, 'APV', NULL, '2025-06-01 18:34:18', '2025-06-01 18:34:18'),
(507, 'Arcadia', NULL, '2025-06-01 18:34:18', '2025-06-01 18:34:18'),
(511, 'Aries', NULL, '2025-06-01 18:34:18', '2025-06-01 18:34:18'),
(512, 'Aristo', NULL, '2025-06-01 18:34:18', '2025-06-01 18:34:18'),
(520, 'Arosa', NULL, '2025-06-01 18:34:18', '2025-06-01 18:34:18'),
(521, 'Arrizo 3', NULL, '2025-06-01 18:34:18', '2025-06-01 18:34:18'),
(524, 'Arrizo 5 Plus', NULL, '2025-06-01 18:34:18', '2025-06-01 18:34:18'),
(534, 'Ascot', NULL, '2025-06-01 18:34:18', '2025-06-01 18:34:18'),
(537, 'Aslan', NULL, '2025-06-01 18:34:18', '2025-06-01 18:34:18'),
(541, 'Astra', NULL, '2025-06-01 18:34:18', '2025-06-01 18:34:18'),
(544, 'ASX', NULL, '2025-06-01 18:34:18', '2025-06-01 18:34:18'),
(547, 'Atlas', NULL, '2025-06-01 18:34:18', '2025-06-01 18:34:18'),
(549, 'Atlas Pro', NULL, '2025-06-01 18:34:18', '2025-06-01 18:34:18'),
(553, 'ATS', NULL, '2025-06-01 18:34:18', '2025-06-01 18:34:18'),
(557, 'Aura', NULL, '2025-06-01 18:34:18', '2025-06-01 18:34:18'),
(561, 'Aurora', NULL, '2025-06-01 18:34:18', '2025-06-01 18:34:18'),
(571, 'Avante N', NULL, '2025-06-01 18:34:18', '2025-06-01 18:34:18'),
(575, 'Avenger', NULL, '2025-06-01 18:34:18', '2025-06-01 18:34:18'),
(579, 'Aventador', NULL, '2025-06-01 18:34:18', '2025-06-01 18:34:18'),
(586, 'Axiom', NULL, '2025-06-01 18:34:18', '2025-06-01 18:34:18'),
(592, 'Aztek', NULL, '2025-06-01 18:34:18', '2025-06-01 18:34:18'),
(593, 'Azure', NULL, '2025-06-01 18:34:18', '2025-06-01 18:34:18'),
(596, 'A-Класс AMG', NULL, '2025-06-01 18:34:18', '2025-06-01 18:34:18'),
(602, 'B2', NULL, '2025-06-01 18:34:18', '2025-06-01 18:34:18'),
(611, 'Baja', NULL, '2025-06-01 18:34:18', '2025-06-01 18:34:18'),
(613, 'Ballade', NULL, '2025-06-01 18:34:18', '2025-06-01 18:34:18'),
(614, 'Ballet Cat', NULL, '2025-06-01 18:34:18', '2025-06-01 18:34:18'),
(617, 'Barchetta Stradale', NULL, '2025-06-01 18:34:18', '2025-06-01 18:34:18'),
(619, 'Barracuda', NULL, '2025-06-01 18:34:18', '2025-06-01 18:34:18'),
(625, 'BD326J (Moca)', NULL, '2025-06-01 18:34:18', '2025-06-01 18:34:18'),
(630, 'Bee', NULL, '2025-06-01 18:34:18', '2025-06-01 18:34:18'),
(643, 'Bestune B70S', NULL, '2025-06-01 18:34:18', '2025-06-01 18:34:18'),
(646, 'Bestune T55', NULL, '2025-06-01 18:34:18', '2025-06-01 18:34:18'),
(649, 'Bestune T99', NULL, '2025-06-01 18:34:18', '2025-06-01 18:34:18'),
(660, 'Binrui', NULL, '2025-06-01 18:34:18', '2025-06-01 18:34:18'),
(663, 'Binyue Cool', NULL, '2025-06-01 18:34:18', '2025-06-01 18:34:18'),
(667, 'BJ2020', NULL, '2025-06-01 18:34:18', '2025-06-01 18:34:18'),
(678, 'Blackwood', NULL, '2025-06-01 18:34:18', '2025-06-01 18:34:18'),
(683, 'Blenheim Speedster', NULL, '2025-06-01 18:34:18', '2025-06-01 18:34:18'),
(691, 'Bolero', NULL, '2025-06-01 18:34:18', '2025-06-01 18:34:18'),
(692, 'Boliger', NULL, '2025-06-01 18:34:18', '2025-06-01 18:34:18'),
(702, 'Bora', NULL, '2025-06-01 18:34:18', '2025-06-01 18:34:18'),
(703, 'Born', NULL, '2025-06-01 18:34:18', '2025-06-01 18:34:18'),
(704, 'Borrego', NULL, '2025-06-01 18:34:18', '2025-06-01 18:34:18'),
(709, 'Brat', NULL, '2025-06-01 18:34:18', '2025-06-01 18:34:18'),
(713, 'Breez (520)', NULL, '2025-06-01 18:34:18', '2025-06-01 18:34:18'),
(718, 'Bronco', NULL, '2025-06-01 18:34:18', '2025-06-01 18:34:18'),
(727, 'Buddy', NULL, '2025-06-01 18:34:18', '2025-06-01 18:34:18'),
(730, 'BX5', NULL, '2025-06-01 18:34:18', '2025-06-01 18:34:18'),
(733, 'B-Класс', NULL, '2025-06-01 18:34:18', '2025-06-01 18:34:18'),
(738, 'C10', NULL, '2025-06-01 18:34:18', '2025-06-01 18:34:18'),
(748, 'C-30', NULL, '2025-06-01 18:34:18', '2025-06-01 18:34:18'),
(750, 'C32', NULL, '2025-06-01 18:34:18', '2025-06-01 18:34:18'),
(763, 'C61', NULL, '2025-06-01 18:34:18', '2025-06-01 18:34:18'),
(765, 'C8', NULL, '2025-06-01 18:34:18', '2025-06-01 18:34:18'),
(790, 'Caprice', NULL, '2025-06-01 18:34:18', '2025-06-01 18:34:18'),
(794, 'Cara', NULL, '2025-06-01 18:34:18', '2025-06-01 18:34:18'),
(795, 'Caravan', NULL, '2025-06-01 18:34:18', '2025-06-01 18:34:18'),
(797, 'Carens', NULL, '2025-06-01 18:34:18', '2025-06-01 18:34:18'),
(801, 'Carisma', NULL, '2025-06-01 18:34:18', '2025-06-01 18:34:18'),
(809, 'Casper', NULL, '2025-06-01 18:34:18', '2025-06-01 18:34:18'),
(813, 'Cavalier', NULL, '2025-06-01 18:34:18', '2025-06-01 18:34:18'),
(817, 'CC8S', NULL, '2025-06-01 18:34:18', '2025-06-01 18:34:18'),
(824, 'Ceed', NULL, '2025-06-01 18:34:18', '2025-06-01 18:34:18'),
(838, 'Century', NULL, '2025-06-01 18:34:18', '2025-06-01 18:34:18'),
(850, 'Charger Daytona', NULL, '2025-06-01 18:34:18', '2025-06-01 18:34:18'),
(854, 'Cherokee', NULL, '2025-06-01 18:34:18', '2025-06-01 18:34:18'),
(859, 'Chimaera', NULL, '2025-06-01 18:34:18', '2025-06-01 18:34:18'),
(864, 'Chubasco', NULL, '2025-06-01 18:34:18', '2025-06-01 18:34:18'),
(895, 'Clipper', NULL, '2025-06-01 18:34:18', '2025-06-01 18:34:18'),
(903, 'Clubman', NULL, '2025-06-01 18:34:18', '2025-06-01 18:34:18'),
(908, 'C-MAX', NULL, '2025-06-01 18:34:18', '2025-06-01 18:34:18'),
(911, 'Coffee 01', NULL, '2025-06-01 18:34:18', '2025-06-01 18:34:18'),
(912, 'Colony Park', NULL, '2025-06-01 18:34:18', '2025-06-01 18:34:18'),
(915, 'Colt Vista', NULL, '2025-06-01 18:34:18', '2025-06-01 18:34:18'),
(919, 'Commander', NULL, '2025-06-01 18:34:18', '2025-06-01 18:34:18'),
(925, 'Concept_One', NULL, '2025-06-01 18:34:18', '2025-06-01 18:34:18'),
(930, 'Contessa', NULL, '2025-06-01 18:34:18', '2025-06-01 18:34:18'),
(942, 'Corniche', NULL, '2025-06-01 18:34:18', '2025-06-01 18:34:18'),
(955, 'Corsair', NULL, '2025-06-01 18:34:18', '2025-06-01 18:34:18'),
(963, 'Countach LPI 800-4', NULL, '2025-06-01 18:34:18', '2025-06-01 18:34:18'),
(969, 'Cowry (V80)', NULL, '2025-06-01 18:34:18', '2025-06-01 18:34:18'),
(1004, 'CSR', NULL, '2025-06-01 18:34:18', '2025-06-01 18:34:18'),
(1026, 'Cutlass', NULL, '2025-06-01 18:34:18', '2025-06-01 18:34:18'),
(1029, 'Cutlass Supreme', NULL, '2025-06-01 18:34:18', '2025-06-01 18:34:18'),
(1046, 'Cygnet', NULL, '2025-06-01 18:34:18', '2025-06-01 18:34:18'),
(1057, 'D5', NULL, '2025-06-01 18:34:18', '2025-06-01 18:34:18'),
(1058, 'D6', NULL, '2025-06-01 18:34:18', '2025-06-01 18:34:18'),
(1061, 'D7', NULL, '2025-06-01 18:34:18', '2025-06-01 18:34:18'),
(1063, 'D8 Cosworth', NULL, '2025-06-01 18:34:18', '2025-06-01 18:34:18'),
(1066, 'D8 Zetec', NULL, '2025-06-01 18:34:18', '2025-06-01 18:34:18'),
(1068, 'D90', NULL, '2025-06-01 18:34:18', '2025-06-01 18:34:18'),
(1069, 'Dadao', NULL, '2025-06-01 18:34:18', '2025-06-01 18:34:18'),
(1070, 'DaGou (Big Dog)', NULL, '2025-06-01 18:34:18', '2025-06-01 18:34:18'),
(1092, 'Dedra', NULL, '2025-06-01 18:34:18', '2025-06-01 18:34:18'),
(1101, 'Deluxe', NULL, '2025-06-01 18:34:18', '2025-06-01 18:34:18'),
(1104, 'Dena', NULL, '2025-06-01 18:34:18', '2025-06-01 18:34:18'),
(1106, 'Destroyer 05', NULL, '2025-06-01 18:34:18', '2025-06-01 18:34:18'),
(1124, 'Discovery', NULL, '2025-06-01 18:34:18', '2025-06-01 18:34:18'),
(1126, 'Divo', NULL, '2025-06-01 18:34:18', '2025-06-01 18:34:18'),
(1127, 'D-Max', NULL, '2025-06-01 18:34:18', '2025-06-01 18:34:18'),
(1134, 'Dragon', NULL, '2025-06-01 18:34:18', '2025-06-01 18:34:18'),
(1147, 'DX3', NULL, '2025-06-01 18:34:18', '2025-06-01 18:34:18'),
(1150, 'DX8', NULL, '2025-06-01 18:34:18', '2025-06-01 18:34:18'),
(1156, 'E V12', NULL, '2025-06-01 18:34:18', '2025-06-01 18:34:18'),
(1163, 'E200', NULL, '2025-06-01 18:34:18', '2025-06-01 18:34:18'),
(1164, 'E3', NULL, '2025-06-01 18:34:18', '2025-06-01 18:34:18'),
(1170, 'E9', NULL, '2025-06-01 18:34:18', '2025-06-01 18:34:18'),
(1176, 'EB Veyron 16.4', NULL, '2025-06-01 18:34:18', '2025-06-01 18:34:18'),
(1180, 'EC7', NULL, '2025-06-01 18:34:18', '2025-06-01 18:34:18'),
(1198, 'E-HS9', NULL, '2025-06-01 18:34:18', '2025-06-01 18:34:18'),
(1211, 'Elan', NULL, '2025-06-01 18:34:18', '2025-06-01 18:34:18'),
(1223, 'Elite', NULL, '2025-06-01 18:34:18', '2025-06-01 18:34:18'),
(1252, 'Enyaq', NULL, '2025-06-01 18:34:18', '2025-06-01 18:34:18'),
(1255, 'Enyaq RS', NULL, '2025-06-01 18:34:18', '2025-06-01 18:34:18'),
(1281, 'ES', NULL, '2025-06-01 18:34:18', '2025-06-01 18:34:18'),
(1284, 'ES8', NULL, '2025-06-01 18:34:18', '2025-06-01 18:34:18'),
(1285, 'ES9', NULL, '2025-06-01 18:34:18', '2025-06-01 18:34:18'),
(1294, 'Espada', NULL, '2025-06-01 18:34:18', '2025-06-01 18:34:18'),
(1296, 'Espero', NULL, '2025-06-01 18:34:18', '2025-06-01 18:34:18'),
(1300, 'Estate', NULL, '2025-06-01 18:34:18', '2025-06-01 18:34:18'),
(1302, 'Esteem', NULL, '2025-06-01 18:34:18', '2025-06-01 18:34:18'),
(1304, 'Estina', NULL, '2025-06-01 18:34:18', '2025-06-01 18:34:18'),
(1315, 'E-type', NULL, '2025-06-01 18:34:18', '2025-06-01 18:34:18'),
(1345, 'EX5', NULL, '2025-06-01 18:34:18', '2025-06-01 18:34:18'),
(1353, 'Exeo', NULL, '2025-06-01 18:34:18', '2025-06-01 18:34:18'),
(1356, 'Exora', NULL, '2025-06-01 18:34:18', '2025-06-01 18:34:18'),
(1380, 'F7', NULL, '2025-06-01 18:34:18', '2025-06-01 18:34:18'),
(1412, 'Fiero', NULL, '2025-06-01 18:34:18', '2025-06-01 18:34:18'),
(1424, 'Firenza', NULL, '2025-06-01 18:34:18', '2025-06-01 18:34:18'),
(1435, 'Flavia', NULL, '2025-06-01 18:34:18', '2025-06-01 18:34:18'),
(1441, 'Florida', NULL, '2025-06-01 18:34:18', '2025-06-01 18:34:18'),
(1459, 'Forward', NULL, '2025-06-01 18:34:18', '2025-06-01 18:34:18'),
(1460, 'Forza', NULL, '2025-06-01 18:34:18', '2025-06-01 18:34:18'),
(1464, 'Free', NULL, '2025-06-01 18:34:18', '2025-06-01 18:34:18'),
(1477, 'Frontera', NULL, '2025-06-01 18:34:18', '2025-06-01 18:34:18'),
(1497, 'FX', NULL, '2025-06-01 18:34:18', '2025-06-01 18:34:18'),
(1503, 'G01F', NULL, '2025-06-01 18:34:18', '2025-06-01 18:34:18'),
(1506, 'G20', NULL, '2025-06-01 18:34:18', '2025-06-01 18:34:18'),
(1509, 'G4', NULL, '2025-06-01 18:34:18', '2025-06-01 18:34:18'),
(1512, 'G6', NULL, '2025-06-01 18:34:18', '2025-06-01 18:34:18'),
(1515, 'G80', NULL, '2025-06-01 18:34:18', '2025-06-01 18:34:18'),
(1517, 'G90', NULL, '2025-06-01 18:34:18', '2025-06-01 18:34:18'),
(1520, 'GA8', NULL, '2025-06-01 18:34:18', '2025-06-01 18:34:18'),
(1552, 'Ghost', NULL, '2025-06-01 18:34:18', '2025-06-01 18:34:18'),
(1600, 'Grand Cherokee', NULL, '2025-06-01 18:34:18', '2025-06-01 18:34:18'),
(1604, 'Grand Marquis', NULL, '2025-06-01 18:34:18', '2025-06-01 18:34:18'),
(1607, 'Grand Tiger', NULL, '2025-06-01 18:34:18', '2025-06-01 18:34:18'),
(1626, 'GS5', NULL, '2025-06-01 18:34:18', '2025-06-01 18:34:18'),
(1628, 'GSE/Yi', NULL, '2025-06-01 18:34:18', '2025-06-01 18:34:18'),
(1638, 'GTE', NULL, '2025-06-01 18:34:18', '2025-06-01 18:34:18'),
(1640, 'GTR', NULL, '2025-06-01 18:34:18', '2025-06-01 18:34:18'),
(1646, 'GV70', NULL, '2025-06-01 18:34:18', '2025-06-01 18:34:18'),
(1649, 'GX', NULL, '2025-06-01 18:34:18', '2025-06-01 18:34:18'),
(1656, 'H2', NULL, '2025-06-01 18:34:18', '2025-06-01 18:34:18'),
(1659, 'H2s', NULL, '2025-06-01 18:34:18', '2025-06-01 18:34:18'),
(1663, 'H5', NULL, '2025-06-01 18:34:18', '2025-06-01 18:34:18'),
(1670, 'H9', NULL, '2025-06-01 18:34:18', '2025-06-01 18:34:18'),
(1672, 'Haise S', NULL, '2025-06-01 18:34:18', '2025-06-01 18:34:18'),
(1678, 'Hatch', NULL, '2025-06-01 18:34:18', '2025-06-01 18:34:18'),
(1681, 'Hemera', NULL, '2025-06-01 18:34:18', '2025-06-01 18:34:18'),
(1689, 'Himiko', NULL, '2025-06-01 18:34:18', '2025-06-01 18:34:18'),
(1693, 'Hongguang S', NULL, '2025-06-01 18:34:18', '2025-06-01 18:34:18'),
(1695, 'Horizon', NULL, '2025-06-01 18:34:18', '2025-06-01 18:34:18'),
(1697, 'Hover', NULL, '2025-06-01 18:34:18', '2025-06-01 18:34:18'),
(1700, 'Hover H6', NULL, '2025-06-01 18:34:18', '2025-06-01 18:34:18'),
(1707, 'HS', NULL, '2025-06-01 18:34:18', '2025-06-01 18:34:18'),
(1711, 'HT-i', NULL, '2025-06-01 18:34:18', '2025-06-01 18:34:18'),
(1713, 'Hummer EV', NULL, '2025-06-01 18:34:18', '2025-06-01 18:34:18'),
(1720, 'Hyper HT', NULL, '2025-06-01 18:34:18', '2025-06-01 18:34:18'),
(1732, 'i5', NULL, '2025-06-01 18:34:18', '2025-06-01 18:34:18'),
(1737, 'iA', NULL, '2025-06-01 18:34:18', '2025-06-01 18:34:18'),
(1750, 'iEV7L', NULL, '2025-06-01 18:34:18', '2025-06-01 18:34:18'),
(1753, 'iEVS4', NULL, '2025-06-01 18:34:18', '2025-06-01 18:34:18'),
(1756, 'i-JOY', NULL, '2025-06-01 18:34:18', '2025-06-01 18:34:18'),
(1761, 'iMAX8', NULL, '2025-06-01 18:34:18', '2025-06-01 18:34:18'),
(1764, 'Imperator 108i', NULL, '2025-06-01 18:34:18', '2025-06-01 18:34:18'),
(1792, 'I-Pace', NULL, '2025-06-01 18:34:18', '2025-06-01 18:34:18'),
(1796, 'Iriz', NULL, '2025-06-01 18:34:18', '2025-06-01 18:34:18'),
(1798, 'IS F', NULL, '2025-06-01 18:34:18', '2025-06-01 18:34:18'),
(1802, 'i-SPACE', NULL, '2025-06-01 18:34:18', '2025-06-01 18:34:18'),
(1816, 'J', NULL, '2025-06-01 18:34:18', '2025-06-01 18:34:18'),
(1819, 'J4 (Heyue A30)', NULL, '2025-06-01 18:34:18', '2025-06-01 18:34:18'),
(1824, 'J8', NULL, '2025-06-01 18:34:18', '2025-06-01 18:34:18'),
(1832, 'Jeepster', NULL, '2025-06-01 18:34:18', '2025-06-01 18:34:18'),
(1833, 'Jesko', NULL, '2025-06-01 18:34:18', '2025-06-01 18:34:18'),
(1856, 'K150GT', NULL, '2025-06-01 18:34:18', '2025-06-01 18:34:18'),
(1871, 'Kallista', NULL, '2025-06-01 18:34:18', '2025-06-01 18:34:18'),
(1874, 'Kancil', NULL, '2025-06-01 18:34:18', '2025-06-01 18:34:18'),
(1892, 'Kenari', NULL, '2025-06-01 18:34:18', '2025-06-01 18:34:18'),
(1896, 'Kiwi EV', NULL, '2025-06-01 18:34:18', '2025-06-01 18:34:18'),
(1908, 'Kondor', NULL, '2025-06-01 18:34:18', '2025-06-01 18:34:18'),
(1911, 'Korando Sports', NULL, '2025-06-01 18:34:18', '2025-06-01 18:34:18'),
(1931, 'L7', NULL, '2025-06-01 18:34:18', '2025-06-01 18:34:18'),
(1934, 'La Joya', NULL, '2025-06-01 18:34:18', '2025-06-01 18:34:18'),
(1954, 'Landscape', NULL, '2025-06-01 18:34:18', '2025-06-01 18:34:18'),
(1958, 'Lanos', NULL, '2025-06-01 18:34:18', '2025-06-01 18:34:18'),
(1970, 'Latte', NULL, '2025-06-01 18:34:18', '2025-06-01 18:34:18'),
(2006, 'Liebao Leopard', NULL, '2025-06-01 18:34:18', '2025-06-01 18:34:18'),
(2009, 'Lightning Cat', NULL, '2025-06-01 18:34:18', '2025-06-01 18:34:18'),
(2015, 'Lingzhi M5', NULL, '2025-06-01 18:34:18', '2025-06-01 18:34:18'),
(2021, 'LM 400', NULL, '2025-06-01 18:34:18', '2025-06-01 18:34:18'),
(2032, 'LS6', NULL, '2025-06-01 18:34:18', '2025-06-01 18:34:18'),
(2049, 'LUX SA2.0', NULL, '2025-06-01 18:34:18', '2025-06-01 18:34:18'),
(2051, 'Luxgen7 MPV', NULL, '2025-06-01 18:34:18', '2025-06-01 18:34:18'),
(2053, 'LW', NULL, '2025-06-01 18:34:18', '2025-06-01 18:34:18'),
(2054, 'LX', NULL, '2025-06-01 18:34:18', '2025-06-01 18:34:18'),
(2057, 'Lykan Hypersport', NULL, '2025-06-01 18:34:18', '2025-06-01 18:34:18'),
(2061, 'M.Go', NULL, '2025-06-01 18:34:18', '2025-06-01 18:34:18'),
(2068, 'M15', NULL, '2025-06-01 18:34:18', '2025-06-01 18:34:18'),
(2073, 'M3 (BC3)', NULL, '2025-06-01 18:34:18', '2025-06-01 18:34:18'),
(2079, 'M7', NULL, '2025-06-01 18:34:18', '2025-06-01 18:34:18'),
(2080, 'M8', NULL, '2025-06-01 18:34:18', '2025-06-01 18:34:18'),
(2098, 'Marcasite', NULL, '2025-06-01 18:34:18', '2025-06-01 18:34:18'),
(2103, 'Marina', NULL, '2025-06-01 18:34:18', '2025-06-01 18:34:18'),
(2108, 'Mark IV', NULL, '2025-06-01 18:34:18', '2025-06-01 18:34:18'),
(2116, 'Marquis', NULL, '2025-06-01 18:34:18', '2025-06-01 18:34:18'),
(2118, 'Mars 9', NULL, '2025-06-01 18:34:18', '2025-06-01 18:34:18'),
(2120, 'Marvel R', NULL, '2025-06-01 18:34:18', '2025-06-01 18:34:18'),
(2127, 'Matiz', NULL, '2025-06-01 18:34:18', '2025-06-01 18:34:18'),
(2142, 'MC-1', NULL, '2025-06-01 18:34:18', '2025-06-01 18:34:18'),
(2147, 'ME7', NULL, '2025-06-01 18:34:18', '2025-06-01 18:34:18'),
(2149, 'Mega', NULL, '2025-06-01 18:34:18', '2025-06-01 18:34:18'),
(2164, 'Metrocab II (TTT)', NULL, '2025-06-01 18:34:18', '2025-06-01 18:34:18'),
(2176, 'Mille', NULL, '2025-06-01 18:34:18', '2025-06-01 18:34:18'),
(2179, 'Mini EV', NULL, '2025-06-01 18:34:18', '2025-06-01 18:34:18'),
(2182, 'Minyi', NULL, '2025-06-01 18:34:18', '2025-06-01 18:34:18'),
(2202, 'ML 63 Biturbo', NULL, '2025-06-01 18:34:18', '2025-06-01 18:34:18'),
(2209, 'Model 3', NULL, '2025-06-01 18:34:18', '2025-06-01 18:34:18'),
(2217, 'Model Y', NULL, '2025-06-01 18:34:18', '2025-06-01 18:34:18'),
(2228, 'Monte Carlo', NULL, '2025-06-01 18:34:18', '2025-06-01 18:34:18'),
(2256, 'Murat 124', NULL, '2025-06-01 18:34:18', '2025-06-01 18:34:18'),
(2260, 'Murman (820)', NULL, '2025-06-01 18:34:18', '2025-06-01 18:34:18'),
(2278, 'N7', NULL, '2025-06-01 18:34:18', '2025-06-01 18:34:18'),
(2282, 'Nano', NULL, '2025-06-01 18:34:18', '2025-06-01 18:34:18'),
(2292, 'NC 640 DP', NULL, '2025-06-01 18:34:18', '2025-06-01 18:34:18'),
(2296, 'Neta S', NULL, '2025-06-01 18:34:18', '2025-06-01 18:34:18'),
(2299, 'Neta V', NULL, '2025-06-01 18:34:18', '2025-06-01 18:34:18'),
(2315, 'Nomad', NULL, '2025-06-01 18:34:18', '2025-06-01 18:34:18'),
(2334, 'Ocean', NULL, '2025-06-01 18:34:18', '2025-06-01 18:34:18'),
(2339, 'Offroad', NULL, '2025-06-01 18:34:18', '2025-06-01 18:34:18'),
(2378, 'P7', NULL, '2025-06-01 18:34:18', '2025-06-01 18:34:18'),
(2382, 'Padmini', NULL, '2025-06-01 18:34:18', '2025-06-01 18:34:18'),
(2395, 'Pantera', NULL, '2025-06-01 18:34:18', '2025-06-01 18:34:18'),
(2411, 'Patriot', NULL, '2025-06-01 18:34:18', '2025-06-01 18:34:18'),
(2418, 'Persona', NULL, '2025-06-01 18:34:18', '2025-06-01 18:34:18'),
(2433, 'Pinzgauer', NULL, '2025-06-01 18:34:18', '2025-06-01 18:34:18'),
(2444, 'Plus 4', NULL, '2025-06-01 18:34:18', '2025-06-01 18:34:18'),
(2446, 'Plutus', NULL, '2025-06-01 18:34:18', '2025-06-01 18:34:18'),
(2478, 'Princess', NULL, '2025-06-01 18:34:18', '2025-06-01 18:34:18'),
(2486, 'Prizm', NULL, '2025-06-01 18:34:18', '2025-06-01 18:34:18'),
(2495, 'ProMaster City', NULL, '2025-06-01 18:34:18', '2025-06-01 18:34:18'),
(2512, 'Q', NULL, '2025-06-01 18:34:18', '2025-06-01 18:34:18'),
(2537, 'QM5', NULL, '2025-06-01 18:34:18', '2025-06-01 18:34:18'),
(2560, 'R Type', NULL, '2025-06-01 18:34:18', '2025-06-01 18:34:18'),
(2563, 'R1T', NULL, '2025-06-01 18:34:18', '2025-06-01 18:34:18'),
(2566, 'R4', NULL, '2025-06-01 18:34:18', '2025-06-01 18:34:18'),
(2585, 'Rambler Classic', NULL, '2025-06-01 18:34:18', '2025-06-01 18:34:18'),
(2590, 'Range Rover', NULL, '2025-06-01 18:34:18', '2025-06-01 18:34:18'),
(2593, 'Range Rover Velar', NULL, '2025-06-01 18:34:18', '2025-06-01 18:34:18'),
(2612, 'Regency', NULL, '2025-06-01 18:34:18', '2025-06-01 18:34:18'),
(2625, 'Revero GT', NULL, '2025-06-01 18:34:18', '2025-06-01 18:34:18'),
(2630, 'Rexton', NULL, '2025-06-01 18:34:18', '2025-06-01 18:34:18'),
(2643, 'Road Partner', NULL, '2025-06-01 18:34:18', '2025-06-01 18:34:18'),
(2646, 'Roadster', NULL, '2025-06-01 18:34:18', '2025-06-01 18:34:18'),
(2649, 'Rocsta', NULL, '2025-06-01 18:34:18', '2025-06-01 18:34:18'),
(2709, 'S5', NULL, '2025-06-01 18:34:18', '2025-06-01 18:34:18'),
(2720, 'S7', NULL, '2025-06-01 18:34:18', '2025-06-01 18:34:18'),
(2734, 'Sahra', NULL, '2025-06-01 18:34:18', '2025-06-01 18:34:18'),
(2739, 'Saina', NULL, '2025-06-01 18:34:18', '2025-06-01 18:34:18'),
(2742, 'Samba', NULL, '2025-06-01 18:34:18', '2025-06-01 18:34:18'),
(2758, 'Savana', NULL, '2025-06-01 18:34:18', '2025-06-01 18:34:18'),
(2762, 'SC', NULL, '2025-06-01 18:34:18', '2025-06-01 18:34:18'),
(2764, 'SC6390', NULL, '2025-06-01 18:34:18', '2025-06-01 18:34:18'),
(2768, 'Sceo', NULL, '2025-06-01 18:34:18', '2025-06-01 18:34:18'),
(2792, 'SEiGHT', NULL, '2025-06-01 18:34:18', '2025-06-01 18:34:18'),
(2794, 'Senat', NULL, '2025-06-01 18:34:18', '2025-06-01 18:34:18'),
(2803, 'Serce', NULL, '2025-06-01 18:34:18', '2025-06-01 18:34:18'),
(2814, 'Series V', NULL, '2025-06-01 18:34:18', '2025-06-01 18:34:18'),
(2823, 'Shanhai L9', NULL, '2025-06-01 18:34:18', '2025-06-01 18:34:18'),
(2831, 'Shineray X30', NULL, '2025-06-01 18:34:18', '2025-06-01 18:34:18'),
(2834, 'Shuttle', NULL, '2025-06-01 18:34:18', '2025-06-01 18:34:18'),
(2841, 'Sigma', NULL, '2025-06-01 18:34:18', '2025-06-01 18:34:18'),
(2858, 'Six', NULL, '2025-06-01 18:34:18', '2025-06-01 18:34:18'),
(2879, 'SM5', NULL, '2025-06-01 18:34:18', '2025-06-01 18:34:18'),
(2888, 'Solano', NULL, '2025-06-01 18:34:18', '2025-06-01 18:34:18'),
(2907, 'Soren', NULL, '2025-06-01 18:34:18', '2025-06-01 18:34:18'),
(2935, 'Spitfire', NULL, '2025-06-01 18:34:18', '2025-06-01 18:34:18'),
(2941, 'Sportster', NULL, '2025-06-01 18:34:18', '2025-06-01 18:34:18'),
(2960, 'SR-V X3', NULL, '2025-06-01 18:34:18', '2025-06-01 18:34:18'),
(3000, 'S-Type', NULL, '2025-06-01 18:34:18', '2025-06-01 18:34:18'),
(3004, 'Summit', NULL, '2025-06-01 18:34:18', '2025-06-01 18:34:18'),
(3005, 'Sumo', NULL, '2025-06-01 18:34:18', '2025-06-01 18:34:18'),
(3015, 'Super Six', NULL, '2025-06-01 18:34:18', '2025-06-01 18:34:18'),
(3017, 'SuperNova', NULL, '2025-06-01 18:34:18', '2025-06-01 18:34:18'),
(3022, 'S-V8', NULL, '2025-06-01 18:34:18', '2025-06-01 18:34:18'),
(3037, 'T03', NULL, '2025-06-01 18:34:18', '2025-06-01 18:34:18'),
(3040, 'T300', NULL, '2025-06-01 18:34:18', '2025-06-01 18:34:18'),
(3042, 'T5 EVO', NULL, '2025-06-01 18:34:18', '2025-06-01 18:34:18'),
(3045, 'T600', NULL, '2025-06-01 18:34:18', '2025-06-01 18:34:18'),
(3049, 'T700', NULL, '2025-06-01 18:34:18', '2025-06-01 18:34:18'),
(3071, 'Tank', NULL, '2025-06-01 18:34:18', '2025-06-01 18:34:18'),
(3086, 'tC', NULL, '2025-06-01 18:34:18', '2025-06-01 18:34:18'),
(3103, 'Terralord', NULL, '2025-06-01 18:34:18', '2025-06-01 18:34:18'),
(3157, 'TLX', NULL, '2025-06-01 18:34:18', '2025-06-01 18:34:18'),
(3169, 'Torres', NULL, '2025-06-01 18:34:18', '2025-06-01 18:34:18'),
(3184, 'TR4', NULL, '2025-06-01 18:34:18', '2025-06-01 18:34:18'),
(3187, 'TR8', NULL, '2025-06-01 18:34:18', '2025-06-01 18:34:18'),
(3190, 'Tracker', NULL, '2025-06-01 18:34:18', '2025-06-01 18:34:18'),
(3219, 'Trumpf Junior', NULL, '2025-06-01 18:34:18', '2025-06-01 18:34:18'),
(3220, 'TS', NULL, '2025-06-01 18:34:18', '2025-06-01 18:34:18'),
(3222, 'TSR-S', NULL, '2025-06-01 18:34:18', '2025-06-01 18:34:18'),
(3230, 'Tunland', NULL, '2025-06-01 18:34:18', '2025-06-01 18:34:18'),
(3233, 'Turbo R', NULL, '2025-06-01 18:34:18', '2025-06-01 18:34:18'),
(3243, 'TXL', NULL, '2025-06-01 18:34:18', '2025-06-01 18:34:18'),
(3244, 'Typ 13', NULL, '2025-06-01 18:34:18', '2025-06-01 18:34:18'),
(3250, 'Type 3', NULL, '2025-06-01 18:34:18', '2025-06-01 18:34:18'),
(3258, 'U6', NULL, '2025-06-01 18:34:18', '2025-06-01 18:34:18'),
(3261, 'U7 Turbo', NULL, '2025-06-01 18:34:18', '2025-06-01 18:34:18'),
(3263, 'U70 Pro', NULL, '2025-06-01 18:34:18', '2025-06-01 18:34:18'),
(3268, 'UNI-T', NULL, '2025-06-01 18:34:18', '2025-06-01 18:34:18'),
(3280, 'Utopia', NULL, '2025-06-01 18:34:18', '2025-06-01 18:34:18'),
(3327, 'Venom GT', NULL, '2025-06-01 18:34:18', '2025-06-01 18:34:18'),
(3340, 'Versa', NULL, '2025-06-01 18:34:18', '2025-06-01 18:34:18'),
(3350, 'VF8', NULL, '2025-06-01 18:34:18', '2025-06-01 18:34:18'),
(3356, 'Victory', NULL, '2025-06-01 18:34:18', '2025-06-01 18:34:18'),
(3368, 'Virage', NULL, '2025-06-01 18:34:18', '2025-06-01 18:34:18'),
(3369, 'Virgo', NULL, '2025-06-01 18:34:18', '2025-06-01 18:34:18'),
(3371, 'Vision', NULL, '2025-06-01 18:34:18', '2025-06-01 18:34:18'),
(3376, 'Vista', NULL, '2025-06-01 18:34:18', '2025-06-01 18:34:18'),
(3383, 'Viva', NULL, '2025-06-01 18:34:18', '2025-06-01 18:34:18'),
(3393, 'V-Online', NULL, '2025-06-01 18:34:18', '2025-06-01 18:34:18'),
(3396, 'VS5', NULL, '2025-06-01 18:34:18', '2025-06-01 18:34:18'),
(3401, 'VV6', NULL, '2025-06-01 18:34:18', '2025-06-01 18:34:18'),
(3431, 'W23', NULL, '2025-06-01 18:34:18', '2025-06-01 18:34:18'),
(3435, 'W8 Twin Turbo', NULL, '2025-06-01 18:34:18', '2025-06-01 18:34:18'),
(3471, 'X3', NULL, '2025-06-01 18:34:18', '2025-06-01 18:34:18'),
(3474, 'X300', NULL, '2025-06-01 18:34:18', '2025-06-01 18:34:18'),
(3482, 'X5 Plus', NULL, '2025-06-01 18:34:18', '2025-06-01 18:34:18'),
(3487, 'X6 Pro', NULL, '2025-06-01 18:34:18', '2025-06-01 18:34:18'),
(3489, 'X7', NULL, '2025-06-01 18:34:18', '2025-06-01 18:34:18'),
(3492, 'X70', NULL, '2025-06-01 18:34:18', '2025-06-01 18:34:18'),
(3497, 'X90', NULL, '2025-06-01 18:34:18', '2025-06-01 18:34:18'),
(3515, 'xD', NULL, '2025-06-01 18:34:18', '2025-06-01 18:34:18'),
(3535, 'XJ40', NULL, '2025-06-01 18:34:18', '2025-06-01 18:34:18'),
(3544, 'XM', NULL, '2025-06-01 18:34:18', '2025-06-01 18:34:18'),
(3545, 'XM3', NULL, '2025-06-01 18:34:18', '2025-06-01 18:34:18'),
(3546, 'X-NV', NULL, '2025-06-01 18:34:18', '2025-06-01 18:34:18'),
(3566, 'Y', NULL, '2025-06-01 18:34:18', '2025-06-01 18:34:18'),
(3567, 'Y Plus', NULL, '2025-06-01 18:34:18', '2025-06-01 18:34:18'),
(3569, 'Yacht', NULL, '2025-06-01 18:34:18', '2025-06-01 18:34:18'),
(3579, 'Yida', NULL, '2025-06-01 18:34:18', '2025-06-01 18:34:18'),
(3583, 'Yuan', NULL, '2025-06-01 18:34:18', '2025-06-01 18:34:18'),
(3590, 'Yuhu 7', NULL, '2025-06-01 18:34:18', '2025-06-01 18:34:18'),
(3599, 'Z300', NULL, '2025-06-01 18:34:18', '2025-06-01 18:34:18'),
(3600, 'Z4', NULL, '2025-06-01 18:34:18', '2025-06-01 18:34:18'),
(3602, 'Z6', NULL, '2025-06-01 18:34:18', '2025-06-01 18:34:18'),
(3622, 'ZX', NULL, '2025-06-01 18:34:18', '2025-06-01 18:34:18'),
(3626, 'Багги Type 1', NULL, '2025-06-01 18:34:18', '2025-06-01 18:34:18'),
(3640, 'С-3А', NULL, '2025-06-01 18:34:18', '2025-06-01 18:34:18'),
(3643, 'Самоделки', NULL, '2025-06-01 18:34:18', '2025-06-01 18:34:18');

-- --------------------------------------------------------

--
-- Структура таблицы `car_photos`
--

CREATE TABLE `car_photos` (
  `id` bigint(20) UNSIGNED NOT NULL,
  `car_id` bigint(20) UNSIGNED DEFAULT NULL,
  `url` varchar(255) NOT NULL,
  `created_at` timestamp NULL DEFAULT NULL,
  `updated_at` timestamp NULL DEFAULT NULL
) ENGINE=InnoDB DEFAULT CHARSET=utf8mb4 COLLATE=utf8mb4_unicode_ci;

-- --------------------------------------------------------

--
-- Структура таблицы `car_types`
--

CREATE TABLE `car_types` (
  `id` bigint(20) UNSIGNED NOT NULL,
  `type_name` varchar(255) NOT NULL,
  `deleted_at` timestamp NULL DEFAULT NULL,
  `created_at` timestamp NULL DEFAULT NULL,
  `updated_at` timestamp NULL DEFAULT NULL
) ENGINE=InnoDB DEFAULT CHARSET=utf8mb4 COLLATE=utf8mb4_unicode_ci;

--
-- Дамп данных таблицы `car_types`
--

INSERT INTO `car_types` (`id`, `type_name`, `deleted_at`, `created_at`, `updated_at`) VALUES
(1, 'седан', NULL, '2025-06-01 18:34:18', '2025-06-01 18:34:18'),
(2, 'купе', NULL, '2025-06-01 18:34:18', '2025-06-01 18:34:18'),
(3, 'хэтчбек', NULL, '2025-06-01 18:34:18', '2025-06-01 18:34:18'),
(4, 'лифтбек', NULL, '2025-06-01 18:34:18', '2025-06-01 18:34:18'),
(5, 'фастбэк', NULL, '2025-06-01 18:34:18', '2025-06-01 18:34:18'),
(6, 'универсал', NULL, '2025-06-01 18:34:18', '2025-06-01 18:34:18'),
(7, 'кроссовер', NULL, '2025-06-01 18:34:18', '2025-06-01 18:34:18'),
(8, 'внедорожник', NULL, '2025-06-01 18:34:18', '2025-06-01 18:34:18'),
(9, 'пикап', NULL, '2025-06-01 18:34:18', '2025-06-01 18:34:18'),
(10, 'легковой фургон', NULL, '2025-06-01 18:34:18', '2025-06-01 18:34:18'),
(11, 'минивэн', NULL, '2025-06-01 18:34:18', '2025-06-01 18:34:18'),
(12, 'компактвэн', NULL, '2025-06-01 18:34:18', '2025-06-01 18:34:18'),
(13, 'микровэн', NULL, '2025-06-01 18:34:18', '2025-06-01 18:34:18'),
(14, 'кабриолет', NULL, '2025-06-01 18:34:18', '2025-06-01 18:34:18'),
(15, 'родстер', NULL, '2025-06-01 18:34:18', '2025-06-01 18:34:18'),
(16, 'ландо', NULL, '2025-06-01 18:34:18', '2025-06-01 18:34:18'),
(17, 'лимузин', NULL, '2025-06-01 18:34:18', '2025-06-01 18:34:18');

-- --------------------------------------------------------

--
-- Структура таблицы `clients`
--

CREATE TABLE `clients` (
  `id` bigint(20) UNSIGNED NOT NULL,
  `client_name` varchar(255) NOT NULL,
  `client_mail` varchar(255) NOT NULL,
  `client_phone` varchar(255) NOT NULL,
  `client_address` varchar(255) DEFAULT NULL,
  `client_add_data` text DEFAULT NULL,
  `client_status` tinyint(1) NOT NULL DEFAULT 0,
  `deleted_at` timestamp NULL DEFAULT NULL,
  `created_at` timestamp NULL DEFAULT NULL,
  `updated_at` timestamp NULL DEFAULT NULL
) ENGINE=InnoDB DEFAULT CHARSET=utf8mb4 COLLATE=utf8mb4_unicode_ci;

--
-- Дамп данных таблицы `clients`
--

INSERT INTO `clients` (`id`, `client_name`, `client_mail`, `client_phone`, `client_address`, `client_add_data`, `client_status`, `deleted_at`, `created_at`, `updated_at`) VALUES
(1, 'Матвей Большаков', 'boris.vorobeva@example.net', '+79427718835', '254041, Калининградская область, город Ступино, спуск Чехова, 98', 'Под всем этим было написано: «И вот заведение».', 0, NULL, '2025-06-01 18:34:20', '2025-06-01 18:34:20'),
(2, 'Вадим Афанасьева', 'maksimova.elena@example.net', '+79242986913', '165140, Магаданская область, город Одинцово, пер. 1905 года, 90', 'С полицеймейстером и прокурором Ноздрев тоже был.', 0, NULL, '2025-06-01 18:34:20', '2025-06-01 18:34:20'),
(3, 'Клавдия Кудряшов', 'vorobev.eva@example.org', '+79628772023', '479951, Тамбовская область, город Кашира, пр. Чехова, 74', 'Герой наш очень заботился о своих потомках.', 1, NULL, '2025-06-01 18:34:20', '2025-06-01 18:34:20'),
(4, 'Юрий Пестов', 'rodionov.anastasia@example.com', '+79429339340', '347341, Белгородская область, город Озёры, ул. Гоголя, 86', 'Семенович, поверьте моей совести, не могу: чего.', 1, NULL, '2025-06-01 18:34:20', '2025-06-01 18:34:20'),
(5, 'Анжелика Панфилова', 'karpov.an@example.com', '+79957473012', '849909, Костромская область, город Лотошино, спуск Балканская, 15', 'Кувшинников, то есть что Петрушка ходил в.', 0, NULL, '2025-06-01 18:34:20', '2025-06-01 18:34:20'),
(6, 'Георгий Мясникова', 'varvara62@example.org', '+79592828282', '333766, Смоленская область, город Солнечногорск, бульвар Сталина, 26', 'Прощайте, почтеннейший друг! Не позабудьте.', 0, NULL, '2025-06-01 18:34:21', '2025-06-01 18:34:21'),
(7, 'Ираклий Ермакова', 'kuzmin.stanislav@example.net', '+79843483988', '232769, Ярославская область, город Видное, бульвар Чехова, 66', 'Но гость отказался и от почесывания пяток.', 0, NULL, '2025-06-01 18:34:21', '2025-06-01 18:34:21'),
(8, 'Даниил Суханов', 'mkiseleva@example.com', '+79489863146', '721571, Амурская область, город Кашира, наб. Гагарина, 69', 'Откуда возьмется и надутость, и чопорность.', 1, NULL, '2025-06-01 18:34:21', '2025-06-01 18:34:21'),
(9, 'Станислав Лобанова', 'arhipov.zoa@example.org', '+79285921804', '091489, Костромская область, город Ступино, бульвар Будапештсткая, 79', 'Один раз, впрочем, лицо его глядело какою-то.', 0, NULL, '2025-06-01 18:34:21', '2025-06-01 18:34:21'),
(10, 'Владимир Волков', 'antonova.dan@example.org', '+79511946167', '597028, Тверская область, город Серебряные Пруды, спуск Славы, 15', 'Такую же странную страсть имел и Ноздрев. Чем.', 1, NULL, '2025-06-01 18:34:21', '2025-06-01 18:34:21');

-- --------------------------------------------------------

--
-- Структура таблицы `deliveries`
--

CREATE TABLE `deliveries` (
  `id` bigint(20) UNSIGNED NOT NULL,
  `delivery_name` varchar(255) NOT NULL,
  `deleted_at` timestamp NULL DEFAULT NULL,
  `created_at` timestamp NULL DEFAULT NULL,
  `updated_at` timestamp NULL DEFAULT NULL
) ENGINE=InnoDB DEFAULT CHARSET=utf8mb4 COLLATE=utf8mb4_unicode_ci;

--
-- Дамп данных таблицы `deliveries`
--

INSERT INTO `deliveries` (`id`, `delivery_name`, `deleted_at`, `created_at`, `updated_at`) VALUES
(1, 'Самовывоз', NULL, '2025-06-01 18:34:20', '2025-06-01 18:34:20'),
(2, 'Доставка до клиента', NULL, '2025-06-01 18:34:20', '2025-06-01 18:34:20'),
(3, 'Доставка до ТК', NULL, '2025-06-01 18:34:20', '2025-06-01 18:34:20');

-- --------------------------------------------------------

--
-- Структура таблицы `failed_jobs`
--

CREATE TABLE `failed_jobs` (
  `id` bigint(20) UNSIGNED NOT NULL,
  `uuid` varchar(255) NOT NULL,
  `connection` text NOT NULL,
  `queue` text NOT NULL,
  `payload` longtext NOT NULL,
  `exception` longtext NOT NULL,
  `failed_at` timestamp NOT NULL DEFAULT current_timestamp()
) ENGINE=InnoDB DEFAULT CHARSET=utf8mb4 COLLATE=utf8mb4_unicode_ci;

-- --------------------------------------------------------

--
-- Структура таблицы `jobs`
--

CREATE TABLE `jobs` (
  `id` bigint(20) UNSIGNED NOT NULL,
  `queue` varchar(255) NOT NULL,
  `payload` longtext NOT NULL,
  `attempts` tinyint(3) UNSIGNED NOT NULL,
  `reserved_at` int(10) UNSIGNED DEFAULT NULL,
  `available_at` int(10) UNSIGNED NOT NULL,
  `created_at` int(10) UNSIGNED NOT NULL
) ENGINE=InnoDB DEFAULT CHARSET=utf8mb4 COLLATE=utf8mb4_unicode_ci;

-- --------------------------------------------------------

--
-- Структура таблицы `job_batches`
--

CREATE TABLE `job_batches` (
  `id` varchar(255) NOT NULL,
  `name` varchar(255) NOT NULL,
  `total_jobs` int(11) NOT NULL,
  `pending_jobs` int(11) NOT NULL,
  `failed_jobs` int(11) NOT NULL,
  `failed_job_ids` longtext NOT NULL,
  `options` mediumtext DEFAULT NULL,
  `cancelled_at` int(11) DEFAULT NULL,
  `created_at` int(11) NOT NULL,
  `finished_at` int(11) DEFAULT NULL
) ENGINE=InnoDB DEFAULT CHARSET=utf8mb4 COLLATE=utf8mb4_unicode_ci;

-- --------------------------------------------------------

--
-- Структура таблицы `migrations`
--

CREATE TABLE `migrations` (
  `id` int(10) UNSIGNED NOT NULL,
  `migration` varchar(255) NOT NULL,
  `batch` int(11) NOT NULL
) ENGINE=InnoDB DEFAULT CHARSET=utf8mb4 COLLATE=utf8mb4_unicode_ci;

--
-- Дамп данных таблицы `migrations`
--

INSERT INTO `migrations` (`id`, `migration`, `batch`) VALUES
(49, '0001_01_01_000000_create_users_table', 1),
(50, '0001_01_01_000001_create_cache_table', 1),
(51, '0001_01_01_000002_create_jobs_table', 1),
(52, '2025_05_05_133820_create_personal_access_tokens_table', 1),
(53, '2025_05_06_124453_create_car_marks_table', 1),
(54, '2025_05_06_124526_create_car_models_table', 1),
(55, '2025_05_06_124541_create_car_colors_table', 1),
(56, '2025_05_06_124551_create_car_countries_table', 1),
(57, '2025_05_06_124558_create_car_types_table', 1),
(58, '2025_05_06_124559_create_car_mark_model_countries_table', 1),
(59, '2025_05_06_124565_create_cars_table', 1),
(60, '2025_05_06_134236_create_user_positions_table', 1),
(61, '2025_05_06_134245_create_user_departments_table', 1),
(62, '2025_05_06_134255_create_user_department_positions_table', 1),
(63, '2025_05_06_134256_create_user_statuses_table', 1),
(64, '2025_05_06_143937_update_fields_to_users_table', 1),
(65, '2025_05_06_193529_create_car_photos_table', 1),
(66, '2025_05_24_114237_create_statuses_table', 1),
(67, '2025_05_24_114241_create_deliveries_table', 1),
(68, '2025_05_24_114247_create_payments_table', 1),
(69, '2025_05_24_114414_create_clients_table', 1),
(70, '2025_05_24_115553_create_orders_table', 1),
(71, '2025_05_24_115603_create_order_statuses_table', 1),
(72, '2025_05_24_115621_create_order_cars_table', 1);

-- --------------------------------------------------------

--
-- Структура таблицы `orders`
--

CREATE TABLE `orders` (
  `id` bigint(20) UNSIGNED NOT NULL,
  `client_id` bigint(20) UNSIGNED NOT NULL,
  `user_id` bigint(20) UNSIGNED NOT NULL,
  `payment_id` bigint(20) UNSIGNED NOT NULL,
  `delivery_id` bigint(20) UNSIGNED NOT NULL,
  `delivery_address` text DEFAULT NULL,
  `deleted_at` timestamp NULL DEFAULT NULL,
  `created_at` timestamp NULL DEFAULT NULL,
  `updated_at` timestamp NULL DEFAULT NULL
) ENGINE=InnoDB DEFAULT CHARSET=utf8mb4 COLLATE=utf8mb4_unicode_ci;

--
-- Дамп данных таблицы `orders`
--

INSERT INTO `orders` (`id`, `client_id`, `user_id`, `payment_id`, `delivery_id`, `delivery_address`, `deleted_at`, `created_at`, `updated_at`) VALUES
(1, 5, 25, 3, 3, '750273, Тюменская область, город Солнечногорск, шоссе Гоголя, 35', NULL, '2025-06-01 18:34:22', '2025-06-01 18:34:22'),
(2, 3, 25, 1, 2, '747533, Тюменская область, город Кашира, ул. Славы, 75', NULL, '2025-06-01 18:34:22', '2025-06-01 18:34:22'),
(3, 8, 8, 2, 1, '235346, Брянская область, город Клин, проезд Ладыгина, 85', NULL, '2025-06-01 18:34:22', '2025-06-01 18:34:22'),
(4, 6, 23, 1, 3, '440824, Саратовская область, город Мытищи, пл. Балканская, 15', NULL, '2025-06-01 18:34:22', '2025-06-01 18:34:22'),
(5, 3, 8, 3, 2, '622301, Липецкая область, город Лотошино, пер. Сталина, 56', NULL, '2025-06-01 18:34:22', '2025-06-01 18:34:22'),
(6, 6, 5, 3, 1, '869783, Челябинская область, город Волоколамск, пер. Ленина, 24', NULL, '2025-06-01 18:34:22', '2025-06-01 18:34:22'),
(7, 7, 23, 1, 2, '295877, Белгородская область, город Волоколамск, проезд Будапештсткая, 23', NULL, '2025-06-01 18:34:22', '2025-06-01 18:34:22'),
(8, 10, 8, 3, 1, '060118, Владимирская область, город Москва, спуск Домодедовская, 53', NULL, '2025-06-01 18:34:22', '2025-06-01 18:34:22'),
(9, 6, 5, 2, 1, '325841, Кемеровская область, город Подольск, проезд Косиора, 62', NULL, '2025-06-01 18:34:22', '2025-06-01 18:34:22'),
(10, 4, 17, 2, 3, '531103, Калужская область, город Балашиха, пл. Балканская, 71', NULL, '2025-06-01 18:34:22', '2025-06-01 18:34:22');

-- --------------------------------------------------------

--
-- Структура таблицы `order_cars`
--

CREATE TABLE `order_cars` (
  `id` bigint(20) UNSIGNED NOT NULL,
  `order_id` bigint(20) UNSIGNED NOT NULL,
  `car_id` bigint(20) UNSIGNED NOT NULL,
  `deleted_at` timestamp NULL DEFAULT NULL,
  `created_at` timestamp NULL DEFAULT NULL,
  `updated_at` timestamp NULL DEFAULT NULL
) ENGINE=InnoDB DEFAULT CHARSET=utf8mb4 COLLATE=utf8mb4_unicode_ci;

--
-- Дамп данных таблицы `order_cars`
--

INSERT INTO `order_cars` (`id`, `order_id`, `car_id`, `deleted_at`, `created_at`, `updated_at`) VALUES
(1, 4, 7, NULL, '2025-06-01 18:34:22', '2025-06-01 18:34:22'),
(2, 9, 2, NULL, '2025-06-01 18:34:22', '2025-06-01 18:34:22'),
(3, 8, 2, NULL, '2025-06-01 18:34:22', '2025-06-01 18:34:22'),
(4, 2, 4, NULL, '2025-06-01 18:34:22', '2025-06-01 18:34:22'),
(5, 5, 5, NULL, '2025-06-01 18:34:22', '2025-06-01 18:34:22'),
(6, 8, 3, NULL, '2025-06-01 18:34:22', '2025-06-01 18:34:22'),
(7, 1, 4, NULL, '2025-06-01 18:34:22', '2025-06-01 18:34:22'),
(8, 4, 1, NULL, '2025-06-01 18:34:22', '2025-06-01 18:34:22'),
(9, 5, 3, NULL, '2025-06-01 18:34:22', '2025-06-01 18:34:22'),
(10, 9, 3, NULL, '2025-06-01 18:34:22', '2025-06-01 18:34:22'),
(11, 8, 8, NULL, '2025-06-01 18:34:22', '2025-06-01 18:34:22'),
(12, 4, 9, NULL, '2025-06-01 18:34:22', '2025-06-01 18:34:22'),
(13, 7, 5, NULL, '2025-06-01 18:34:22', '2025-06-01 18:34:22'),
(14, 3, 9, NULL, '2025-06-01 18:34:22', '2025-06-01 18:34:22'),
(15, 2, 10, NULL, '2025-06-01 18:34:22', '2025-06-01 18:34:22'),
(16, 10, 6, NULL, '2025-06-01 18:34:22', '2025-06-01 18:34:22'),
(17, 8, 7, NULL, '2025-06-01 18:34:22', '2025-06-01 18:34:22'),
(18, 7, 1, NULL, '2025-06-01 18:34:22', '2025-06-01 18:34:22'),
(19, 3, 5, NULL, '2025-06-01 18:34:22', '2025-06-01 18:34:22');

-- --------------------------------------------------------

--
-- Структура таблицы `order_statuses`
--

CREATE TABLE `order_statuses` (
  `id` bigint(20) UNSIGNED NOT NULL,
  `order_id` bigint(20) UNSIGNED NOT NULL,
  `status_id` bigint(20) UNSIGNED NOT NULL,
  `deleted_at` timestamp NULL DEFAULT NULL,
  `created_at` timestamp NULL DEFAULT NULL,
  `updated_at` timestamp NULL DEFAULT NULL
) ENGINE=InnoDB DEFAULT CHARSET=utf8mb4 COLLATE=utf8mb4_unicode_ci;

--
-- Дамп данных таблицы `order_statuses`
--

INSERT INTO `order_statuses` (`id`, `order_id`, `status_id`, `deleted_at`, `created_at`, `updated_at`) VALUES
(1, 7, 4, NULL, '2025-06-01 18:34:23', '2025-06-01 18:34:23'),
(2, 4, 4, NULL, '2025-06-01 18:34:23', '2025-06-01 18:34:23'),
(3, 10, 2, NULL, '2025-06-01 18:34:23', '2025-06-01 18:34:23'),
(4, 3, 4, NULL, '2025-06-01 18:34:23', '2025-06-01 18:34:23'),
(5, 1, 4, NULL, '2025-06-01 18:34:23', '2025-06-01 18:34:23'),
(6, 1, 3, NULL, '2025-06-01 18:34:23', '2025-06-01 18:34:23'),
(7, 5, 5, NULL, '2025-06-01 18:34:23', '2025-06-01 18:34:23'),
(8, 5, 1, NULL, '2025-06-01 18:34:23', '2025-06-01 18:34:23'),
(9, 7, 1, NULL, '2025-06-01 18:34:23', '2025-06-01 18:34:23'),
(10, 2, 1, NULL, '2025-06-01 18:34:23', '2025-06-01 18:34:23'),
(11, 10, 5, NULL, '2025-06-01 18:34:23', '2025-06-01 18:34:23'),
(12, 1, 5, NULL, '2025-06-01 18:34:23', '2025-06-01 18:34:23'),
(13, 8, 2, NULL, '2025-06-01 18:34:23', '2025-06-01 18:34:23'),
(14, 10, 3, NULL, '2025-06-01 18:34:23', '2025-06-01 18:34:23'),
(15, 7, 5, NULL, '2025-06-01 18:34:23', '2025-06-01 18:34:23'),
(16, 6, 2, NULL, '2025-06-01 18:34:23', '2025-06-01 18:34:23'),
(17, 5, 1, NULL, '2025-06-01 18:34:23', '2025-06-01 18:34:23'),
(18, 1, 2, NULL, '2025-06-01 18:34:23', '2025-06-01 18:34:23'),
(19, 5, 5, NULL, '2025-06-01 18:34:23', '2025-06-01 18:34:23'),
(20, 4, 2, NULL, '2025-06-01 18:34:23', '2025-06-01 18:34:23');

-- --------------------------------------------------------

--
-- Структура таблицы `password_reset_tokens`
--

CREATE TABLE `password_reset_tokens` (
  `email` varchar(255) NOT NULL,
  `token` varchar(255) NOT NULL,
  `created_at` timestamp NULL DEFAULT NULL
) ENGINE=InnoDB DEFAULT CHARSET=utf8mb4 COLLATE=utf8mb4_unicode_ci;

-- --------------------------------------------------------

--
-- Структура таблицы `payments`
--

CREATE TABLE `payments` (
  `id` bigint(20) UNSIGNED NOT NULL,
  `payment_name` varchar(255) NOT NULL,
  `deleted_at` timestamp NULL DEFAULT NULL,
  `created_at` timestamp NULL DEFAULT NULL,
  `updated_at` timestamp NULL DEFAULT NULL
) ENGINE=InnoDB DEFAULT CHARSET=utf8mb4 COLLATE=utf8mb4_unicode_ci;

--
-- Дамп данных таблицы `payments`
--

INSERT INTO `payments` (`id`, `payment_name`, `deleted_at`, `created_at`, `updated_at`) VALUES
(1, 'Оплата картой', NULL, '2025-06-01 18:34:20', '2025-06-01 18:34:20'),
(2, 'Оплата наличными', NULL, '2025-06-01 18:34:20', '2025-06-01 18:34:20'),
(3, 'Безналичный расчет', NULL, '2025-06-01 18:34:20', '2025-06-01 18:34:20');

-- --------------------------------------------------------

--
-- Структура таблицы `personal_access_tokens`
--

CREATE TABLE `personal_access_tokens` (
  `id` bigint(20) UNSIGNED NOT NULL,
  `tokenable_type` varchar(255) NOT NULL,
  `tokenable_id` bigint(20) UNSIGNED NOT NULL,
  `name` varchar(255) NOT NULL,
  `token` varchar(64) NOT NULL,
  `abilities` text DEFAULT NULL,
  `last_used_at` timestamp NULL DEFAULT NULL,
  `expires_at` timestamp NULL DEFAULT NULL,
  `created_at` timestamp NULL DEFAULT NULL,
  `updated_at` timestamp NULL DEFAULT NULL
) ENGINE=InnoDB DEFAULT CHARSET=utf8mb4 COLLATE=utf8mb4_unicode_ci;

-- --------------------------------------------------------

--
-- Структура таблицы `sessions`
--

CREATE TABLE `sessions` (
  `id` varchar(255) NOT NULL,
  `user_id` bigint(20) UNSIGNED DEFAULT NULL,
  `ip_address` varchar(45) DEFAULT NULL,
  `user_agent` text DEFAULT NULL,
  `payload` longtext NOT NULL,
  `last_activity` int(11) NOT NULL
) ENGINE=InnoDB DEFAULT CHARSET=utf8mb4 COLLATE=utf8mb4_unicode_ci;

-- --------------------------------------------------------

--
-- Структура таблицы `statuses`
--

CREATE TABLE `statuses` (
  `id` bigint(20) UNSIGNED NOT NULL,
  `status_name` varchar(255) NOT NULL,
  `status_description` text DEFAULT NULL,
  `status_number` int(10) UNSIGNED NOT NULL,
  `deleted_at` timestamp NULL DEFAULT NULL,
  `created_at` timestamp NULL DEFAULT NULL,
  `updated_at` timestamp NULL DEFAULT NULL
) ENGINE=InnoDB DEFAULT CHARSET=utf8mb4 COLLATE=utf8mb4_unicode_ci;

--
-- Дамп данных таблицы `statuses`
--

INSERT INTO `statuses` (`id`, `status_name`, `status_description`, `status_number`, `deleted_at`, `created_at`, `updated_at`) VALUES
(1, 'Создан', 'При создании заказа (клиентом, по телефону координатором)', 1, NULL, '2025-06-01 18:34:20', '2025-06-01 18:34:20'),
(2, 'В работе', 'При взятии заказа в работу (менеджером)', 2, NULL, '2025-06-01 18:34:20', '2025-06-01 18:34:20'),
(3, 'Подтвержден', 'При подтверждении наличия товара на складе (менеджером)', 3, NULL, '2025-06-01 18:34:20', '2025-06-01 18:34:20'),
(4, 'Отменен', 'При отмене заказа (менеджером)', 4, NULL, '2025-06-01 18:34:20', '2025-06-01 18:34:20'),
(5, 'Выполнен', 'При выполнении заказа (менеджером)', 5, NULL, '2025-06-01 18:34:20', '2025-06-01 18:34:20');

-- --------------------------------------------------------

--
-- Структура таблицы `users`
--

CREATE TABLE `users` (
  `id` bigint(20) UNSIGNED NOT NULL,
  `login` varchar(255) NOT NULL COMMENT 'логин',
  `password` varchar(255) NOT NULL COMMENT 'пароль',
  `firstname` varchar(255) NOT NULL COMMENT 'имя',
  `surname` varchar(255) NOT NULL COMMENT 'фамилия',
  `patronymic` varchar(255) DEFAULT NULL COMMENT 'отчество',
  `email` varchar(255) DEFAULT NULL COMMENT 'email',
  `phone` varchar(255) DEFAULT NULL COMMENT 'телефон',
  `birthday` date DEFAULT NULL COMMENT 'день рождения',
  `department_id` bigint(20) UNSIGNED DEFAULT NULL COMMENT 'отдел',
  `position_id` bigint(20) UNSIGNED DEFAULT NULL COMMENT 'должность',
  `start_work` date DEFAULT NULL COMMENT 'трудоустройство',
  `status_id` bigint(20) UNSIGNED DEFAULT NULL COMMENT 'статус',
  `status_at` date DEFAULT NULL COMMENT 'смена статуса',
  `permissions` longtext CHARACTER SET utf8mb4 COLLATE utf8mb4_bin DEFAULT NULL COMMENT 'разрешения' CHECK (json_valid(`permissions`)),
  `deleted_at` timestamp NULL DEFAULT NULL,
  `remember_token` varchar(100) DEFAULT NULL,
  `created_at` timestamp NULL DEFAULT NULL,
  `updated_at` timestamp NULL DEFAULT NULL
) ENGINE=InnoDB DEFAULT CHARSET=utf8mb4 COLLATE=utf8mb4_unicode_ci;

--
-- Дамп данных таблицы `users`
--

INSERT INTO `users` (`id`, `login`, `password`, `firstname`, `surname`, `patronymic`, `email`, `phone`, `birthday`, `department_id`, `position_id`, `start_work`, `status_id`, `status_at`, `permissions`, `deleted_at`, `remember_token`, `created_at`, `updated_at`) VALUES
(1, 'dubuque.joey', '$2y$12$NT/9y4zE/KCrleIKwfmnGeGCqwo.p0nus.IjegWjRtEBFnOS1Dq6.', 'Бронислав', 'Потапова', 'Александрович', 'jfrolov@example.com', '+79245985845', '2000-08-20', 6, 9, '2021-05-03', 3, '1987-06-19', '{\"view_reports\":\"edit_reports\"}', NULL, 'B4vc6G8sbn', '2025-06-01 18:34:20', '2025-06-01 18:34:20'),
(2, 'jovan.hudson', '$2y$12$NT/9y4zE/KCrleIKwfmnGeGCqwo.p0nus.IjegWjRtEBFnOS1Dq6.', 'Назар', 'Белоусов', 'Павлович', 'ekaterina81@example.com', '+79913487170', '1978-01-30', 2, 5, '2009-10-06', 3, '1984-01-04', '{\"view_reports\":\"edit_reports\"}', NULL, '5UhZES75WK', '2025-06-01 18:34:20', '2025-06-01 18:34:20'),
(3, 'streich.litzy', '$2y$12$NT/9y4zE/KCrleIKwfmnGeGCqwo.p0nus.IjegWjRtEBFnOS1Dq6.', 'Герман', 'Щукина', 'Владимирович', 'lada.kotov@example.org', '+79803198860', '1988-09-03', 2, 13, '2006-12-11', 2, '2000-03-26', '{\"view_users\":\"edit_users\"}', NULL, 'UgMIT4DKGD', '2025-06-01 18:34:20', '2025-06-01 18:34:20'),
(4, 'trycia.mccullough', '$2y$12$NT/9y4zE/KCrleIKwfmnGeGCqwo.p0nus.IjegWjRtEBFnOS1Dq6.', 'Марк', 'Гущина', 'Дмитриевич', 'vadim34@example.com', '+79105992809', '1979-06-07', 2, 13, '2001-11-21', 4, '1977-01-15', '{\"view_users\":\"read_only\",\"view_reports\":\"read_only\"}', NULL, 'Cqy1LalQow', '2025-06-01 18:34:20', '2025-06-01 18:34:20'),
(5, 'lrunolfsdottir', '$2y$12$NT/9y4zE/KCrleIKwfmnGeGCqwo.p0nus.IjegWjRtEBFnOS1Dq6.', 'Богдан', 'Фомичёв', 'Дмитриевич', 'artemij28@example.org', '+79329268119', '1998-05-28', 4, 12, '2023-07-07', 2, '2011-05-20', '{\"view_reports\":\"edit_reports\"}', NULL, 'ATUfsWqDKn', '2025-06-01 18:34:20', '2025-06-01 18:34:20'),
(6, 'judge26', '$2y$12$NT/9y4zE/KCrleIKwfmnGeGCqwo.p0nus.IjegWjRtEBFnOS1Dq6.', 'Святослав', 'Суханова', 'Павлович', 'rodion.dorofeeva@example.net', '+79163114650', '1972-05-15', 1, 2, '2021-03-10', 1, '2024-07-29', '{\"view_users\":\"read_only\",\"view_reports\":\"read_only\"}', NULL, '07XLv8qPxo', '2025-06-01 18:34:20', '2025-06-01 18:34:20'),
(7, 'queen96', '$2y$12$NT/9y4zE/KCrleIKwfmnGeGCqwo.p0nus.IjegWjRtEBFnOS1Dq6.', 'Абрам', 'Терентьев', 'Павлович', 'ignatij09@example.org', '+79301334629', '1991-07-10', 5, 10, '2023-06-15', 3, '2012-05-06', '{\"view_users\":\"read_only\",\"view_reports\":\"read_only\"}', NULL, 'XATA3O0gpX', '2025-06-01 18:34:20', '2025-06-01 18:34:20'),
(8, 'tgraham', '$2y$12$NT/9y4zE/KCrleIKwfmnGeGCqwo.p0nus.IjegWjRtEBFnOS1Dq6.', 'Марат', 'Федотов', 'Сергеевич', 'bogdan29@example.net', '+79377578208', '1983-09-14', 4, 6, '1988-10-22', 3, '2022-07-02', '[]', NULL, '68t2ozYqaI', '2025-06-01 18:34:20', '2025-06-01 18:34:20'),
(9, 'stanford.heller', '$2y$12$NT/9y4zE/KCrleIKwfmnGeGCqwo.p0nus.IjegWjRtEBFnOS1Dq6.', 'Нестор', 'Овчинникова', 'Александрович', 'viktor.zykov@example.com', '+79101862726', '1982-09-06', 5, 10, '1984-05-26', 3, '2015-12-09', '{\"view_users\":\"read_only\",\"view_reports\":\"read_only\"}', NULL, 'lJjRncZ1Qt', '2025-06-01 18:34:20', '2025-06-01 18:34:20'),
(10, 'borer.sarai', '$2y$12$NT/9y4zE/KCrleIKwfmnGeGCqwo.p0nus.IjegWjRtEBFnOS1Dq6.', 'Роман', 'Кудрявцева', 'Николаевич', 'ulia.larionova@example.com', '+79355672706', '1998-12-04', 2, 4, '1994-07-12', 4, '2006-04-15', '[]', NULL, 'e2gdsuVMdy', '2025-06-01 18:34:20', '2025-06-01 18:34:20'),
(11, 'ned64', '$2y$12$NT/9y4zE/KCrleIKwfmnGeGCqwo.p0nus.IjegWjRtEBFnOS1Dq6.', 'Никита', 'Шубина', 'Павлович', 'mironova.georgij@example.org', '+79207165593', '1984-05-12', 1, 2, '1986-09-04', 1, '1991-07-11', '{\"view_reports\":\"edit_reports\"}', NULL, 'aetK2a05vv', '2025-06-01 18:34:20', '2025-06-01 18:34:20'),
(12, 'hhammes', '$2y$12$NT/9y4zE/KCrleIKwfmnGeGCqwo.p0nus.IjegWjRtEBFnOS1Dq6.', 'Эрик', 'Игнатова', 'Алексеевич', 'evgenij.agafonov@example.net', '+79801223445', '1988-12-12', 5, 6, '1981-09-19', 4, '1971-10-25', '{\"view_users\":\"read_only\",\"view_reports\":\"read_only\"}', NULL, 't70SO5OZ3w', '2025-06-01 18:34:20', '2025-06-01 18:34:20'),
(13, 'kiley25', '$2y$12$NT/9y4zE/KCrleIKwfmnGeGCqwo.p0nus.IjegWjRtEBFnOS1Dq6.', 'Егор', 'Сафонова', 'Сергеевич', 'larisa66@example.net', '+79820998965', '1993-07-31', 6, 6, '1989-08-05', 3, '1979-10-17', '{\"view_reports\":\"edit_reports\"}', NULL, 'BXMxhTodHi', '2025-06-01 18:34:20', '2025-06-01 18:34:20'),
(14, 'schuster.vladimir', '$2y$12$NT/9y4zE/KCrleIKwfmnGeGCqwo.p0nus.IjegWjRtEBFnOS1Dq6.', 'Клим', 'Суханов', 'Павлович', 'robert65@example.org', '+79031289003', '1992-01-06', 6, 9, '1987-01-22', 2, '1976-01-02', '{\"view_users\":\"read_only\",\"view_reports\":\"read_only\"}', NULL, 'ig9RWH5L0K', '2025-06-01 18:34:20', '2025-06-01 18:34:20'),
(15, 'nschuppe', '$2y$12$NT/9y4zE/KCrleIKwfmnGeGCqwo.p0nus.IjegWjRtEBFnOS1Dq6.', 'Валентин', 'Гришин', 'Владимирович', 'veniamin69@example.com', '+79436389149', '1989-10-15', 5, 10, '1977-09-14', 2, '1970-12-21', '[]', NULL, 'xTIiWKQwTE', '2025-06-01 18:34:20', '2025-06-01 18:34:20'),
(16, 'roderick.balistreri', '$2y$12$NT/9y4zE/KCrleIKwfmnGeGCqwo.p0nus.IjegWjRtEBFnOS1Dq6.', 'Матвей', 'Романов', 'Владимирович', 'bkovaleva@example.org', '+79386414647', '1983-10-28', 5, 10, '1977-02-02', 2, '2010-04-16', '[]', NULL, 'XeVhfcKabY', '2025-06-01 18:34:21', '2025-06-01 18:34:21'),
(17, 'hettie15', '$2y$12$NT/9y4zE/KCrleIKwfmnGeGCqwo.p0nus.IjegWjRtEBFnOS1Dq6.', 'Ефим', 'Сергеева', 'Павлович', 'vitold.golubeva@example.org', '+79279735689', '1991-11-12', 4, 13, '2014-11-16', 4, '1987-02-05', '{\"view_users\":\"edit_users\"}', NULL, 'jXQt8L7g4t', '2025-06-01 18:34:21', '2025-06-01 18:34:21'),
(18, 'treilly', '$2y$12$NT/9y4zE/KCrleIKwfmnGeGCqwo.p0nus.IjegWjRtEBFnOS1Dq6.', 'Геннадий', 'Трофимов', 'Алексеевич', 'inga37@example.net', '+79141446661', '1971-12-12', 4, 12, '2002-07-07', 4, '1994-09-30', '{\"view_reports\":\"edit_reports\"}', NULL, 'kHqf6dp02T', '2025-06-01 18:34:21', '2025-06-01 18:34:21'),
(19, 'monique.graham', '$2y$12$NT/9y4zE/KCrleIKwfmnGeGCqwo.p0nus.IjegWjRtEBFnOS1Dq6.', 'Марк', 'Родионова', 'Сергеевич', 'turova.alla@example.com', '+79730175817', '1980-12-17', 3, 7, '1980-09-17', 3, '2007-11-25', '[]', NULL, '006wpUsy9A', '2025-06-01 18:34:21', '2025-06-01 18:34:21'),
(20, 'kaylin.reinger', '$2y$12$NT/9y4zE/KCrleIKwfmnGeGCqwo.p0nus.IjegWjRtEBFnOS1Dq6.', 'Август', 'Кузьмин', 'Михайлович', 'maria00@example.net', '+79957518338', '1999-07-13', 1, 1, '1986-10-07', 3, '1975-04-23', '{\"view_users\":\"edit_users\"}', NULL, 'PD6HrR4AFs', '2025-06-01 18:34:21', '2025-06-01 18:34:21'),
(21, 'elvera11', '$2y$12$NT/9y4zE/KCrleIKwfmnGeGCqwo.p0nus.IjegWjRtEBFnOS1Dq6.', 'Иммануил', 'Кулаков', 'Владимирович', 'uakusev@example.org', '+79042531973', '1989-06-24', 7, 6, '2007-07-15', 4, '1991-04-04', '[]', NULL, 'J6kIa7LYG1', '2025-06-01 18:34:21', '2025-06-01 18:34:21'),
(22, 'monahan.ashtyn', '$2y$12$NT/9y4zE/KCrleIKwfmnGeGCqwo.p0nus.IjegWjRtEBFnOS1Dq6.', 'Иннокентий', 'Киселёва', 'Викторович', 'ersova.gennadij@example.org', '+79968889609', '1989-07-01', 7, 6, '2019-12-29', 4, '2012-06-25', '{\"view_reports\":\"edit_reports\"}', NULL, 'rUFtiDG6ym', '2025-06-01 18:34:21', '2025-06-01 18:34:21'),
(23, 'anderson02', '$2y$12$NT/9y4zE/KCrleIKwfmnGeGCqwo.p0nus.IjegWjRtEBFnOS1Dq6.', 'Лев', 'Брагин', 'Михайлович', 'konovalov.timofej@example.com', '+79535657767', '1986-07-11', 4, 13, '1991-12-15', 1, '2012-06-08', '{\"view_users\":\"read_only\",\"view_reports\":\"read_only\"}', NULL, 'RGDa6cPs6g', '2025-06-01 18:34:21', '2025-06-01 18:34:21'),
(24, 'vwillms', '$2y$12$NT/9y4zE/KCrleIKwfmnGeGCqwo.p0nus.IjegWjRtEBFnOS1Dq6.', 'Вадим', 'Суворова', 'Владимирович', 'osipova.adrian@example.com', '+79318945529', '1995-04-18', 3, 7, '1996-11-04', 3, '2006-04-17', '[]', NULL, '9RUkH5nKJV', '2025-06-01 18:34:21', '2025-06-01 18:34:21'),
(25, 'schaefer.judson', '$2y$12$NT/9y4zE/KCrleIKwfmnGeGCqwo.p0nus.IjegWjRtEBFnOS1Dq6.', 'Бронислав', 'Стрелкова', 'Александрович', 'ignat.krasilnikov@example.net', '+79512887894', '1983-03-30', 4, 13, '1991-02-24', 2, '2020-10-28', '{\"view_reports\":\"edit_reports\"}', NULL, 'H2oB3n9dCA', '2025-06-01 18:34:21', '2025-06-01 18:34:21'),
(26, 'virginie.vonrueden', '$2y$12$NT/9y4zE/KCrleIKwfmnGeGCqwo.p0nus.IjegWjRtEBFnOS1Dq6.', 'Тимур', 'Кошелева', 'Николаевич', 'bobyleva.albina@example.net', '+79493510385', '1993-04-02', 7, 6, '1994-01-11', 3, '1994-06-20', '{\"view_users\":\"read_only\",\"view_reports\":\"read_only\"}', NULL, 'XxZKuigIoc', '2025-06-01 18:34:21', '2025-06-01 18:34:21'),
(27, 'cherzog', '$2y$12$NT/9y4zE/KCrleIKwfmnGeGCqwo.p0nus.IjegWjRtEBFnOS1Dq6.', 'Евгений', 'Полякова', 'Владимирович', 'gstrelkova@example.org', '+79365550979', '2002-04-29', 3, 7, '2000-04-07', 4, '1989-10-04', '{\"view_users\":\"edit_users\"}', NULL, '6YBURFUSMa', '2025-06-01 18:34:21', '2025-06-01 18:34:21'),
(28, 'harris.lynn', '$2y$12$NT/9y4zE/KCrleIKwfmnGeGCqwo.p0nus.IjegWjRtEBFnOS1Dq6.', 'Артём', 'Коновалова', 'Павлович', 'rodion.sokolova@example.net', '+79936296431', '1977-04-28', 3, 8, '2017-12-21', 3, '2025-04-20', '{\"view_users\":\"edit_users\"}', NULL, 'bNkETynlE4', '2025-06-01 18:34:21', '2025-06-01 18:34:21'),
(29, 'alexie.harber', '$2y$12$NT/9y4zE/KCrleIKwfmnGeGCqwo.p0nus.IjegWjRtEBFnOS1Dq6.', 'Макар', 'Гаврилов', 'Иванович', 'avdeeva.larisa@example.net', '+79747319427', '1974-10-01', 3, 7, '2023-03-28', 2, '2010-05-27', '[]', NULL, 'VEi7OMdo7B', '2025-06-01 18:34:21', '2025-06-01 18:34:21'),
(30, 'velma37', '$2y$12$NT/9y4zE/KCrleIKwfmnGeGCqwo.p0nus.IjegWjRtEBFnOS1Dq6.', 'Георгий', 'Павлова', 'Сергеевич', 'nmartynova@example.com', '+79906754328', '1981-08-08', 6, 11, '1986-05-06', 3, '1984-07-06', '[]', NULL, 'Z1WOyHsfV7', '2025-06-01 18:34:21', '2025-06-01 18:34:21'),
(32, 'admin', 'wQz0V8Ew8TtkqAR1EV/BXjMmBDBXSwJCsR7YKgRSwXM=', 'ййййййй', 'ццццццц', NULL, NULL, NULL, NULL, 1, 1, NULL, 1, NULL, '{\"Tabs\":[{\"Name\":\"user\",\"RusName\":\"\\u041F\\u043E\\u043B\\u044C\\u0437\\u043E\\u0432\\u0430\\u0442\\u0435\\u043B\\u044C\",\"Permissions\":{\"Read\":true,\"Write\":false}},{\"Name\":\"order\",\"RusName\":\"\\u0417\\u0430\\u043A\\u0430\\u0437\\u044B\",\"Permissions\":{\"Read\":false,\"Write\":true}},{\"Name\":\"report\",\"RusName\":\"\\u041E\\u0442\\u0447\\u0435\\u0442\\u044B\",\"Permissions\":{\"Read\":true,\"Write\":false}},{\"Name\":\"setting\",\"RusName\":\"\\u041D\\u0430\\u0441\\u0442\\u0440\\u043E\\u0439\\u043A\\u0438\",\"Permissions\":{\"Read\":false,\"Write\":true}},{\"Name\":\"dict\",\"RusName\":\"\\u0421\\u043B\\u043E\\u0432\\u0430\\u0440\\u0438\",\"Permissions\":{\"Read\":true,\"Write\":false}}],\"Directoryes\":[{\"Name\":\"Order\",\"RusName\":\"\\u0417\\u0430\\u043A\\u0430\\u0437\\u044B\",\"Permissions\":{\"Read\":false,\"Write\":false}},{\"Name\":\"OrdersClient\",\"RusName\":\"\\u041A\\u043B\\u0438\\u0435\\u043D\\u0442\\u044B\",\"Permissions\":{\"Read\":false,\"Write\":false}},{\"Name\":\"OrdersDelivery\",\"RusName\":\"\\u0414\\u043E\\u0441\\u0442\\u0430\\u0432\\u043A\\u0438\",\"Permissions\":{\"Read\":false,\"Write\":false}},{\"Name\":\"OrdersPayment\",\"RusName\":\"\\u0422\\u0438\\u043F\\u044B \\u043E\\u043F\\u043B\\u0430\\u0442\",\"Permissions\":{\"Read\":false,\"Write\":false}},{\"Name\":\"OrdersStatus\",\"RusName\":\"\\u0421\\u0442\\u0430\\u0442\\u0443\\u0441\\u044B \\u0437\\u0430\\u043A\\u0430\\u0437\\u043E\\u0432\",\"Permissions\":{\"Read\":false,\"Write\":false}},{\"Name\":\"Car\",\"RusName\":\"\\u0410\\u0432\\u0442\\u043E\\u043C\\u043E\\u0431\\u0438\\u043B\\u0438\",\"Permissions\":{\"Read\":false,\"Write\":false}},{\"Name\":\"CarsCountry\",\"RusName\":\"\\u0421\\u0442\\u0440\\u0430\\u043D\\u044B\",\"Permissions\":{\"Read\":false,\"Write\":false}},{\"Name\":\"CarsMark\",\"RusName\":\"\\u041C\\u0430\\u0440\\u043A\\u0438\",\"Permissions\":{\"Read\":false,\"Write\":false}},{\"Name\":\"CarsModel\",\"RusName\":\"\\u041C\\u043E\\u0434\\u0435\\u043B\\u0438\",\"Permissions\":{\"Read\":false,\"Write\":false}},{\"Name\":\"CarsType\",\"RusName\":\"\\u0422\\u0438\\u043F\\u044B\",\"Permissions\":{\"Read\":false,\"Write\":false}},{\"Name\":\"CarsColor\",\"RusName\":\"\\u0426\\u0432\\u0435\\u0442\\u0430\",\"Permissions\":{\"Read\":false,\"Write\":false}},{\"Name\":\"MmMarkModel\",\"RusName\":\"\\u041C\\u0430\\u0440\\u043A\\u0430-\\u041C\\u043E\\u0434\\u0435\\u043B\\u044C\",\"Permissions\":{\"Read\":false,\"Write\":false}},{\"Name\":\"User\",\"RusName\":\"\\u0421\\u043E\\u0442\\u0440\\u0443\\u0434\\u043D\\u0438\\u043A\\u0438\",\"Permissions\":{\"Read\":false,\"Write\":false}},{\"Name\":\"UsersDepartment\",\"RusName\":\"\\u041E\\u0442\\u0434\\u0435\\u043B\\u044B\",\"Permissions\":{\"Read\":false,\"Write\":false}},{\"Name\":\"UsersFunction\",\"RusName\":\"\\u0414\\u043E\\u043B\\u0436\\u043D\\u043E\\u0441\\u0442\\u0438\",\"Permissions\":{\"Read\":false,\"Write\":false}},{\"Name\":\"UsersStatus\",\"RusName\":\"\\u0421\\u0442\\u0430\\u0442\\u0443\\u0441\\u044B \\u0441\\u043E\\u0442\\u0440\\u0443\\u0434\\u043D\\u0438\\u043A\\u043E\\u0432\",\"Permissions\":{\"Read\":false,\"Write\":false}},{\"Name\":\"MmDepartmentFunction\",\"RusName\":\"\\u041E\\u0442\\u0434\\u0435\\u043B-\\u0414\\u043E\\u043B\\u0436\\u043D\\u043E\\u0441\\u0442\\u044C\",\"Permissions\":{\"Read\":false,\"Write\":false}}]}', NULL, NULL, NULL, NULL);

-- --------------------------------------------------------

--
-- Структура таблицы `user_departments`
--

CREATE TABLE `user_departments` (
  `id` bigint(20) UNSIGNED NOT NULL,
  `department_name` varchar(255) NOT NULL,
  `department_description` text DEFAULT NULL,
  `department_mail` varchar(255) NOT NULL,
  `deleted_at` timestamp NULL DEFAULT NULL,
  `created_at` timestamp NULL DEFAULT NULL,
  `updated_at` timestamp NULL DEFAULT NULL
) ENGINE=InnoDB DEFAULT CHARSET=utf8mb4 COLLATE=utf8mb4_unicode_ci;

--
-- Дамп данных таблицы `user_departments`
--

INSERT INTO `user_departments` (`id`, `department_name`, `department_description`, `department_mail`, `deleted_at`, `created_at`, `updated_at`) VALUES
(1, 'Дирекция', 'Cat; and this he handed over to herself, as she.', 'fwalsh@example.net', NULL, '2025-06-01 18:34:19', '2025-06-01 18:34:19'),
(2, 'Бухгалтерия', 'There was exactly one a-piece all round. (It was.', 'madilyn59@example.com', NULL, '2025-06-01 18:34:19', '2025-06-01 18:34:19'),
(3, 'Отдел кадров', 'It did so indeed, and much sooner than she had.', 'jast.pierce@example.org', NULL, '2025-06-01 18:34:19', '2025-06-01 18:34:19'),
(4, 'Отдел продаж', 'Alice\'s elbow was pressed so closely against her.', 'anika.kautzer@example.org', NULL, '2025-06-01 18:34:19', '2025-06-01 18:34:19'),
(5, 'Отдел маркетинга', 'I suppose?\' \'Yes,\' said Alice doubtfully: \'it.', 'stanton.lucinda@example.com', NULL, '2025-06-01 18:34:19', '2025-06-01 18:34:19'),
(6, 'IT отдел', 'March.\' As she said to the garden with one foot.', 'gbayer@example.net', NULL, '2025-06-01 18:34:19', '2025-06-01 18:34:19'),
(7, 'Склад', 'The master was an uncomfortably sharp chin.', 'elda72@example.com', NULL, '2025-06-01 18:34:19', '2025-06-01 18:34:19');

-- --------------------------------------------------------

--
-- Структура таблицы `user_department_positions`
--

CREATE TABLE `user_department_positions` (
  `id` bigint(20) UNSIGNED NOT NULL,
  `department_id` bigint(20) UNSIGNED NOT NULL,
  `position_id` bigint(20) UNSIGNED NOT NULL,
  `deleted_at` timestamp NULL DEFAULT NULL,
  `created_at` timestamp NULL DEFAULT NULL,
  `updated_at` timestamp NULL DEFAULT NULL
) ENGINE=InnoDB DEFAULT CHARSET=utf8mb4 COLLATE=utf8mb4_unicode_ci;

--
-- Дамп данных таблицы `user_department_positions`
--

INSERT INTO `user_department_positions` (`id`, `department_id`, `position_id`, `deleted_at`, `created_at`, `updated_at`) VALUES
(1, 1, 1, NULL, '2025-06-01 18:34:19', '2025-06-01 18:34:19'),
(2, 1, 2, NULL, '2025-06-01 18:34:19', '2025-06-01 18:34:19'),
(3, 1, 3, NULL, '2025-06-01 18:34:19', '2025-06-01 18:34:19'),
(4, 2, 4, NULL, '2025-06-01 18:34:19', '2025-06-01 18:34:19'),
(5, 2, 5, NULL, '2025-06-01 18:34:19', '2025-06-01 18:34:19'),
(6, 2, 13, NULL, '2025-06-01 18:34:19', '2025-06-01 18:34:19'),
(7, 3, 6, NULL, '2025-06-01 18:34:19', '2025-06-01 18:34:19'),
(8, 3, 7, NULL, '2025-06-01 18:34:19', '2025-06-01 18:34:19'),
(9, 3, 8, NULL, '2025-06-01 18:34:19', '2025-06-01 18:34:19'),
(10, 4, 6, NULL, '2025-06-01 18:34:19', '2025-06-01 18:34:19'),
(11, 5, 10, NULL, '2025-06-01 18:34:19', '2025-06-01 18:34:19'),
(12, 4, 12, NULL, '2025-06-01 18:34:19', '2025-06-01 18:34:19'),
(13, 4, 13, NULL, '2025-06-01 18:34:19', '2025-06-01 18:34:19'),
(14, 5, 6, NULL, '2025-06-01 18:34:19', '2025-06-01 18:34:19'),
(15, 6, 6, NULL, '2025-06-01 18:34:19', '2025-06-01 18:34:19'),
(16, 6, 9, NULL, '2025-06-01 18:34:19', '2025-06-01 18:34:19'),
(17, 6, 11, NULL, '2025-06-01 18:34:19', '2025-06-01 18:34:19'),
(18, 7, 6, NULL, '2025-06-01 18:34:19', '2025-06-01 18:34:19');

-- --------------------------------------------------------

--
-- Структура таблицы `user_positions`
--

CREATE TABLE `user_positions` (
  `id` bigint(20) UNSIGNED NOT NULL,
  `position_name` varchar(255) NOT NULL,
  `position_description` text DEFAULT NULL,
  `deleted_at` timestamp NULL DEFAULT NULL,
  `created_at` timestamp NULL DEFAULT NULL,
  `updated_at` timestamp NULL DEFAULT NULL
) ENGINE=InnoDB DEFAULT CHARSET=utf8mb4 COLLATE=utf8mb4_unicode_ci;

--
-- Дамп данных таблицы `user_positions`
--

INSERT INTO `user_positions` (`id`, `position_name`, `position_description`, `deleted_at`, `created_at`, `updated_at`) VALUES
(1, 'Генеральный директор', 'Shakespeare, in the kitchen that did not get.', NULL, '2025-06-01 18:34:19', '2025-06-01 18:34:19'),
(2, 'Коммерческий директор', 'France-- Then turn not pale, beloved snail, but.', NULL, '2025-06-01 18:34:19', '2025-06-01 18:34:19'),
(3, 'Технический директор', 'For instance, if you like,\' said the Duchess, it.', NULL, '2025-06-01 18:34:19', '2025-06-01 18:34:19'),
(4, 'Главный бухгалтер', 'Would not, could not help thinking there MUST be.', NULL, '2025-06-01 18:34:19', '2025-06-01 18:34:19'),
(5, 'Бухгалтер', 'BEST butter,\' the March Hare said to Alice.', NULL, '2025-06-01 18:34:19', '2025-06-01 18:34:19'),
(6, 'Руководитель отдела', 'Alice: \'besides, that\'s not a mile high,\' said.', NULL, '2025-06-01 18:34:19', '2025-06-01 18:34:19'),
(7, 'HR-координатор', 'I\'ll set Dinah at you!\' There was certainly.', NULL, '2025-06-01 18:34:19', '2025-06-01 18:34:19'),
(8, 'Кадровик', 'Alice, \'when one wasn\'t always growing larger.', NULL, '2025-06-01 18:34:19', '2025-06-01 18:34:19'),
(9, 'Системный администратор', 'YOU sing,\' said the Mock Turtle sighed deeply.', NULL, '2025-06-01 18:34:19', '2025-06-01 18:34:19'),
(10, 'Руководитель группы', 'Queen, the royal children; there were ten of.', NULL, '2025-06-01 18:34:19', '2025-06-01 18:34:19'),
(11, 'Программист', 'Good-bye, feet!\' (for when she looked back once.', NULL, '2025-06-01 18:34:19', '2025-06-01 18:34:19'),
(12, 'Менеджер', 'Always lay the blame on others!\' \'YOU\'D better.', NULL, '2025-06-01 18:34:19', '2025-06-01 18:34:19'),
(13, 'Стажер', 'Queen was to twist it up into hers--she could.', NULL, '2025-06-01 18:34:19', '2025-06-01 18:34:19');

-- --------------------------------------------------------

--
-- Структура таблицы `user_statuses`
--

CREATE TABLE `user_statuses` (
  `id` bigint(20) UNSIGNED NOT NULL,
  `status_name` varchar(255) NOT NULL,
  `status_number` int(10) UNSIGNED NOT NULL,
  `deleted_at` timestamp NULL DEFAULT NULL,
  `created_at` timestamp NULL DEFAULT NULL,
  `updated_at` timestamp NULL DEFAULT NULL
) ENGINE=InnoDB DEFAULT CHARSET=utf8mb4 COLLATE=utf8mb4_unicode_ci;

--
-- Дамп данных таблицы `user_statuses`
--

INSERT INTO `user_statuses` (`id`, `status_name`, `status_number`, `deleted_at`, `created_at`, `updated_at`) VALUES
(1, 'работает', 1, NULL, '2025-06-01 18:34:19', '2025-06-01 18:34:19'),
(2, 'уволен', 2, NULL, '2025-06-01 18:34:19', '2025-06-01 18:34:19'),
(3, 'в отпуске', 3, NULL, '2025-06-01 18:34:19', '2025-06-01 18:34:19'),
(4, 'на больничном', 4, NULL, '2025-06-01 18:34:19', '2025-06-01 18:34:19');

--
-- Индексы сохранённых таблиц
--

--
-- Индексы таблицы `cache`
--
ALTER TABLE `cache`
  ADD PRIMARY KEY (`key`);

--
-- Индексы таблицы `cache_locks`
--
ALTER TABLE `cache_locks`
  ADD PRIMARY KEY (`key`);

--
-- Индексы таблицы `cars`
--
ALTER TABLE `cars`
  ADD PRIMARY KEY (`id`),
  ADD UNIQUE KEY `cars_vin_unique` (`vin`),
  ADD UNIQUE KEY `cars_pts_unique` (`pts`),
  ADD KEY `cars_mark_model_country_id_foreign` (`mark_model_country_id`),
  ADD KEY `cars_type_id_foreign` (`type_id`),
  ADD KEY `cars_color_id_foreign` (`color_id`);

--
-- Индексы таблицы `car_colors`
--
ALTER TABLE `car_colors`
  ADD PRIMARY KEY (`id`),
  ADD UNIQUE KEY `car_colors_color_name_unique` (`color_name`);

--
-- Индексы таблицы `car_countries`
--
ALTER TABLE `car_countries`
  ADD PRIMARY KEY (`id`),
  ADD UNIQUE KEY `car_countries_country_name_unique` (`country_name`);

--
-- Индексы таблицы `car_marks`
--
ALTER TABLE `car_marks`
  ADD PRIMARY KEY (`id`),
  ADD UNIQUE KEY `car_marks_mark_name_unique` (`mark_name`);

--
-- Индексы таблицы `car_mark_model_countries`
--
ALTER TABLE `car_mark_model_countries`
  ADD PRIMARY KEY (`id`),
  ADD UNIQUE KEY `unique_mark_model_country` (`mark_id`,`model_id`,`country_id`),
  ADD KEY `car_mark_model_countries_model_id_foreign` (`model_id`),
  ADD KEY `car_mark_model_countries_country_id_foreign` (`country_id`);

--
-- Индексы таблицы `car_models`
--
ALTER TABLE `car_models`
  ADD PRIMARY KEY (`id`),
  ADD UNIQUE KEY `car_models_model_name_unique` (`model_name`);

--
-- Индексы таблицы `car_photos`
--
ALTER TABLE `car_photos`
  ADD PRIMARY KEY (`id`),
  ADD KEY `car_photos_car_id_foreign` (`car_id`);

--
-- Индексы таблицы `car_types`
--
ALTER TABLE `car_types`
  ADD PRIMARY KEY (`id`),
  ADD UNIQUE KEY `car_types_type_name_unique` (`type_name`);

--
-- Индексы таблицы `clients`
--
ALTER TABLE `clients`
  ADD PRIMARY KEY (`id`),
  ADD UNIQUE KEY `clients_client_name_unique` (`client_name`),
  ADD UNIQUE KEY `clients_client_mail_unique` (`client_mail`),
  ADD UNIQUE KEY `clients_client_phone_unique` (`client_phone`);

--
-- Индексы таблицы `deliveries`
--
ALTER TABLE `deliveries`
  ADD PRIMARY KEY (`id`),
  ADD UNIQUE KEY `deliveries_delivery_name_unique` (`delivery_name`);

--
-- Индексы таблицы `failed_jobs`
--
ALTER TABLE `failed_jobs`
  ADD PRIMARY KEY (`id`),
  ADD UNIQUE KEY `failed_jobs_uuid_unique` (`uuid`);

--
-- Индексы таблицы `jobs`
--
ALTER TABLE `jobs`
  ADD PRIMARY KEY (`id`),
  ADD KEY `jobs_queue_index` (`queue`);

--
-- Индексы таблицы `job_batches`
--
ALTER TABLE `job_batches`
  ADD PRIMARY KEY (`id`);

--
-- Индексы таблицы `migrations`
--
ALTER TABLE `migrations`
  ADD PRIMARY KEY (`id`);

--
-- Индексы таблицы `orders`
--
ALTER TABLE `orders`
  ADD PRIMARY KEY (`id`),
  ADD KEY `orders_client_id_foreign` (`client_id`),
  ADD KEY `orders_user_id_foreign` (`user_id`),
  ADD KEY `orders_payment_id_foreign` (`payment_id`),
  ADD KEY `orders_delivery_id_foreign` (`delivery_id`);

--
-- Индексы таблицы `order_cars`
--
ALTER TABLE `order_cars`
  ADD PRIMARY KEY (`id`),
  ADD UNIQUE KEY `unique_order_car` (`order_id`,`car_id`),
  ADD KEY `order_cars_car_id_foreign` (`car_id`);

--
-- Индексы таблицы `order_statuses`
--
ALTER TABLE `order_statuses`
  ADD PRIMARY KEY (`id`),
  ADD KEY `order_statuses_order_id_foreign` (`order_id`),
  ADD KEY `order_statuses_status_id_foreign` (`status_id`);

--
-- Индексы таблицы `password_reset_tokens`
--
ALTER TABLE `password_reset_tokens`
  ADD PRIMARY KEY (`email`);

--
-- Индексы таблицы `payments`
--
ALTER TABLE `payments`
  ADD PRIMARY KEY (`id`),
  ADD UNIQUE KEY `payments_payment_name_unique` (`payment_name`);

--
-- Индексы таблицы `personal_access_tokens`
--
ALTER TABLE `personal_access_tokens`
  ADD PRIMARY KEY (`id`),
  ADD UNIQUE KEY `personal_access_tokens_token_unique` (`token`),
  ADD KEY `personal_access_tokens_tokenable_type_tokenable_id_index` (`tokenable_type`,`tokenable_id`);

--
-- Индексы таблицы `sessions`
--
ALTER TABLE `sessions`
  ADD PRIMARY KEY (`id`),
  ADD KEY `sessions_user_id_index` (`user_id`),
  ADD KEY `sessions_last_activity_index` (`last_activity`);

--
-- Индексы таблицы `statuses`
--
ALTER TABLE `statuses`
  ADD PRIMARY KEY (`id`),
  ADD UNIQUE KEY `statuses_status_name_unique` (`status_name`),
  ADD UNIQUE KEY `statuses_status_number_unique` (`status_number`);

--
-- Индексы таблицы `users`
--
ALTER TABLE `users`
  ADD PRIMARY KEY (`id`),
  ADD UNIQUE KEY `users_login_unique` (`login`),
  ADD UNIQUE KEY `users_email_unique` (`email`),
  ADD KEY `users_department_id_foreign` (`department_id`),
  ADD KEY `users_position_id_foreign` (`position_id`),
  ADD KEY `users_status_id_foreign` (`status_id`);

--
-- Индексы таблицы `user_departments`
--
ALTER TABLE `user_departments`
  ADD PRIMARY KEY (`id`),
  ADD UNIQUE KEY `user_departments_department_name_unique` (`department_name`),
  ADD UNIQUE KEY `user_departments_department_mail_unique` (`department_mail`);

--
-- Индексы таблицы `user_department_positions`
--
ALTER TABLE `user_department_positions`
  ADD PRIMARY KEY (`id`),
  ADD UNIQUE KEY `unique_department_position` (`department_id`,`position_id`),
  ADD KEY `user_department_positions_position_id_foreign` (`position_id`);

--
-- Индексы таблицы `user_positions`
--
ALTER TABLE `user_positions`
  ADD PRIMARY KEY (`id`),
  ADD UNIQUE KEY `user_positions_position_name_unique` (`position_name`);

--
-- Индексы таблицы `user_statuses`
--
ALTER TABLE `user_statuses`
  ADD PRIMARY KEY (`id`),
  ADD UNIQUE KEY `user_statuses_status_name_unique` (`status_name`),
  ADD UNIQUE KEY `user_statuses_status_number_unique` (`status_number`);

--
-- AUTO_INCREMENT для сохранённых таблиц
--

--
-- AUTO_INCREMENT для таблицы `cars`
--
ALTER TABLE `cars`
  MODIFY `id` bigint(20) UNSIGNED NOT NULL AUTO_INCREMENT, AUTO_INCREMENT=11;

--
-- AUTO_INCREMENT для таблицы `car_colors`
--
ALTER TABLE `car_colors`
  MODIFY `id` bigint(20) UNSIGNED NOT NULL AUTO_INCREMENT, AUTO_INCREMENT=18;

--
-- AUTO_INCREMENT для таблицы `car_countries`
--
ALTER TABLE `car_countries`
  MODIFY `id` bigint(20) UNSIGNED NOT NULL AUTO_INCREMENT, AUTO_INCREMENT=39;

--
-- AUTO_INCREMENT для таблицы `car_marks`
--
ALTER TABLE `car_marks`
  MODIFY `id` bigint(20) UNSIGNED NOT NULL AUTO_INCREMENT, AUTO_INCREMENT=367;

--
-- AUTO_INCREMENT для таблицы `car_mark_model_countries`
--
ALTER TABLE `car_mark_model_countries`
  MODIFY `id` bigint(20) UNSIGNED NOT NULL AUTO_INCREMENT, AUTO_INCREMENT=500;

--
-- AUTO_INCREMENT для таблицы `car_models`
--
ALTER TABLE `car_models`
  MODIFY `id` bigint(20) UNSIGNED NOT NULL AUTO_INCREMENT, AUTO_INCREMENT=3644;

--
-- AUTO_INCREMENT для таблицы `car_photos`
--
ALTER TABLE `car_photos`
  MODIFY `id` bigint(20) UNSIGNED NOT NULL AUTO_INCREMENT;

--
-- AUTO_INCREMENT для таблицы `car_types`
--
ALTER TABLE `car_types`
  MODIFY `id` bigint(20) UNSIGNED NOT NULL AUTO_INCREMENT, AUTO_INCREMENT=18;

--
-- AUTO_INCREMENT для таблицы `clients`
--
ALTER TABLE `clients`
  MODIFY `id` bigint(20) UNSIGNED NOT NULL AUTO_INCREMENT, AUTO_INCREMENT=11;

--
-- AUTO_INCREMENT для таблицы `deliveries`
--
ALTER TABLE `deliveries`
  MODIFY `id` bigint(20) UNSIGNED NOT NULL AUTO_INCREMENT, AUTO_INCREMENT=4;

--
-- AUTO_INCREMENT для таблицы `failed_jobs`
--
ALTER TABLE `failed_jobs`
  MODIFY `id` bigint(20) UNSIGNED NOT NULL AUTO_INCREMENT;

--
-- AUTO_INCREMENT для таблицы `jobs`
--
ALTER TABLE `jobs`
  MODIFY `id` bigint(20) UNSIGNED NOT NULL AUTO_INCREMENT;

--
-- AUTO_INCREMENT для таблицы `migrations`
--
ALTER TABLE `migrations`
  MODIFY `id` int(10) UNSIGNED NOT NULL AUTO_INCREMENT, AUTO_INCREMENT=73;

--
-- AUTO_INCREMENT для таблицы `orders`
--
ALTER TABLE `orders`
  MODIFY `id` bigint(20) UNSIGNED NOT NULL AUTO_INCREMENT, AUTO_INCREMENT=11;

--
-- AUTO_INCREMENT для таблицы `order_cars`
--
ALTER TABLE `order_cars`
  MODIFY `id` bigint(20) UNSIGNED NOT NULL AUTO_INCREMENT, AUTO_INCREMENT=21;

--
-- AUTO_INCREMENT для таблицы `order_statuses`
--
ALTER TABLE `order_statuses`
  MODIFY `id` bigint(20) UNSIGNED NOT NULL AUTO_INCREMENT, AUTO_INCREMENT=21;

--
-- AUTO_INCREMENT для таблицы `payments`
--
ALTER TABLE `payments`
  MODIFY `id` bigint(20) UNSIGNED NOT NULL AUTO_INCREMENT, AUTO_INCREMENT=4;

--
-- AUTO_INCREMENT для таблицы `personal_access_tokens`
--
ALTER TABLE `personal_access_tokens`
  MODIFY `id` bigint(20) UNSIGNED NOT NULL AUTO_INCREMENT;

--
-- AUTO_INCREMENT для таблицы `statuses`
--
ALTER TABLE `statuses`
  MODIFY `id` bigint(20) UNSIGNED NOT NULL AUTO_INCREMENT, AUTO_INCREMENT=6;

--
-- AUTO_INCREMENT для таблицы `users`
--
ALTER TABLE `users`
  MODIFY `id` bigint(20) UNSIGNED NOT NULL AUTO_INCREMENT, AUTO_INCREMENT=33;

--
-- AUTO_INCREMENT для таблицы `user_departments`
--
ALTER TABLE `user_departments`
  MODIFY `id` bigint(20) UNSIGNED NOT NULL AUTO_INCREMENT, AUTO_INCREMENT=8;

--
-- AUTO_INCREMENT для таблицы `user_department_positions`
--
ALTER TABLE `user_department_positions`
  MODIFY `id` bigint(20) UNSIGNED NOT NULL AUTO_INCREMENT, AUTO_INCREMENT=20;

--
-- AUTO_INCREMENT для таблицы `user_positions`
--
ALTER TABLE `user_positions`
  MODIFY `id` bigint(20) UNSIGNED NOT NULL AUTO_INCREMENT, AUTO_INCREMENT=14;

--
-- AUTO_INCREMENT для таблицы `user_statuses`
--
ALTER TABLE `user_statuses`
  MODIFY `id` bigint(20) UNSIGNED NOT NULL AUTO_INCREMENT, AUTO_INCREMENT=5;

--
-- Ограничения внешнего ключа сохраненных таблиц
--

--
-- Ограничения внешнего ключа таблицы `cars`
--
ALTER TABLE `cars`
  ADD CONSTRAINT `cars_color_id_foreign` FOREIGN KEY (`color_id`) REFERENCES `car_colors` (`id`) ON DELETE CASCADE,
  ADD CONSTRAINT `cars_mark_model_country_id_foreign` FOREIGN KEY (`mark_model_country_id`) REFERENCES `car_mark_model_countries` (`id`),
  ADD CONSTRAINT `cars_type_id_foreign` FOREIGN KEY (`type_id`) REFERENCES `car_types` (`id`) ON DELETE CASCADE;

--
-- Ограничения внешнего ключа таблицы `car_mark_model_countries`
--
ALTER TABLE `car_mark_model_countries`
  ADD CONSTRAINT `car_mark_model_countries_country_id_foreign` FOREIGN KEY (`country_id`) REFERENCES `car_countries` (`id`) ON DELETE CASCADE,
  ADD CONSTRAINT `car_mark_model_countries_mark_id_foreign` FOREIGN KEY (`mark_id`) REFERENCES `car_marks` (`id`) ON DELETE CASCADE,
  ADD CONSTRAINT `car_mark_model_countries_model_id_foreign` FOREIGN KEY (`model_id`) REFERENCES `car_models` (`id`) ON DELETE CASCADE;

--
-- Ограничения внешнего ключа таблицы `car_photos`
--
ALTER TABLE `car_photos`
  ADD CONSTRAINT `car_photos_car_id_foreign` FOREIGN KEY (`car_id`) REFERENCES `cars` (`id`) ON DELETE SET NULL;

--
-- Ограничения внешнего ключа таблицы `orders`
--
ALTER TABLE `orders`
  ADD CONSTRAINT `orders_client_id_foreign` FOREIGN KEY (`client_id`) REFERENCES `clients` (`id`) ON DELETE CASCADE,
  ADD CONSTRAINT `orders_delivery_id_foreign` FOREIGN KEY (`delivery_id`) REFERENCES `deliveries` (`id`) ON DELETE CASCADE,
  ADD CONSTRAINT `orders_payment_id_foreign` FOREIGN KEY (`payment_id`) REFERENCES `payments` (`id`) ON DELETE CASCADE,
  ADD CONSTRAINT `orders_user_id_foreign` FOREIGN KEY (`user_id`) REFERENCES `users` (`id`) ON DELETE CASCADE;

--
-- Ограничения внешнего ключа таблицы `order_cars`
--
ALTER TABLE `order_cars`
  ADD CONSTRAINT `order_cars_car_id_foreign` FOREIGN KEY (`car_id`) REFERENCES `cars` (`id`) ON DELETE CASCADE,
  ADD CONSTRAINT `order_cars_order_id_foreign` FOREIGN KEY (`order_id`) REFERENCES `orders` (`id`) ON DELETE CASCADE;

--
-- Ограничения внешнего ключа таблицы `order_statuses`
--
ALTER TABLE `order_statuses`
  ADD CONSTRAINT `order_statuses_order_id_foreign` FOREIGN KEY (`order_id`) REFERENCES `orders` (`id`) ON DELETE CASCADE,
  ADD CONSTRAINT `order_statuses_status_id_foreign` FOREIGN KEY (`status_id`) REFERENCES `statuses` (`id`) ON DELETE CASCADE;

--
-- Ограничения внешнего ключа таблицы `users`
--
ALTER TABLE `users`
  ADD CONSTRAINT `users_department_id_foreign` FOREIGN KEY (`department_id`) REFERENCES `user_departments` (`id`) ON DELETE SET NULL,
  ADD CONSTRAINT `users_position_id_foreign` FOREIGN KEY (`position_id`) REFERENCES `user_positions` (`id`) ON DELETE SET NULL,
  ADD CONSTRAINT `users_status_id_foreign` FOREIGN KEY (`status_id`) REFERENCES `user_statuses` (`id`) ON DELETE SET NULL;

--
-- Ограничения внешнего ключа таблицы `user_department_positions`
--
ALTER TABLE `user_department_positions`
  ADD CONSTRAINT `user_department_positions_department_id_foreign` FOREIGN KEY (`department_id`) REFERENCES `user_departments` (`id`) ON DELETE CASCADE,
  ADD CONSTRAINT `user_department_positions_position_id_foreign` FOREIGN KEY (`position_id`) REFERENCES `user_positions` (`id`) ON DELETE CASCADE;
COMMIT;

/*!40101 SET CHARACTER_SET_CLIENT=@OLD_CHARACTER_SET_CLIENT */;
/*!40101 SET CHARACTER_SET_RESULTS=@OLD_CHARACTER_SET_RESULTS */;
/*!40101 SET COLLATION_CONNECTION=@OLD_COLLATION_CONNECTION */;
