-- phpMyAdmin SQL Dump
-- version 5.2.1
-- https://www.phpmyadmin.net/
--
-- Хост: mariadb:3306
-- Время создания: Июн 08 2025 г., 05:32
-- Версия сервера: 11.5.2-MariaDB-ubu2404
-- Версия PHP: 8.2.25

SET SQL_MODE = "NO_AUTO_VALUE_ON_ZERO";
START TRANSACTION;
SET time_zone = "+00:00";


/*!40101 SET @OLD_CHARACTER_SET_CLIENT=@@CHARACTER_SET_CLIENT */;
/*!40101 SET @OLD_CHARACTER_SET_RESULTS=@@CHARACTER_SET_RESULTS */;
/*!40101 SET @OLD_COLLATION_CONNECTION=@@COLLATION_CONNECTION */;
/*!40101 SET NAMES utf8mb4 */;

--
-- База данных: `madk`
--

-- --------------------------------------------------------

--
-- Структура таблицы `cache`
--

CREATE TABLE `cache` (
  `key` varchar(255) NOT NULL,
  `value` mediumtext NOT NULL,
  `expiration` int(11) NOT NULL
) ENGINE=InnoDB DEFAULT CHARSET=utf8mb4 COLLATE=utf8mb4_unicode_ci;

--
-- Дамп данных таблицы `cache`
--

INSERT INTO `cache` (`key`, `value`, `expiration`) VALUES
('laravel_cache_a75f3f172bfb296f2e10cbfc6dfc1883', 'i:1;', 1749334423),
('laravel_cache_a75f3f172bfb296f2e10cbfc6dfc1883:timer', 'i:1749334423;', 1749334423);

-- --------------------------------------------------------

--
-- Структура таблицы `cache_locks`
--

CREATE TABLE `cache_locks` (
  `key` varchar(255) NOT NULL,
  `owner` varchar(255) NOT NULL,
  `expiration` int(11) NOT NULL
) ENGINE=InnoDB DEFAULT CHARSET=utf8mb4 COLLATE=utf8mb4_unicode_ci;

-- --------------------------------------------------------

--
-- Структура таблицы `cars`
--

CREATE TABLE `cars` (
  `id` bigint(20) UNSIGNED NOT NULL,
  `mark_id` bigint(20) UNSIGNED NOT NULL,
  `model_id` bigint(20) UNSIGNED NOT NULL,
  `country_id` bigint(20) UNSIGNED NOT NULL,
  `type_id` bigint(20) UNSIGNED NOT NULL,
  `color_id` bigint(20) UNSIGNED NOT NULL,
  `vin` varchar(20) NOT NULL COMMENT 'VIN',
  `pts` varchar(20) NOT NULL COMMENT 'PTS',
  `date_at` date NOT NULL COMMENT 'дата производства',
  `price` decimal(10,2) NOT NULL COMMENT 'цена',
  `block` bigint(20) UNSIGNED NOT NULL COMMENT 'блок',
  `deleted_at` timestamp NULL DEFAULT NULL,
  `created_at` timestamp NULL DEFAULT NULL,
  `updated_at` timestamp NULL DEFAULT NULL
) ENGINE=InnoDB DEFAULT CHARSET=utf8mb4 COLLATE=utf8mb4_unicode_ci;

--
-- Дамп данных таблицы `cars`
--

INSERT INTO `cars` (`id`, `mark_id`, `model_id`, `country_id`, `type_id`, `color_id`, `vin`, `pts`, `date_at`, `price`, `block`, `deleted_at`, `created_at`, `updated_at`) VALUES
(1, 35, 3250, 7, 7, 13, 'PA39ZN70NN4UE8ME6', '95TI578676', '2023-11-05', 3700000.00, 20, NULL, '2025-06-06 20:08:50', '2025-06-06 20:08:50'),
(2, 140, 571, 37, 12, 4, 'P47BEHSUPJV72ZK2F', '86TJ684788', '2021-06-09', 4900000.00, 20, NULL, '2025-06-06 20:08:50', '2025-06-06 20:08:50'),
(3, 15, 3368, 5, 9, 13, 'NNLR03DXH3SUV4ZU5', '83TB550280', '2021-12-19', 1100000.00, 11, NULL, '2025-06-06 20:08:50', '2025-06-06 20:08:50'),
(4, 19, 2478, 5, 11, 5, 'PJTXZ8GJ7E8MV866A', '54TX128325', '2022-11-22', 2700000.00, 4, NULL, '2025-06-06 20:08:50', '2025-06-06 20:08:50'),
(5, 104, 268, 21, 6, 9, 'F6WU2VL39KKNDXC3P', '77TL191294', '2021-11-12', 4100000.00, 20, NULL, '2025-06-06 20:08:50', '2025-06-06 20:08:50'),
(6, 117, 1697, 14, 10, 13, '0SSVB7MBS7H5U6LLX', '66TC560715', '2023-11-09', 2200000.00, 2, NULL, '2025-06-06 20:08:50', '2025-06-06 20:08:50'),
(7, 311, 859, 5, 11, 15, '56NHL6MC0NYSX4G35', '91TY391857', '2022-06-23', 2400000.00, 7, NULL, '2025-06-06 20:08:50', '2025-06-06 20:08:50'),
(8, 198, 1517, 14, 8, 12, 'GFRBW6FJRUAVFTXA5', '51TZ943419', '2021-11-25', 4400000.00, 19, NULL, '2025-06-06 20:08:50', '2025-06-06 20:08:50'),
(9, 82, 443, 14, 10, 11, 'ZKWEE530VBC0W0261', '17TW541886', '2021-03-21', 1100000.00, 2, NULL, '2025-06-06 20:08:50', '2025-06-06 20:08:50'),
(10, 203, 733, 7, 16, 2, 'CBSKW02RGF5XZ9UYH', '96TT970257', '2025-02-08', 3100000.00, 17, NULL, '2025-06-06 20:08:50', '2025-06-06 20:08:50'),
(11, 14, 2649, 37, 7, 6, 'FPYFEWUWXD0V6Y6UN', '48TI413746', '2024-09-20', 3800000.00, 9, NULL, '2025-06-06 20:08:50', '2025-06-06 20:08:50'),
(12, 82, 446, 14, 15, 16, 'NSPDGVYN0V2C2W9M8', '58TR574863', '2020-12-29', 3800000.00, 9, NULL, '2025-06-06 20:08:50', '2025-06-06 20:08:50'),
(13, 355, 51, 22, 6, 6, '4XYRA7UM6EWNJD641', '70TK286133', '2024-02-09', 3100000.00, 20, NULL, '2025-06-06 20:08:50', '2025-06-06 20:08:50'),
(14, 150, 586, 38, 17, 16, 'ZBF8D14W1KWR64WNT', '20TF203153', '2023-05-08', 4700000.00, 1, NULL, '2025-06-06 20:08:50', '2025-06-06 20:08:50'),
(15, 290, 1911, 37, 11, 2, 'TEPZNFGRHDMYA9DS8', '19TV406163', '2023-10-10', 3500000.00, 12, NULL, '2025-06-06 20:08:50', '2025-06-06 20:08:50');

-- --------------------------------------------------------

--
-- Структура таблицы `car_colors`
--

CREATE TABLE `car_colors` (
  `id` bigint(20) UNSIGNED NOT NULL,
  `color_name` varchar(255) NOT NULL,
  `deleted_at` timestamp NULL DEFAULT NULL,
  `created_at` timestamp NULL DEFAULT NULL,
  `updated_at` timestamp NULL DEFAULT NULL
) ENGINE=InnoDB DEFAULT CHARSET=utf8mb4 COLLATE=utf8mb4_unicode_ci;

--
-- Дамп данных таблицы `car_colors`
--

INSERT INTO `car_colors` (`id`, `color_name`, `deleted_at`, `created_at`, `updated_at`) VALUES
(1, 'белый', NULL, '2025-06-06 20:08:48', '2025-06-06 20:08:48'),
(2, 'бронзовый', NULL, '2025-06-06 20:08:48', '2025-06-06 20:08:48'),
(3, 'голубой', NULL, '2025-06-06 20:08:48', '2025-06-06 20:08:48'),
(4, 'желтый', NULL, '2025-06-06 20:08:48', '2025-06-06 20:08:48'),
(5, 'зеленый', NULL, '2025-06-06 20:08:48', '2025-06-06 20:08:48'),
(6, 'золотой', NULL, '2025-06-06 20:08:48', '2025-06-06 20:08:48'),
(7, 'индиго', NULL, '2025-06-06 20:08:48', '2025-06-06 20:08:48'),
(8, 'коричневый', NULL, '2025-06-06 20:08:48', '2025-06-06 20:08:48'),
(9, 'красный', NULL, '2025-06-06 20:08:48', '2025-06-06 20:08:48'),
(10, 'оранжевый', NULL, '2025-06-06 20:08:48', '2025-06-06 20:08:48'),
(11, 'розовый', NULL, '2025-06-06 20:08:48', '2025-06-06 20:08:48'),
(12, 'серебрянный', NULL, '2025-06-06 20:08:48', '2025-06-06 20:08:48'),
(13, 'серый', NULL, '2025-06-06 20:08:48', '2025-06-06 20:08:48'),
(14, 'синий', NULL, '2025-06-06 20:08:48', '2025-06-06 20:08:48'),
(15, 'сиреневый', NULL, '2025-06-06 20:08:48', '2025-06-06 20:08:48'),
(16, 'фиолетовый', NULL, '2025-06-06 20:08:48', '2025-06-06 20:08:48'),
(17, 'черный', NULL, '2025-06-06 20:08:48', '2025-06-06 20:08:48');

-- --------------------------------------------------------

--
-- Структура таблицы `car_countries`
--

CREATE TABLE `car_countries` (
  `id` bigint(20) UNSIGNED NOT NULL,
  `country_name` varchar(255) NOT NULL,
  `deleted_at` timestamp NULL DEFAULT NULL,
  `created_at` timestamp NULL DEFAULT NULL,
  `updated_at` timestamp NULL DEFAULT NULL
) ENGINE=InnoDB DEFAULT CHARSET=utf8mb4 COLLATE=utf8mb4_unicode_ci;

--
-- Дамп данных таблицы `car_countries`
--

INSERT INTO `car_countries` (`id`, `country_name`, `deleted_at`, `created_at`, `updated_at`) VALUES
(1, 'Австралия', NULL, '2025-06-06 20:08:48', '2025-06-06 20:08:48'),
(2, 'Австрия', NULL, '2025-06-06 20:08:48', '2025-06-06 20:08:48'),
(3, 'Беларусь', NULL, '2025-06-06 20:08:48', '2025-06-06 20:08:48'),
(4, 'Бразилия', NULL, '2025-06-06 20:08:48', '2025-06-06 20:08:48'),
(5, 'Великобритания', NULL, '2025-06-06 20:08:48', '2025-06-06 20:08:48'),
(6, 'Вьетнам', NULL, '2025-06-06 20:08:48', '2025-06-06 20:08:48'),
(7, 'Германия', NULL, '2025-06-06 20:08:48', '2025-06-06 20:08:48'),
(8, 'Дания', NULL, '2025-06-06 20:08:48', '2025-06-06 20:08:48'),
(9, 'Израиль', NULL, '2025-06-06 20:08:48', '2025-06-06 20:08:48'),
(10, 'Индия', NULL, '2025-06-06 20:08:48', '2025-06-06 20:08:48'),
(11, 'Иран', NULL, '2025-06-06 20:08:48', '2025-06-06 20:08:48'),
(12, 'Испания', NULL, '2025-06-06 20:08:48', '2025-06-06 20:08:48'),
(13, 'Италия', NULL, '2025-06-06 20:08:48', '2025-06-06 20:08:48'),
(14, 'Китай', NULL, '2025-06-06 20:08:48', '2025-06-06 20:08:48'),
(15, 'Латвия', NULL, '2025-06-06 20:08:48', '2025-06-06 20:08:48'),
(16, 'Малайзия', NULL, '2025-06-06 20:08:48', '2025-06-06 20:08:48'),
(17, 'Мексика', NULL, '2025-06-06 20:08:48', '2025-06-06 20:08:48'),
(18, 'Нидерланды', NULL, '2025-06-06 20:08:48', '2025-06-06 20:08:48'),
(19, 'Норвегия', NULL, '2025-06-06 20:08:48', '2025-06-06 20:08:48'),
(20, 'Объединённые Арабские Эмираты', NULL, '2025-06-06 20:08:48', '2025-06-06 20:08:48'),
(21, 'Польша', NULL, '2025-06-06 20:08:48', '2025-06-06 20:08:48'),
(22, 'Россия', NULL, '2025-06-06 20:08:48', '2025-06-06 20:08:48'),
(23, 'Румыния', NULL, '2025-06-06 20:08:48', '2025-06-06 20:08:48'),
(24, 'Северная Америка', NULL, '2025-06-06 20:08:48', '2025-06-06 20:08:48'),
(25, 'Сербия', NULL, '2025-06-06 20:08:48', '2025-06-06 20:08:48'),
(26, 'США', NULL, '2025-06-06 20:08:48', '2025-06-06 20:08:48'),
(27, 'Таиланд', NULL, '2025-06-06 20:08:48', '2025-06-06 20:08:48'),
(28, 'Тайвань', NULL, '2025-06-06 20:08:48', '2025-06-06 20:08:48'),
(29, 'Турция', NULL, '2025-06-06 20:08:48', '2025-06-06 20:08:48'),
(30, 'Узбекистан', NULL, '2025-06-06 20:08:48', '2025-06-06 20:08:48'),
(31, 'Украина', NULL, '2025-06-06 20:08:48', '2025-06-06 20:08:48'),
(32, 'Франция', NULL, '2025-06-06 20:08:48', '2025-06-06 20:08:48'),
(33, 'Хорватия', NULL, '2025-06-06 20:08:48', '2025-06-06 20:08:48'),
(34, 'Чехия', NULL, '2025-06-06 20:08:48', '2025-06-06 20:08:48'),
(35, 'Швейцария', NULL, '2025-06-06 20:08:48', '2025-06-06 20:08:48'),
(36, 'Швеция', NULL, '2025-06-06 20:08:48', '2025-06-06 20:08:48'),
(37, 'Южная Корея', NULL, '2025-06-06 20:08:48', '2025-06-06 20:08:48'),
(38, 'Япония', NULL, '2025-06-06 20:08:48', '2025-06-06 20:08:48');

-- --------------------------------------------------------

--
-- Структура таблицы `car_marks`
--

CREATE TABLE `car_marks` (
  `id` bigint(20) UNSIGNED NOT NULL,
  `mark_name` varchar(255) NOT NULL,
  `deleted_at` timestamp NULL DEFAULT NULL,
  `created_at` timestamp NULL DEFAULT NULL,
  `updated_at` timestamp NULL DEFAULT NULL
) ENGINE=InnoDB DEFAULT CHARSET=utf8mb4 COLLATE=utf8mb4_unicode_ci;

--
-- Дамп данных таблицы `car_marks`
--

INSERT INTO `car_marks` (`id`, `mark_name`, `deleted_at`, `created_at`, `updated_at`) VALUES
(1, 'AC', NULL, '2025-06-06 20:08:48', '2025-06-06 20:08:48'),
(2, 'Acura 2', NULL, '2025-06-06 20:08:48', '2025-06-06 20:08:48'),
(3, 'Adler', NULL, '2025-06-06 20:08:48', '2025-06-06 20:08:48'),
(4, 'Aiways', NULL, '2025-06-06 20:08:48', '2025-06-06 20:08:48'),
(5, 'Alfa Romeo', NULL, '2025-06-06 20:08:48', '2025-06-06 20:08:48'),
(6, 'Alpina', NULL, '2025-06-06 20:08:48', '2025-06-06 20:08:48'),
(7, 'Alpine', NULL, '2025-06-06 20:08:48', '2025-06-06 20:08:48'),
(9, 'AMC', NULL, '2025-06-06 20:08:48', '2025-06-06 20:08:48'),
(11, 'Arcfox', NULL, '2025-06-06 20:08:48', '2025-06-06 20:08:48'),
(12, 'Ariel', NULL, '2025-06-06 20:08:48', '2025-06-06 20:08:48'),
(13, 'Aro', NULL, '2025-06-06 20:08:48', '2025-06-06 20:08:48'),
(14, 'Asia', NULL, '2025-06-06 20:08:48', '2025-06-06 20:08:48'),
(15, 'Aston Martin', NULL, '2025-06-06 20:08:48', '2025-06-06 20:08:48'),
(17, 'Audi', NULL, '2025-06-06 20:08:48', '2025-06-06 20:08:48'),
(18, 'Aurus', NULL, '2025-06-06 20:08:48', '2025-06-06 20:08:48'),
(19, 'Austin', NULL, '2025-06-06 20:08:48', '2025-06-06 20:08:48'),
(20, 'Austin Healey', NULL, '2025-06-06 20:08:48', '2025-06-06 20:08:48'),
(23, 'Avatr', NULL, '2025-06-06 20:08:48', '2025-06-06 20:08:48'),
(24, 'BAIC', NULL, '2025-06-06 20:08:48', '2025-06-06 20:08:48'),
(27, 'Baojun', NULL, '2025-06-06 20:08:48', '2025-06-06 20:08:48'),
(28, 'Batmobile', NULL, '2025-06-06 20:08:48', '2025-06-06 20:08:48'),
(29, 'BAW', NULL, '2025-06-06 20:08:48', '2025-06-06 20:08:48'),
(31, 'Bentley', NULL, '2025-06-06 20:08:48', '2025-06-06 20:08:48'),
(35, 'Bitter', NULL, '2025-06-06 20:08:48', '2025-06-06 20:08:48'),
(37, 'BMW', NULL, '2025-06-06 20:08:48', '2025-06-06 20:08:48'),
(38, 'Borgward', NULL, '2025-06-06 20:08:48', '2025-06-06 20:08:48'),
(39, 'Brabus', NULL, '2025-06-06 20:08:48', '2025-06-06 20:08:48'),
(40, 'Brilliance', NULL, '2025-06-06 20:08:48', '2025-06-06 20:08:48'),
(41, 'Bristol', NULL, '2025-06-06 20:08:48', '2025-06-06 20:08:48'),
(42, 'Bufori', NULL, '2025-06-06 20:08:48', '2025-06-06 20:08:48'),
(43, 'Bugatti', NULL, '2025-06-06 20:08:48', '2025-06-06 20:08:48'),
(44, 'Buick', NULL, '2025-06-06 20:08:48', '2025-06-06 20:08:48'),
(45, 'BYD', NULL, '2025-06-06 20:08:48', '2025-06-06 20:08:48'),
(46, 'Byvin', NULL, '2025-06-06 20:08:48', '2025-06-06 20:08:48'),
(47, 'Cadillac', NULL, '2025-06-06 20:08:48', '2025-06-06 20:08:48'),
(50, 'Caterham', NULL, '2025-06-06 20:08:48', '2025-06-06 20:08:48'),
(51, 'Chana', NULL, '2025-06-06 20:08:48', '2025-06-06 20:08:48'),
(52, 'Changan', NULL, '2025-06-06 20:08:48', '2025-06-06 20:08:48'),
(53, 'Changfeng', NULL, '2025-06-06 20:08:48', '2025-06-06 20:08:48'),
(55, 'Chery', NULL, '2025-06-06 20:08:48', '2025-06-06 20:08:48'),
(56, 'Chevrolet', NULL, '2025-06-06 20:08:48', '2025-06-06 20:08:48'),
(57, 'Chrysler', NULL, '2025-06-06 20:08:48', '2025-06-06 20:08:48'),
(58, 'Ciimo (Dongfeng-Honda)', NULL, '2025-06-06 20:08:48', '2025-06-06 20:08:48'),
(59, 'Citroen', NULL, '2025-06-06 20:08:48', '2025-06-06 20:08:48'),
(64, 'Cupra', NULL, '2025-06-06 20:08:48', '2025-06-06 20:08:48'),
(65, 'Dacia', NULL, '2025-06-06 20:08:48', '2025-06-06 20:08:48'),
(66, 'Dadi', NULL, '2025-06-06 20:08:48', '2025-06-06 20:08:48'),
(67, 'Daewoo', NULL, '2025-06-06 20:08:48', '2025-06-06 20:08:48'),
(68, 'Daihatsu', NULL, '2025-06-06 20:08:48', '2025-06-06 20:08:48'),
(69, 'Daimler', NULL, '2025-06-06 20:08:48', '2025-06-06 20:08:48'),
(71, 'Datsun', NULL, '2025-06-06 20:08:48', '2025-06-06 20:08:48'),
(73, 'De Tomaso', NULL, '2025-06-06 20:08:48', '2025-06-06 20:08:48'),
(75, 'Delage', NULL, '2025-06-06 20:08:48', '2025-06-06 20:08:48'),
(77, 'Denza', NULL, '2025-06-06 20:08:48', '2025-06-06 20:08:48'),
(78, 'Derways', NULL, '2025-06-06 20:08:48', '2025-06-06 20:08:48'),
(79, 'DeSoto', NULL, '2025-06-06 20:08:48', '2025-06-06 20:08:48'),
(81, 'Dodge', NULL, '2025-06-06 20:08:48', '2025-06-06 20:08:48'),
(82, 'Dongfeng', NULL, '2025-06-06 20:08:48', '2025-06-06 20:08:48'),
(83, 'Doninvest', NULL, '2025-06-06 20:08:48', '2025-06-06 20:08:48'),
(84, 'Donkervoort', NULL, '2025-06-06 20:08:48', '2025-06-06 20:08:48'),
(85, 'DS', NULL, '2025-06-06 20:08:48', '2025-06-06 20:08:48'),
(86, 'DW Hower', NULL, '2025-06-06 20:08:48', '2025-06-06 20:08:48'),
(87, 'Eagle', NULL, '2025-06-06 20:08:48', '2025-06-06 20:08:48'),
(90, 'Enovate (Enoreve)', NULL, '2025-06-06 20:08:48', '2025-06-06 20:08:48'),
(92, 'Evolute', NULL, '2025-06-06 20:08:48', '2025-06-06 20:08:48'),
(93, 'Excalibur', NULL, '2025-06-06 20:08:48', '2025-06-06 20:08:48'),
(94, 'EXEED', NULL, '2025-06-06 20:08:48', '2025-06-06 20:08:48'),
(96, 'FAW', NULL, '2025-06-06 20:08:48', '2025-06-06 20:08:48'),
(97, 'Ferrari', NULL, '2025-06-06 20:08:48', '2025-06-06 20:08:48'),
(98, 'Fiat', NULL, '2025-06-06 20:08:48', '2025-06-06 20:08:48'),
(99, 'Fisker', NULL, '2025-06-06 20:08:48', '2025-06-06 20:08:48'),
(101, 'Ford', NULL, '2025-06-06 20:08:48', '2025-06-06 20:08:48'),
(102, 'Forthing', NULL, '2025-06-06 20:08:48', '2025-06-06 20:08:48'),
(103, 'Foton', NULL, '2025-06-06 20:08:48', '2025-06-06 20:08:48'),
(104, 'FSO', NULL, '2025-06-06 20:08:48', '2025-06-06 20:08:48'),
(106, 'GAC', NULL, '2025-06-06 20:08:48', '2025-06-06 20:08:48'),
(107, 'GAC Aion', NULL, '2025-06-06 20:08:48', '2025-06-06 20:08:48'),
(108, 'GAC Trumpchi', NULL, '2025-06-06 20:08:48', '2025-06-06 20:08:48'),
(109, 'Geely', NULL, '2025-06-06 20:08:48', '2025-06-06 20:08:48'),
(110, 'Genesis', NULL, '2025-06-06 20:08:48', '2025-06-06 20:08:48'),
(111, 'Geo', NULL, '2025-06-06 20:08:48', '2025-06-06 20:08:48'),
(112, 'GMC', NULL, '2025-06-06 20:08:48', '2025-06-06 20:08:48'),
(113, 'Goggomobil', NULL, '2025-06-06 20:08:48', '2025-06-06 20:08:48'),
(117, 'Great Wall', NULL, '2025-06-06 20:08:48', '2025-06-06 20:08:48'),
(118, 'Hafei', NULL, '2025-06-06 20:08:48', '2025-06-06 20:08:48'),
(119, 'Haima', NULL, '2025-06-06 20:08:48', '2025-06-06 20:08:48'),
(120, 'Hanomag', NULL, '2025-06-06 20:08:48', '2025-06-06 20:08:48'),
(122, 'Haval', NULL, '2025-06-06 20:08:48', '2025-06-06 20:08:48'),
(123, 'Hawtai', NULL, '2025-06-06 20:08:48', '2025-06-06 20:08:48'),
(125, 'Hennessey', NULL, '2025-06-06 20:08:48', '2025-06-06 20:08:48'),
(126, 'Hindustan', NULL, '2025-06-06 20:08:48', '2025-06-06 20:08:48'),
(127, 'HiPhi', NULL, '2025-06-06 20:08:48', '2025-06-06 20:08:48'),
(129, 'Holden', NULL, '2025-06-06 20:08:48', '2025-06-06 20:08:48'),
(130, 'Honda', NULL, '2025-06-06 20:08:48', '2025-06-06 20:08:48'),
(131, 'Hongqi', NULL, '2025-06-06 20:08:48', '2025-06-06 20:08:48'),
(132, 'Horch', NULL, '2025-06-06 20:08:48', '2025-06-06 20:08:48'),
(133, 'Hozon', NULL, '2025-06-06 20:08:48', '2025-06-06 20:08:48'),
(135, 'HuangHai', NULL, '2025-06-06 20:08:48', '2025-06-06 20:08:48'),
(137, 'Hudson', NULL, '2025-06-06 20:08:48', '2025-06-06 20:08:48'),
(138, 'Hummer', NULL, '2025-06-06 20:08:48', '2025-06-06 20:08:48'),
(139, 'Hycan', NULL, '2025-06-06 20:08:48', '2025-06-06 20:08:48'),
(140, 'Hyundai', NULL, '2025-06-06 20:08:48', '2025-06-06 20:08:48'),
(142, 'IM Motors (Zhiji)', NULL, '2025-06-06 20:08:48', '2025-06-06 20:08:48'),
(144, 'Infiniti', NULL, '2025-06-06 20:08:48', '2025-06-06 20:08:48'),
(145, 'Innocenti', NULL, '2025-06-06 20:08:48', '2025-06-06 20:08:48'),
(148, 'Iran Khodro', NULL, '2025-06-06 20:08:48', '2025-06-06 20:08:48'),
(149, 'Isdera', NULL, '2025-06-06 20:08:48', '2025-06-06 20:08:48'),
(150, 'Isuzu', NULL, '2025-06-06 20:08:48', '2025-06-06 20:08:48'),
(152, 'JAC', NULL, '2025-06-06 20:08:48', '2025-06-06 20:08:48'),
(153, 'Jaecoo', NULL, '2025-06-06 20:08:48', '2025-06-06 20:08:48'),
(154, 'Jaguar', NULL, '2025-06-06 20:08:48', '2025-06-06 20:08:48'),
(155, 'Jeep', NULL, '2025-06-06 20:08:48', '2025-06-06 20:08:48'),
(156, 'Jensen', NULL, '2025-06-06 20:08:48', '2025-06-06 20:08:48'),
(157, 'Jetour', NULL, '2025-06-06 20:08:48', '2025-06-06 20:08:48'),
(158, 'Jetta', NULL, '2025-06-06 20:08:48', '2025-06-06 20:08:48'),
(159, 'Jinbei', NULL, '2025-06-06 20:08:48', '2025-06-06 20:08:48'),
(160, 'JMC', NULL, '2025-06-06 20:08:48', '2025-06-06 20:08:48'),
(161, 'JMEV', NULL, '2025-06-06 20:08:48', '2025-06-06 20:08:48'),
(163, 'KAIYI', NULL, '2025-06-06 20:08:48', '2025-06-06 20:08:48'),
(164, 'Karma', NULL, '2025-06-06 20:08:48', '2025-06-06 20:08:48'),
(165, 'Kawei', NULL, '2025-06-06 20:08:48', '2025-06-06 20:08:48'),
(166, 'KG Mobility', NULL, '2025-06-06 20:08:48', '2025-06-06 20:08:48'),
(167, 'Kia', NULL, '2025-06-06 20:08:48', '2025-06-06 20:08:48'),
(168, 'Koenigsegg', NULL, '2025-06-06 20:08:48', '2025-06-06 20:08:48'),
(171, 'Lada (ВАЗ)', NULL, '2025-06-06 20:08:48', '2025-06-06 20:08:48'),
(172, 'Lamborghini', NULL, '2025-06-06 20:08:48', '2025-06-06 20:08:48'),
(173, 'Lancia', NULL, '2025-06-06 20:08:48', '2025-06-06 20:08:48'),
(174, 'Land Rover', NULL, '2025-06-06 20:08:48', '2025-06-06 20:08:48'),
(175, 'Landwind', NULL, '2025-06-06 20:08:48', '2025-06-06 20:08:48'),
(176, 'Leapmotor', NULL, '2025-06-06 20:08:48', '2025-06-06 20:08:48'),
(177, 'Lexus', NULL, '2025-06-06 20:08:48', '2025-06-06 20:08:48'),
(179, 'Lifan', NULL, '2025-06-06 20:08:48', '2025-06-06 20:08:48'),
(181, 'Lincoln', NULL, '2025-06-06 20:08:48', '2025-06-06 20:08:48'),
(182, 'Livan', NULL, '2025-06-06 20:08:48', '2025-06-06 20:08:48'),
(183, 'LiXiang', NULL, '2025-06-06 20:08:48', '2025-06-06 20:08:48'),
(185, 'Lotus', NULL, '2025-06-06 20:08:48', '2025-06-06 20:08:48'),
(189, 'Luxgen', NULL, '2025-06-06 20:08:48', '2025-06-06 20:08:48'),
(190, 'Lynk & Co', NULL, '2025-06-06 20:08:48', '2025-06-06 20:08:48'),
(191, 'Mahindra', NULL, '2025-06-06 20:08:48', '2025-06-06 20:08:48'),
(192, 'Marcos', NULL, '2025-06-06 20:08:48', '2025-06-06 20:08:48'),
(193, 'Marlin', NULL, '2025-06-06 20:08:48', '2025-06-06 20:08:48'),
(194, 'Marussia', NULL, '2025-06-06 20:08:48', '2025-06-06 20:08:48'),
(195, 'Maruti', NULL, '2025-06-06 20:08:48', '2025-06-06 20:08:48'),
(196, 'Maserati', NULL, '2025-06-06 20:08:48', '2025-06-06 20:08:48'),
(198, 'Maxus', NULL, '2025-06-06 20:08:48', '2025-06-06 20:08:48'),
(199, 'Maybach', NULL, '2025-06-06 20:08:48', '2025-06-06 20:08:48'),
(200, 'Mazda', NULL, '2025-06-06 20:08:48', '2025-06-06 20:08:48'),
(201, 'McLaren', NULL, '2025-06-06 20:08:48', '2025-06-06 20:08:48'),
(202, 'Mega', NULL, '2025-06-06 20:08:48', '2025-06-06 20:08:48'),
(203, 'Mercedes-Benz', NULL, '2025-06-06 20:08:48', '2025-06-06 20:08:48'),
(204, 'Mercury', NULL, '2025-06-06 20:08:48', '2025-06-06 20:08:48'),
(206, 'Metrocab', NULL, '2025-06-06 20:08:48', '2025-06-06 20:08:48'),
(207, 'MG', NULL, '2025-06-06 20:08:48', '2025-06-06 20:08:48'),
(209, 'Microcar', NULL, '2025-06-06 20:08:48', '2025-06-06 20:08:48'),
(211, 'Mini', NULL, '2025-06-06 20:08:48', '2025-06-06 20:08:48'),
(212, 'Mitsubishi', NULL, '2025-06-06 20:08:48', '2025-06-06 20:08:48'),
(213, 'Mitsuoka', NULL, '2025-06-06 20:08:48', '2025-06-06 20:08:48'),
(215, 'Morgan', NULL, '2025-06-06 20:08:48', '2025-06-06 20:08:48'),
(216, 'Morris', NULL, '2025-06-06 20:08:48', '2025-06-06 20:08:48'),
(218, 'Nio', NULL, '2025-06-06 20:08:48', '2025-06-06 20:08:48'),
(219, 'Nissan', NULL, '2025-06-06 20:08:48', '2025-06-06 20:08:48'),
(220, 'Noble', NULL, '2025-06-06 20:08:48', '2025-06-06 20:08:48'),
(221, 'Oldsmobile', NULL, '2025-06-06 20:08:48', '2025-06-06 20:08:48'),
(222, 'OMODA', NULL, '2025-06-06 20:08:48', '2025-06-06 20:08:48'),
(223, 'Opel', NULL, '2025-06-06 20:08:48', '2025-06-06 20:08:48'),
(224, 'Ora', NULL, '2025-06-06 20:08:48', '2025-06-06 20:08:48'),
(226, 'Oshan', NULL, '2025-06-06 20:08:48', '2025-06-06 20:08:48'),
(229, 'Packard', NULL, '2025-06-06 20:08:48', '2025-06-06 20:08:48'),
(230, 'Pagani', NULL, '2025-06-06 20:08:48', '2025-06-06 20:08:48'),
(231, 'Panoz', NULL, '2025-06-06 20:08:48', '2025-06-06 20:08:48'),
(232, 'Perodua', NULL, '2025-06-06 20:08:48', '2025-06-06 20:08:48'),
(233, 'Peugeot', NULL, '2025-06-06 20:08:48', '2025-06-06 20:08:48'),
(234, 'PGO', NULL, '2025-06-06 20:08:48', '2025-06-06 20:08:48'),
(237, 'Plymouth', NULL, '2025-06-06 20:08:48', '2025-06-06 20:08:48'),
(239, 'Polestar', NULL, '2025-06-06 20:08:48', '2025-06-06 20:08:48'),
(240, 'Pontiac', NULL, '2025-06-06 20:08:48', '2025-06-06 20:08:48'),
(241, 'Porsche', NULL, '2025-06-06 20:08:48', '2025-06-06 20:08:48'),
(242, 'Premier', NULL, '2025-06-06 20:08:48', '2025-06-06 20:08:48'),
(243, 'Proton', NULL, '2025-06-06 20:08:48', '2025-06-06 20:08:48'),
(244, 'Puch', NULL, '2025-06-06 20:08:48', '2025-06-06 20:08:48'),
(245, 'Puma', NULL, '2025-06-06 20:08:48', '2025-06-06 20:08:48'),
(248, 'Qiyuan', NULL, '2025-06-06 20:08:48', '2025-06-06 20:08:48'),
(249, 'Qoros', NULL, '2025-06-06 20:08:48', '2025-06-06 20:08:48'),
(252, 'Ram', NULL, '2025-06-06 20:08:48', '2025-06-06 20:08:48'),
(253, 'Ravon', NULL, '2025-06-06 20:08:48', '2025-06-06 20:08:48'),
(256, 'Renault', NULL, '2025-06-06 20:08:48', '2025-06-06 20:08:48'),
(257, 'Renault Samsung', NULL, '2025-06-06 20:08:48', '2025-06-06 20:08:48'),
(258, 'Rezvani', NULL, '2025-06-06 20:08:48', '2025-06-06 20:08:48'),
(259, 'Rimac', NULL, '2025-06-06 20:08:48', '2025-06-06 20:08:48'),
(261, 'Rising Auto', NULL, '2025-06-06 20:08:48', '2025-06-06 20:08:48'),
(262, 'Rivian', NULL, '2025-06-06 20:08:48', '2025-06-06 20:08:48'),
(263, 'Roewe', NULL, '2025-06-06 20:08:48', '2025-06-06 20:08:48'),
(264, 'Rolls-Royce', NULL, '2025-06-06 20:08:48', '2025-06-06 20:08:48'),
(267, 'Rover', NULL, '2025-06-06 20:08:48', '2025-06-06 20:08:48'),
(268, 'Saab', NULL, '2025-06-06 20:08:48', '2025-06-06 20:08:48'),
(269, 'Saipa', NULL, '2025-06-06 20:08:48', '2025-06-06 20:08:48'),
(270, 'Saleen', NULL, '2025-06-06 20:08:48', '2025-06-06 20:08:48'),
(272, 'Saturn', NULL, '2025-06-06 20:08:48', '2025-06-06 20:08:48'),
(273, 'Scion', NULL, '2025-06-06 20:08:48', '2025-06-06 20:08:48'),
(275, 'SEAT', NULL, '2025-06-06 20:08:48', '2025-06-06 20:08:48'),
(277, 'Seres Aito', NULL, '2025-06-06 20:08:48', '2025-06-06 20:08:48'),
(278, 'Shanghai Maple', NULL, '2025-06-06 20:08:48', '2025-06-06 20:08:48'),
(279, 'ShuangHuan', NULL, '2025-06-06 20:08:48', '2025-06-06 20:08:48'),
(280, 'Simca', NULL, '2025-06-06 20:08:48', '2025-06-06 20:08:48'),
(281, 'Skoda', NULL, '2025-06-06 20:08:48', '2025-06-06 20:08:48'),
(282, 'Skywell', NULL, '2025-06-06 20:08:48', '2025-06-06 20:08:48'),
(284, 'Smart', NULL, '2025-06-06 20:08:48', '2025-06-06 20:08:48'),
(285, 'Solaris', NULL, '2025-06-06 20:08:48', '2025-06-06 20:08:48'),
(287, 'Soueast', NULL, '2025-06-06 20:08:48', '2025-06-06 20:08:48'),
(289, 'Spyker', NULL, '2025-06-06 20:08:48', '2025-06-06 20:08:48'),
(290, 'SsangYong', NULL, '2025-06-06 20:08:48', '2025-06-06 20:08:48'),
(293, 'Subaru', NULL, '2025-06-06 20:08:48', '2025-06-06 20:08:48'),
(294, 'Suzuki', NULL, '2025-06-06 20:08:48', '2025-06-06 20:08:48'),
(295, 'SWM', NULL, '2025-06-06 20:08:48', '2025-06-06 20:08:48'),
(296, 'Talbot', NULL, '2025-06-06 20:08:48', '2025-06-06 20:08:48'),
(297, 'Tank', NULL, '2025-06-06 20:08:48', '2025-06-06 20:08:48'),
(298, 'Tata', NULL, '2025-06-06 20:08:48', '2025-06-06 20:08:48'),
(299, 'Tatra', NULL, '2025-06-06 20:08:48', '2025-06-06 20:08:48'),
(301, 'Tesla', NULL, '2025-06-06 20:08:48', '2025-06-06 20:08:48'),
(304, 'Tianma', NULL, '2025-06-06 20:08:48', '2025-06-06 20:08:48'),
(306, 'Tofas', NULL, '2025-06-06 20:08:48', '2025-06-06 20:08:48'),
(307, 'Toyota', NULL, '2025-06-06 20:08:48', '2025-06-06 20:08:48'),
(308, 'Trabant', NULL, '2025-06-06 20:08:48', '2025-06-06 20:08:48'),
(310, 'Triumph', NULL, '2025-06-06 20:08:48', '2025-06-06 20:08:48'),
(311, 'TVR', NULL, '2025-06-06 20:08:48', '2025-06-06 20:08:48'),
(312, 'Ultima', NULL, '2025-06-06 20:08:48', '2025-06-06 20:08:48'),
(313, 'Vauxhall', NULL, '2025-06-06 20:08:48', '2025-06-06 20:08:48'),
(314, 'Vector', NULL, '2025-06-06 20:08:48', '2025-06-06 20:08:48'),
(315, 'Venturi', NULL, '2025-06-06 20:08:48', '2025-06-06 20:08:48'),
(316, 'Venucia', NULL, '2025-06-06 20:08:48', '2025-06-06 20:08:48'),
(317, 'VGV', NULL, '2025-06-06 20:08:48', '2025-06-06 20:08:48'),
(318, 'VinFast', NULL, '2025-06-06 20:08:48', '2025-06-06 20:08:48'),
(319, 'Volkswagen', NULL, '2025-06-06 20:08:48', '2025-06-06 20:08:48'),
(320, 'Volvo', NULL, '2025-06-06 20:08:48', '2025-06-06 20:08:48'),
(321, 'Vortex', NULL, '2025-06-06 20:08:48', '2025-06-06 20:08:48'),
(322, 'Voyah', NULL, '2025-06-06 20:08:48', '2025-06-06 20:08:48'),
(324, 'W Motors', NULL, '2025-06-06 20:08:48', '2025-06-06 20:08:48'),
(325, 'Wanderer', NULL, '2025-06-06 20:08:48', '2025-06-06 20:08:48'),
(326, 'Wartburg', NULL, '2025-06-06 20:08:48', '2025-06-06 20:08:48'),
(327, 'Weltmeister', NULL, '2025-06-06 20:08:48', '2025-06-06 20:08:48'),
(328, 'Westfield', NULL, '2025-06-06 20:08:48', '2025-06-06 20:08:48'),
(329, 'Wey', NULL, '2025-06-06 20:08:48', '2025-06-06 20:08:48'),
(330, 'Wiesmann', NULL, '2025-06-06 20:08:48', '2025-06-06 20:08:48'),
(331, 'Willys', NULL, '2025-06-06 20:08:48', '2025-06-06 20:08:48'),
(332, 'Wuling', NULL, '2025-06-06 20:08:48', '2025-06-06 20:08:48'),
(337, 'Xin Kai', NULL, '2025-06-06 20:08:48', '2025-06-06 20:08:48'),
(338, 'Xpeng', NULL, '2025-06-06 20:08:48', '2025-06-06 20:08:48'),
(342, 'Zastava', NULL, '2025-06-06 20:08:48', '2025-06-06 20:08:48'),
(343, 'Zeekr', NULL, '2025-06-06 20:08:48', '2025-06-06 20:08:48'),
(345, 'Zenvo', NULL, '2025-06-06 20:08:48', '2025-06-06 20:08:48'),
(347, 'Zotye', NULL, '2025-06-06 20:08:48', '2025-06-06 20:08:48'),
(348, 'ZX', NULL, '2025-06-06 20:08:48', '2025-06-06 20:08:48'),
(349, 'Автокам', NULL, '2025-06-06 20:08:48', '2025-06-06 20:08:48'),
(352, 'ГАЗ', NULL, '2025-06-06 20:08:48', '2025-06-06 20:08:48'),
(354, 'ЗАЗ', NULL, '2025-06-06 20:08:48', '2025-06-06 20:08:48'),
(355, 'ЗИЛ', NULL, '2025-06-06 20:08:48', '2025-06-06 20:08:48'),
(356, 'ЗиС', NULL, '2025-06-06 20:08:48', '2025-06-06 20:08:48'),
(357, 'Иж', NULL, '2025-06-06 20:08:48', '2025-06-06 20:08:48'),
(360, 'ЛуАЗ', NULL, '2025-06-06 20:08:48', '2025-06-06 20:08:48'),
(361, 'Москвич', NULL, '2025-06-06 20:08:48', '2025-06-06 20:08:48'),
(363, 'СМЗ', NULL, '2025-06-06 20:08:48', '2025-06-06 20:08:48'),
(364, 'Спортивные авто и реплики', NULL, '2025-06-06 20:08:48', '2025-06-06 20:08:48'),
(365, 'ТагАЗ', NULL, '2025-06-06 20:08:48', '2025-06-06 20:08:48'),
(366, 'УАЗ', NULL, '2025-06-06 20:08:48', '2025-06-06 20:08:48');

-- --------------------------------------------------------

--
-- Структура таблицы `car_mark_model_countries`
--

CREATE TABLE `car_mark_model_countries` (
  `id` bigint(20) UNSIGNED NOT NULL,
  `mark_id` bigint(20) UNSIGNED NOT NULL,
  `model_id` bigint(20) UNSIGNED NOT NULL,
  `country_id` bigint(20) UNSIGNED NOT NULL,
  `created_at` timestamp NULL DEFAULT NULL,
  `updated_at` timestamp NULL DEFAULT NULL
) ENGINE=InnoDB DEFAULT CHARSET=utf8mb4 COLLATE=utf8mb4_unicode_ci;

--
-- Дамп данных таблицы `car_mark_model_countries`
--

INSERT INTO `car_mark_model_countries` (`id`, `mark_id`, `model_id`, `country_id`, `created_at`, `updated_at`) VALUES
(1, 1, 350, 5, '2025-06-06 20:08:49', '2025-06-06 20:08:49'),
(2, 1, 434, 5, '2025-06-06 20:08:49', '2025-06-06 20:08:49'),
(3, 2, 3157, 38, '2025-06-06 20:08:49', '2025-06-06 20:08:49'),
(4, 3, 3219, 7, '2025-06-06 20:08:49', '2025-06-06 20:08:49'),
(5, 4, 3258, 14, '2025-06-06 20:08:49', '2025-06-06 20:08:49'),
(6, 5, 63, 13, '2025-06-06 20:08:49', '2025-06-06 20:08:49'),
(7, 6, 1057, 7, '2025-06-06 20:08:49', '2025-06-06 20:08:49'),
(8, 7, 418, 32, '2025-06-06 20:08:49', '2025-06-06 20:08:49'),
(9, 9, 2585, 24, '2025-06-06 20:08:49', '2025-06-06 20:08:49'),
(10, 11, 476, 14, '2025-06-06 20:08:49', '2025-06-06 20:08:49'),
(11, 12, 2315, 5, '2025-06-06 20:08:49', '2025-06-06 20:08:49'),
(12, 13, 21, 23, '2025-06-06 20:08:49', '2025-06-06 20:08:49'),
(13, 14, 2649, 37, '2025-06-06 20:08:49', '2025-06-06 20:08:49'),
(14, 15, 1046, 5, '2025-06-06 20:08:49', '2025-06-06 20:08:49'),
(15, 15, 3368, 5, '2025-06-06 20:08:49', '2025-06-06 20:08:49'),
(16, 17, 73, 7, '2025-06-06 20:08:49', '2025-06-06 20:08:49'),
(17, 17, 419, 7, '2025-06-06 20:08:49', '2025-06-06 20:08:49'),
(18, 17, 422, 7, '2025-06-06 20:08:49', '2025-06-06 20:08:49'),
(19, 18, 2794, 22, '2025-06-06 20:08:49', '2025-06-06 20:08:49'),
(20, 19, 489, 5, '2025-06-06 20:08:49', '2025-06-06 20:08:49'),
(21, 19, 2478, 5, '2025-06-06 20:08:49', '2025-06-06 20:08:49'),
(22, 20, 231, 5, '2025-06-06 20:08:49', '2025-06-06 20:08:49'),
(23, 23, 12, 14, '2025-06-06 20:08:49', '2025-06-06 20:08:49'),
(24, 24, 667, 14, '2025-06-06 20:08:49', '2025-06-06 20:08:49'),
(25, 27, 1896, 14, '2025-06-06 20:08:49', '2025-06-06 20:08:49'),
(26, 28, 198, 26, '2025-06-06 20:08:49', '2025-06-06 20:08:49'),
(27, 29, 433, 14, '2025-06-06 20:08:49', '2025-06-06 20:08:49'),
(28, 31, 593, 5, '2025-06-06 20:08:49', '2025-06-06 20:08:49'),
(29, 31, 2560, 5, '2025-06-06 20:08:49', '2025-06-06 20:08:49'),
(30, 31, 3233, 5, '2025-06-06 20:08:49', '2025-06-06 20:08:49'),
(31, 35, 3250, 7, '2025-06-06 20:08:49', '2025-06-06 20:08:49'),
(32, 37, 250, 7, '2025-06-06 20:08:49', '2025-06-06 20:08:49'),
(33, 37, 3600, 7, '2025-06-06 20:08:49', '2025-06-06 20:08:49'),
(34, 38, 730, 7, '2025-06-06 20:08:49', '2025-06-06 20:08:49'),
(35, 39, 1156, 7, '2025-06-06 20:08:49', '2025-06-06 20:08:49'),
(36, 39, 2202, 7, '2025-06-06 20:08:49', '2025-06-06 20:08:49'),
(37, 40, 2073, 14, '2025-06-06 20:08:49', '2025-06-06 20:08:49'),
(38, 41, 683, 5, '2025-06-06 20:08:49', '2025-06-06 20:08:49'),
(39, 42, 1934, 16, '2025-06-06 20:08:49', '2025-06-06 20:08:49'),
(40, 43, 1126, 32, '2025-06-06 20:08:49', '2025-06-06 20:08:49'),
(41, 43, 1176, 32, '2025-06-06 20:08:49', '2025-06-06 20:08:49'),
(42, 44, 838, 26, '2025-06-06 20:08:49', '2025-06-06 20:08:49'),
(43, 45, 1106, 14, '2025-06-06 20:08:49', '2025-06-06 20:08:49'),
(44, 45, 3583, 14, '2025-06-06 20:08:49', '2025-06-06 20:08:49'),
(45, 46, 625, 14, '2025-06-06 20:08:49', '2025-06-06 20:08:49'),
(46, 47, 553, 26, '2025-06-06 20:08:49', '2025-06-06 20:08:49'),
(47, 50, 1004, 5, '2025-06-06 20:08:49', '2025-06-06 20:08:49'),
(48, 51, 2764, 14, '2025-06-06 20:08:49', '2025-06-06 20:08:49'),
(49, 52, 480, 14, '2025-06-06 20:08:49', '2025-06-06 20:08:49'),
(50, 52, 3268, 14, '2025-06-06 20:08:49', '2025-06-06 20:08:49'),
(51, 52, 3579, 14, '2025-06-06 20:08:49', '2025-06-06 20:08:49'),
(52, 53, 2006, 14, '2025-06-06 20:08:49', '2025-06-06 20:08:49'),
(53, 55, 521, 14, '2025-06-06 20:08:49', '2025-06-06 20:08:49'),
(54, 55, 524, 14, '2025-06-06 20:08:49', '2025-06-06 20:08:49'),
(55, 56, 500, 26, '2025-06-06 20:08:49', '2025-06-06 20:08:49'),
(56, 56, 3383, 26, '2025-06-06 20:08:49', '2025-06-06 20:08:49'),
(57, 56, 541, 8, '2025-06-06 20:08:49', '2025-06-06 20:08:49'),
(58, 57, 73, 26, '2025-06-06 20:08:49', '2025-06-06 20:08:49'),
(59, 57, 3371, 26, '2025-06-06 20:08:49', '2025-06-06 20:08:49'),
(60, 58, 3546, 14, '2025-06-06 20:08:49', '2025-06-06 20:08:49'),
(61, 59, 492, 32, '2025-06-06 20:08:49', '2025-06-06 20:08:49'),
(62, 59, 3544, 32, '2025-06-06 20:08:49', '2025-06-06 20:08:49'),
(63, 59, 3622, 32, '2025-06-06 20:08:49', '2025-06-06 20:08:49'),
(64, 64, 703, 12, '2025-06-06 20:08:49', '2025-06-06 20:08:49'),
(65, 65, 190, 23, '2025-06-06 20:08:49', '2025-06-06 20:08:49'),
(66, 65, 3017, 23, '2025-06-06 20:08:49', '2025-06-06 20:08:49'),
(67, 66, 2834, 14, '2025-06-06 20:08:49', '2025-06-06 20:08:49'),
(68, 67, 507, 37, '2025-06-06 20:08:49', '2025-06-06 20:08:49'),
(69, 67, 1296, 37, '2025-06-06 20:08:49', '2025-06-06 20:08:49'),
(70, 68, 503, 38, '2025-06-06 20:08:49', '2025-06-06 20:08:49'),
(71, 68, 630, 38, '2025-06-06 20:08:49', '2025-06-06 20:08:49'),
(72, 69, 2612, 5, '2025-06-06 20:08:49', '2025-06-06 20:08:49'),
(73, 69, 3474, 5, '2025-06-06 20:08:49', '2025-06-06 20:08:49'),
(74, 69, 3535, 5, '2025-06-06 20:08:49', '2025-06-06 20:08:49'),
(75, 71, 310, 38, '2025-06-06 20:08:49', '2025-06-06 20:08:49'),
(76, 73, 2395, 13, '2025-06-06 20:08:49', '2025-06-06 20:08:49'),
(77, 75, 1058, 32, '2025-06-06 20:08:49', '2025-06-06 20:08:49'),
(78, 77, 2278, 14, '2025-06-06 20:08:49', '2025-06-06 20:08:49'),
(79, 78, 561, 22, '2025-06-06 20:08:49', '2025-06-06 20:08:49'),
(80, 78, 2446, 22, '2025-06-06 20:08:49', '2025-06-06 20:08:49'),
(81, 79, 1101, 26, '2025-06-06 20:08:49', '2025-06-06 20:08:49'),
(82, 81, 511, 26, '2025-06-06 20:08:49', '2025-06-06 20:08:49'),
(83, 81, 795, 26, '2025-06-06 20:08:49', '2025-06-06 20:08:49'),
(84, 81, 850, 26, '2025-06-06 20:08:49', '2025-06-06 20:08:49'),
(85, 82, 145, 14, '2025-06-06 20:08:49', '2025-06-06 20:08:49'),
(86, 82, 443, 14, '2025-06-06 20:08:49', '2025-06-06 20:08:49'),
(87, 82, 446, 14, '2025-06-06 20:08:49', '2025-06-06 20:08:49'),
(88, 83, 1908, 22, '2025-06-06 20:08:49', '2025-06-06 20:08:49'),
(89, 84, 1063, 18, '2025-06-06 20:08:49', '2025-06-06 20:08:49'),
(90, 84, 1066, 18, '2025-06-06 20:08:49', '2025-06-06 20:08:49'),
(91, 85, 319, 32, '2025-06-06 20:08:49', '2025-06-06 20:08:49'),
(92, 85, 387, 32, '2025-06-06 20:08:49', '2025-06-06 20:08:49'),
(93, 86, 1663, 22, '2025-06-06 20:08:49', '2025-06-06 20:08:49'),
(94, 87, 3004, 26, '2025-06-06 20:08:49', '2025-06-06 20:08:49'),
(95, 87, 3376, 26, '2025-06-06 20:08:49', '2025-06-06 20:08:49'),
(96, 90, 2147, 14, '2025-06-06 20:08:49', '2025-06-06 20:08:49'),
(97, 92, 1756, 22, '2025-06-06 20:08:49', '2025-06-06 20:08:49'),
(98, 92, 1802, 22, '2025-06-06 20:08:49', '2025-06-06 20:08:49'),
(99, 93, 2814, 26, '2025-06-06 20:08:49', '2025-06-06 20:08:49'),
(100, 94, 2054, 14, '2025-06-06 20:08:49', '2025-06-06 20:08:49'),
(101, 94, 3243, 14, '2025-06-06 20:08:49', '2025-06-06 20:08:49'),
(102, 96, 643, 14, '2025-06-06 20:08:49', '2025-06-06 20:08:49'),
(103, 96, 646, 14, '2025-06-06 20:08:49', '2025-06-06 20:08:49'),
(104, 96, 649, 14, '2025-06-06 20:08:49', '2025-06-06 20:08:49'),
(105, 97, 294, 13, '2025-06-06 20:08:49', '2025-06-06 20:08:49'),
(106, 97, 87, 13, '2025-06-06 20:08:49', '2025-06-06 20:08:49'),
(107, 97, 107, 13, '2025-06-06 20:08:49', '2025-06-06 20:08:49'),
(108, 98, 265, 13, '2025-06-06 20:08:49', '2025-06-06 20:08:49'),
(109, 98, 56, 13, '2025-06-06 20:08:49', '2025-06-06 20:08:49'),
(110, 98, 59, 13, '2025-06-06 20:08:49', '2025-06-06 20:08:49'),
(111, 99, 2334, 26, '2025-06-06 20:08:49', '2025-06-06 20:08:49'),
(112, 101, 497, 26, '2025-06-06 20:08:49', '2025-06-06 20:08:49'),
(113, 101, 718, 26, '2025-06-06 20:08:49', '2025-06-06 20:08:49'),
(114, 101, 908, 26, '2025-06-06 20:08:49', '2025-06-06 20:08:49'),
(115, 102, 2015, 14, '2025-06-06 20:08:49', '2025-06-06 20:08:49'),
(116, 102, 3042, 14, '2025-06-06 20:08:49', '2025-06-06 20:08:49'),
(117, 102, 3569, 14, '2025-06-06 20:08:49', '2025-06-06 20:08:49'),
(118, 103, 2118, 14, '2025-06-06 20:08:49', '2025-06-06 20:08:49'),
(119, 103, 3230, 14, '2025-06-06 20:08:49', '2025-06-06 20:08:49'),
(120, 104, 268, 21, '2025-06-06 20:08:49', '2025-06-06 20:08:49'),
(121, 104, 1958, 21, '2025-06-06 20:08:49', '2025-06-06 20:08:49'),
(122, 106, 1626, 14, '2025-06-06 20:08:49', '2025-06-06 20:08:49'),
(123, 106, 2080, 14, '2025-06-06 20:08:49', '2025-06-06 20:08:49'),
(124, 107, 1720, 14, '2025-06-06 20:08:49', '2025-06-06 20:08:49'),
(125, 107, 3567, 14, '2025-06-06 20:08:49', '2025-06-06 20:08:49'),
(126, 108, 1170, 14, '2025-06-06 20:08:49', '2025-06-06 20:08:49'),
(127, 108, 1285, 14, '2025-06-06 20:08:49', '2025-06-06 20:08:49'),
(128, 108, 1520, 14, '2025-06-06 20:08:49', '2025-06-06 20:08:49'),
(129, 109, 549, 14, '2025-06-06 20:08:49', '2025-06-06 20:08:49'),
(130, 109, 660, 14, '2025-06-06 20:08:49', '2025-06-06 20:08:49'),
(131, 109, 663, 14, '2025-06-06 20:08:49', '2025-06-06 20:08:49'),
(132, 110, 1515, 37, '2025-06-06 20:08:49', '2025-06-06 20:08:49'),
(133, 110, 1646, 37, '2025-06-06 20:08:49', '2025-06-06 20:08:49'),
(134, 111, 2486, 26, '2025-06-06 20:08:49', '2025-06-06 20:08:49'),
(135, 111, 3190, 26, '2025-06-06 20:08:49', '2025-06-06 20:08:49'),
(136, 112, 428, 26, '2025-06-06 20:08:49', '2025-06-06 20:08:49'),
(137, 112, 1713, 26, '2025-06-06 20:08:49', '2025-06-06 20:08:49'),
(138, 112, 2758, 26, '2025-06-06 20:08:49', '2025-06-06 20:08:49'),
(139, 113, 3220, 7, '2025-06-06 20:08:49', '2025-06-06 20:08:49'),
(140, 117, 969, 14, '2025-06-06 20:08:49', '2025-06-06 20:08:49'),
(141, 117, 1697, 14, '2025-06-06 20:08:49', '2025-06-06 20:08:49'),
(142, 117, 1700, 14, '2025-06-06 20:08:49', '2025-06-06 20:08:49'),
(143, 118, 2182, 14, '2025-06-06 20:08:49', '2025-06-06 20:08:49'),
(144, 118, 2841, 14, '2025-06-06 20:08:49', '2025-06-06 20:08:49'),
(145, 119, 3, 14, '2025-06-06 20:08:49', '2025-06-06 20:08:49'),
(146, 119, 394, 14, '2025-06-06 20:08:49', '2025-06-06 20:08:49'),
(147, 119, 1164, 14, '2025-06-06 20:08:49', '2025-06-06 20:08:49'),
(148, 120, 3244, 7, '2025-06-06 20:08:49', '2025-06-06 20:08:49'),
(149, 122, 1070, 14, '2025-06-06 20:08:49', '2025-06-06 20:08:49'),
(150, 122, 1380, 14, '2025-06-06 20:08:49', '2025-06-06 20:08:49'),
(151, 122, 1659, 14, '2025-06-06 20:08:49', '2025-06-06 20:08:49'),
(152, 123, 692, 14, '2025-06-06 20:08:49', '2025-06-06 20:08:49'),
(153, 125, 3327, 26, '2025-06-06 20:08:49', '2025-06-06 20:08:49'),
(154, 126, 930, 10, '2025-06-06 20:08:49', '2025-06-06 20:08:49'),
(155, 127, 3566, 14, '2025-06-06 20:08:49', '2025-06-06 20:08:49'),
(156, 129, 541, 1, '2025-06-06 20:08:49', '2025-06-06 20:08:49'),
(157, 129, 790, 1, '2025-06-06 20:08:49', '2025-06-06 20:08:49'),
(158, 129, 1477, 1, '2025-06-06 20:08:49', '2025-06-06 20:08:49'),
(159, 130, 431, 38, '2025-06-06 20:08:49', '2025-06-06 20:08:49'),
(160, 130, 534, 38, '2025-06-06 20:08:49', '2025-06-06 20:08:49'),
(161, 130, 613, 38, '2025-06-06 20:08:49', '2025-06-06 20:08:49'),
(162, 131, 1198, 14, '2025-06-06 20:08:49', '2025-06-06 20:08:49'),
(163, 131, 1663, 14, '2025-06-06 20:08:49', '2025-06-06 20:08:49'),
(164, 131, 1670, 14, '2025-06-06 20:08:49', '2025-06-06 20:08:49'),
(165, 132, 167, 7, '2025-06-06 20:08:49', '2025-06-06 20:08:49'),
(166, 133, 2296, 14, '2025-06-06 20:08:49', '2025-06-06 20:08:49'),
(167, 133, 2299, 14, '2025-06-06 20:08:49', '2025-06-06 20:08:49'),
(168, 135, 1954, 14, '2025-06-06 20:08:49', '2025-06-06 20:08:49'),
(169, 137, 3015, 26, '2025-06-06 20:08:49', '2025-06-06 20:08:49'),
(170, 138, 1656, 26, '2025-06-06 20:08:49', '2025-06-06 20:08:49'),
(171, 139, 411, 14, '2025-06-06 20:08:49', '2025-06-06 20:08:49'),
(172, 140, 537, 37, '2025-06-06 20:08:49', '2025-06-06 20:08:49'),
(173, 140, 571, 37, '2025-06-06 20:08:49', '2025-06-06 20:08:49'),
(174, 140, 809, 37, '2025-06-06 20:08:49', '2025-06-06 20:08:49'),
(175, 142, 2032, 14, '2025-06-06 20:08:49', '2025-06-06 20:08:49'),
(176, 144, 1497, 38, '2025-06-06 20:08:49', '2025-06-06 20:08:49'),
(177, 144, 1816, 38, '2025-06-06 20:08:49', '2025-06-06 20:08:49'),
(178, 144, 2512, 38, '2025-06-06 20:08:49', '2025-06-06 20:08:49'),
(179, 145, 2176, 13, '2025-06-06 20:08:49', '2025-06-06 20:08:49'),
(180, 148, 1104, 11, '2025-06-06 20:08:49', '2025-06-06 20:08:49'),
(181, 148, 2734, 11, '2025-06-06 20:08:49', '2025-06-06 20:08:49'),
(182, 148, 2907, 11, '2025-06-06 20:08:49', '2025-06-06 20:08:49'),
(183, 149, 1764, 7, '2025-06-06 20:08:49', '2025-06-06 20:08:49'),
(184, 150, 494, 38, '2025-06-06 20:08:49', '2025-06-06 20:08:49'),
(185, 150, 586, 38, '2025-06-06 20:08:49', '2025-06-06 20:08:49'),
(186, 150, 1127, 38, '2025-06-06 20:08:49', '2025-06-06 20:08:49'),
(187, 152, 1750, 14, '2025-06-06 20:08:49', '2025-06-06 20:08:49'),
(188, 152, 1753, 14, '2025-06-06 20:08:49', '2025-06-06 20:08:49'),
(189, 152, 1819, 14, '2025-06-06 20:08:49', '2025-06-06 20:08:49'),
(190, 153, 1824, 14, '2025-06-06 20:08:49', '2025-06-06 20:08:49'),
(191, 154, 1315, 5, '2025-06-06 20:08:49', '2025-06-06 20:08:49'),
(192, 154, 1792, 5, '2025-06-06 20:08:49', '2025-06-06 20:08:49'),
(193, 154, 3000, 5, '2025-06-06 20:08:49', '2025-06-06 20:08:49'),
(194, 155, 854, 26, '2025-06-06 20:08:49', '2025-06-06 20:08:49'),
(195, 155, 919, 26, '2025-06-06 20:08:49', '2025-06-06 20:08:49'),
(196, 155, 1600, 26, '2025-06-06 20:08:49', '2025-06-06 20:08:49'),
(197, 156, 3022, 5, '2025-06-06 20:08:49', '2025-06-06 20:08:49'),
(198, 157, 2823, 14, '2025-06-06 20:08:49', '2025-06-06 20:08:49'),
(199, 157, 3492, 14, '2025-06-06 20:08:49', '2025-06-06 20:08:49'),
(200, 157, 3497, 14, '2025-06-06 20:08:49', '2025-06-06 20:08:49'),
(201, 158, 3396, 14, '2025-06-06 20:08:49', '2025-06-06 20:08:49'),
(202, 159, 1672, 14, '2025-06-06 20:08:49', '2025-06-06 20:08:49'),
(203, 160, 1069, 14, '2025-06-06 20:08:49', '2025-06-06 20:08:49'),
(204, 160, 3590, 14, '2025-06-06 20:08:49', '2025-06-06 20:08:49'),
(205, 161, 1628, 14, '2025-06-06 20:08:49', '2025-06-06 20:08:49'),
(206, 163, 3471, 14, '2025-06-06 20:08:49', '2025-06-06 20:08:49'),
(207, 164, 2625, 26, '2025-06-06 20:08:49', '2025-06-06 20:08:49'),
(208, 165, 1856, 14, '2025-06-06 20:08:49', '2025-06-06 20:08:49'),
(209, 166, 2630, 37, '2025-06-06 20:08:49', '2025-06-06 20:08:49'),
(210, 166, 3169, 37, '2025-06-06 20:08:49', '2025-06-06 20:08:49'),
(211, 167, 704, 37, '2025-06-06 20:08:49', '2025-06-06 20:08:49'),
(212, 167, 797, 37, '2025-06-06 20:08:49', '2025-06-06 20:08:49'),
(213, 167, 824, 37, '2025-06-06 20:08:49', '2025-06-06 20:08:49'),
(214, 168, 817, 36, '2025-06-06 20:08:49', '2025-06-06 20:08:49'),
(215, 168, 1833, 36, '2025-06-06 20:08:49', '2025-06-06 20:08:49'),
(216, 171, 199, 22, '2025-06-06 20:08:49', '2025-06-06 20:08:49'),
(217, 171, 202, 22, '2025-06-06 20:08:49', '2025-06-06 20:08:49'),
(218, 171, 205, 22, '2025-06-06 20:08:49', '2025-06-06 20:08:49'),
(219, 172, 579, 13, '2025-06-06 20:08:49', '2025-06-06 20:08:49'),
(220, 172, 963, 13, '2025-06-06 20:08:49', '2025-06-06 20:08:49'),
(221, 172, 1294, 13, '2025-06-06 20:08:49', '2025-06-06 20:08:49'),
(222, 173, 502, 13, '2025-06-06 20:08:49', '2025-06-06 20:08:49'),
(223, 173, 1092, 13, '2025-06-06 20:08:49', '2025-06-06 20:08:49'),
(224, 173, 1435, 13, '2025-06-06 20:08:49', '2025-06-06 20:08:49'),
(225, 174, 1124, 5, '2025-06-06 20:08:49', '2025-06-06 20:08:49'),
(226, 174, 2590, 5, '2025-06-06 20:08:49', '2025-06-06 20:08:49'),
(227, 174, 2593, 5, '2025-06-06 20:08:49', '2025-06-06 20:08:49'),
(228, 175, 1459, 14, '2025-06-06 20:08:49', '2025-06-06 20:08:49'),
(229, 175, 3489, 14, '2025-06-06 20:08:49', '2025-06-06 20:08:49'),
(230, 176, 738, 14, '2025-06-06 20:08:49', '2025-06-06 20:08:49'),
(231, 176, 3037, 14, '2025-06-06 20:08:49', '2025-06-06 20:08:49'),
(232, 177, 1281, 38, '2025-06-06 20:08:49', '2025-06-06 20:08:49'),
(233, 177, 1649, 38, '2025-06-06 20:08:49', '2025-06-06 20:08:49'),
(234, 177, 1798, 38, '2025-06-06 20:08:49', '2025-06-06 20:08:49'),
(235, 179, 713, 14, '2025-06-06 20:08:49', '2025-06-06 20:08:49'),
(236, 179, 2260, 14, '2025-06-06 20:08:49', '2025-06-06 20:08:49'),
(237, 179, 2888, 14, '2025-06-06 20:08:49', '2025-06-06 20:08:49'),
(238, 181, 678, 26, '2025-06-06 20:08:49', '2025-06-06 20:08:49'),
(239, 181, 955, 26, '2025-06-06 20:08:49', '2025-06-06 20:08:49'),
(240, 181, 2108, 26, '2025-06-06 20:08:49', '2025-06-06 20:08:49'),
(241, 182, 9, 14, '2025-06-06 20:08:49', '2025-06-06 20:08:49'),
(242, 182, 3487, 14, '2025-06-06 20:08:49', '2025-06-06 20:08:49'),
(243, 183, 1931, 14, '2025-06-06 20:08:49', '2025-06-06 20:08:49'),
(244, 183, 2149, 14, '2025-06-06 20:08:49', '2025-06-06 20:08:49'),
(245, 185, 351, 5, '2025-06-06 20:08:49', '2025-06-06 20:08:49'),
(246, 185, 1211, 5, '2025-06-06 20:08:49', '2025-06-06 20:08:49'),
(247, 185, 1223, 5, '2025-06-06 20:08:49', '2025-06-06 20:08:49'),
(248, 189, 2051, 28, '2025-06-06 20:08:49', '2025-06-06 20:08:49'),
(249, 189, 3261, 28, '2025-06-06 20:08:49', '2025-06-06 20:08:49'),
(250, 190, 2, 14, '2025-06-06 20:08:49', '2025-06-06 20:08:49'),
(251, 190, 6, 14, '2025-06-06 20:08:49', '2025-06-06 20:08:49'),
(252, 190, 9, 14, '2025-06-06 20:08:49', '2025-06-06 20:08:49'),
(253, 191, 691, 10, '2025-06-06 20:08:49', '2025-06-06 20:08:49'),
(254, 191, 919, 10, '2025-06-06 20:08:49', '2025-06-06 20:08:49'),
(255, 191, 2292, 10, '2025-06-06 20:08:49', '2025-06-06 20:08:49'),
(256, 192, 2021, 5, '2025-06-06 20:08:49', '2025-06-06 20:08:49'),
(257, 192, 2098, 5, '2025-06-06 20:08:49', '2025-06-06 20:08:49'),
(258, 193, 2941, 5, '2025-06-06 20:08:49', '2025-06-06 20:08:49'),
(259, 194, 602, 22, '2025-06-06 20:08:49', '2025-06-06 20:08:49'),
(260, 195, 160, 10, '2025-06-06 20:08:49', '2025-06-06 20:08:49'),
(261, 195, 1302, 10, '2025-06-06 20:08:49', '2025-06-06 20:08:49'),
(262, 195, 3340, 10, '2025-06-06 20:08:49', '2025-06-06 20:08:49'),
(263, 196, 344, 13, '2025-06-06 20:08:49', '2025-06-06 20:08:49'),
(264, 196, 617, 13, '2025-06-06 20:08:49', '2025-06-06 20:08:49'),
(265, 196, 864, 13, '2025-06-06 20:08:49', '2025-06-06 20:08:49'),
(266, 198, 1068, 14, '2025-06-06 20:08:49', '2025-06-06 20:08:49'),
(267, 198, 1506, 14, '2025-06-06 20:08:49', '2025-06-06 20:08:49'),
(268, 198, 1517, 14, '2025-06-06 20:08:49', '2025-06-06 20:08:49'),
(269, 199, 30, 7, '2025-06-06 20:08:49', '2025-06-06 20:08:49'),
(270, 200, 53, 38, '2025-06-06 20:08:49', '2025-06-06 20:08:49'),
(271, 200, 3, 38, '2025-06-06 20:08:49', '2025-06-06 20:08:49'),
(272, 200, 5, 38, '2025-06-06 20:08:49', '2025-06-06 20:08:49'),
(273, 201, 372, 5, '2025-06-06 20:08:49', '2025-06-06 20:08:49'),
(274, 201, 383, 5, '2025-06-06 20:08:49', '2025-06-06 20:08:49'),
(275, 201, 392, 5, '2025-06-06 20:08:49', '2025-06-06 20:08:49'),
(276, 202, 2228, 32, '2025-06-06 20:08:49', '2025-06-06 20:08:49'),
(277, 203, 279, 7, '2025-06-06 20:08:49', '2025-06-06 20:08:49'),
(278, 203, 596, 7, '2025-06-06 20:08:49', '2025-06-06 20:08:49'),
(279, 203, 733, 7, '2025-06-06 20:08:49', '2025-06-06 20:08:49'),
(280, 204, 912, 26, '2025-06-06 20:08:49', '2025-06-06 20:08:49'),
(281, 204, 1604, 26, '2025-06-06 20:08:49', '2025-06-06 20:08:49'),
(282, 204, 2116, 26, '2025-06-06 20:08:49', '2025-06-06 20:08:49'),
(283, 206, 2164, 5, '2025-06-06 20:08:49', '2025-06-06 20:08:49'),
(284, 207, 104, 5, '2025-06-06 20:08:49', '2025-06-06 20:08:49'),
(285, 207, 364, 5, '2025-06-06 20:08:49', '2025-06-06 20:08:49'),
(286, 207, 377, 5, '2025-06-06 20:08:49', '2025-06-06 20:08:49'),
(287, 209, 2061, 32, '2025-06-06 20:08:49', '2025-06-06 20:08:49'),
(288, 209, 3369, 32, '2025-06-06 20:08:49', '2025-06-06 20:08:49'),
(289, 211, 903, 5, '2025-06-06 20:08:49', '2025-06-06 20:08:49'),
(290, 211, 1678, 5, '2025-06-06 20:08:49', '2025-06-06 20:08:49'),
(291, 212, 136, 38, '2025-06-06 20:08:49', '2025-06-06 20:08:49'),
(292, 212, 544, 38, '2025-06-06 20:08:49', '2025-06-06 20:08:49'),
(293, 212, 801, 38, '2025-06-06 20:08:49', '2025-06-06 20:08:49'),
(294, 213, 727, 38, '2025-06-06 20:08:49', '2025-06-06 20:08:49'),
(295, 213, 1689, 38, '2025-06-06 20:08:49', '2025-06-06 20:08:49'),
(296, 213, 2142, 38, '2025-06-06 20:08:49', '2025-06-06 20:08:49'),
(297, 215, 354, 5, '2025-06-06 20:08:49', '2025-06-06 20:08:49'),
(298, 215, 451, 5, '2025-06-06 20:08:49', '2025-06-06 20:08:49'),
(299, 215, 2444, 5, '2025-06-06 20:08:49', '2025-06-06 20:08:49'),
(300, 216, 2103, 5, '2025-06-06 20:08:49', '2025-06-06 20:08:49'),
(301, 218, 1180, 14, '2025-06-06 20:08:49', '2025-06-06 20:08:49'),
(302, 218, 1284, 14, '2025-06-06 20:08:49', '2025-06-06 20:08:49'),
(303, 219, 277, 38, '2025-06-06 20:08:49', '2025-06-06 20:08:49'),
(304, 219, 316, 38, '2025-06-06 20:08:49', '2025-06-06 20:08:49'),
(305, 219, 349, 38, '2025-06-06 20:08:49', '2025-06-06 20:08:49'),
(306, 220, 2068, 5, '2025-06-06 20:08:49', '2025-06-06 20:08:49'),
(307, 221, 464, 26, '2025-06-06 20:08:49', '2025-06-06 20:08:49'),
(308, 221, 1026, 26, '2025-06-06 20:08:49', '2025-06-06 20:08:49'),
(309, 221, 1029, 26, '2025-06-06 20:08:49', '2025-06-06 20:08:49'),
(310, 222, 2709, 14, '2025-06-06 20:08:49', '2025-06-06 20:08:49'),
(311, 223, 441, 7, '2025-06-06 20:08:49', '2025-06-06 20:08:49'),
(312, 223, 495, 7, '2025-06-06 20:08:49', '2025-06-06 20:08:49'),
(313, 223, 541, 7, '2025-06-06 20:08:49', '2025-06-06 20:08:49'),
(314, 224, 614, 14, '2025-06-06 20:08:49', '2025-06-06 20:08:49'),
(315, 224, 2009, 14, '2025-06-06 20:08:49', '2025-06-06 20:08:49'),
(316, 226, 3482, 14, '2025-06-06 20:08:49', '2025-06-06 20:08:49'),
(317, 226, 3602, 14, '2025-06-06 20:08:49', '2025-06-06 20:08:49'),
(318, 229, 895, 26, '2025-06-06 20:08:49', '2025-06-06 20:08:49'),
(319, 229, 2858, 26, '2025-06-06 20:08:49', '2025-06-06 20:08:49'),
(320, 230, 3280, 13, '2025-06-06 20:08:49', '2025-06-06 20:08:49'),
(321, 231, 2646, 26, '2025-06-06 20:08:49', '2025-06-06 20:08:49'),
(322, 232, 1874, 16, '2025-06-06 20:08:49', '2025-06-06 20:08:49'),
(323, 232, 1892, 16, '2025-06-06 20:08:49', '2025-06-06 20:08:49'),
(324, 232, 3383, 16, '2025-06-06 20:08:49', '2025-06-06 20:08:49'),
(325, 233, 45, 32, '2025-06-06 20:08:49', '2025-06-06 20:08:49'),
(326, 233, 48, 32, '2025-06-06 20:08:49', '2025-06-06 20:08:49'),
(327, 233, 75, 32, '2025-06-06 20:08:49', '2025-06-06 20:08:49'),
(328, 234, 1681, 32, '2025-06-06 20:08:49', '2025-06-06 20:08:49'),
(329, 237, 619, 26, '2025-06-06 20:08:49', '2025-06-06 20:08:49'),
(330, 237, 915, 26, '2025-06-06 20:08:49', '2025-06-06 20:08:49'),
(331, 237, 1695, 26, '2025-06-06 20:08:49', '2025-06-06 20:08:49'),
(332, 239, 2, 36, '2025-06-06 20:08:49', '2025-06-06 20:08:49'),
(333, 240, 592, 26, '2025-06-06 20:08:49', '2025-06-06 20:08:49'),
(334, 240, 1412, 26, '2025-06-06 20:08:49', '2025-06-06 20:08:49'),
(335, 240, 1509, 26, '2025-06-06 20:08:49', '2025-06-06 20:08:49'),
(336, 241, 390, 7, '2025-06-06 20:08:49', '2025-06-06 20:08:49'),
(337, 241, 400, 7, '2025-06-06 20:08:49', '2025-06-06 20:08:49'),
(338, 241, 170, 7, '2025-06-06 20:08:49', '2025-06-06 20:08:49'),
(339, 242, 2382, 10, '2025-06-06 20:08:49', '2025-06-06 20:08:49'),
(340, 243, 1356, 16, '2025-06-06 20:08:49', '2025-06-06 20:08:49'),
(341, 243, 1796, 16, '2025-06-06 20:08:49', '2025-06-06 20:08:49'),
(342, 243, 2418, 16, '2025-06-06 20:08:49', '2025-06-06 20:08:49'),
(343, 244, 2433, 7, '2025-06-06 20:08:49', '2025-06-06 20:08:49'),
(344, 245, 1638, 4, '2025-06-06 20:08:49', '2025-06-06 20:08:49'),
(345, 248, 412, 14, '2025-06-06 20:08:49', '2025-06-06 20:08:49'),
(346, 249, 5, 14, '2025-06-06 20:08:49', '2025-06-06 20:08:49'),
(347, 252, 2495, 26, '2025-06-06 20:08:49', '2025-06-06 20:08:49'),
(348, 253, 2127, 30, '2025-06-06 20:08:49', '2025-06-06 20:08:49'),
(349, 253, 2566, 30, '2025-06-06 20:08:49', '2025-06-06 20:08:49'),
(350, 256, 11, 32, '2025-06-06 20:08:49', '2025-06-06 20:08:49'),
(351, 256, 14, 32, '2025-06-06 20:08:49', '2025-06-06 20:08:49'),
(352, 256, 17, 32, '2025-06-06 20:08:49', '2025-06-06 20:08:49'),
(353, 257, 2537, 37, '2025-06-06 20:08:49', '2025-06-06 20:08:49'),
(354, 257, 2879, 37, '2025-06-06 20:08:49', '2025-06-06 20:08:49'),
(355, 257, 3545, 37, '2025-06-06 20:08:49', '2025-06-06 20:08:49'),
(356, 258, 3071, 26, '2025-06-06 20:08:49', '2025-06-06 20:08:49'),
(357, 259, 925, 33, '2025-06-06 20:08:49', '2025-06-06 20:08:49'),
(358, 261, 2120, 14, '2025-06-06 20:08:49', '2025-06-06 20:08:49'),
(359, 262, 2563, 26, '2025-06-06 20:08:49', '2025-06-06 20:08:49'),
(360, 263, 1061, 14, '2025-06-06 20:08:49', '2025-06-06 20:08:49'),
(361, 263, 1732, 14, '2025-06-06 20:08:49', '2025-06-06 20:08:49'),
(362, 263, 1761, 14, '2025-06-06 20:08:49', '2025-06-06 20:08:49'),
(363, 264, 285, 5, '2025-06-06 20:08:49', '2025-06-06 20:08:49'),
(364, 264, 942, 5, '2025-06-06 20:08:49', '2025-06-06 20:08:49'),
(365, 264, 1552, 5, '2025-06-06 20:08:49', '2025-06-06 20:08:49'),
(366, 267, 13, 5, '2025-06-06 20:08:49', '2025-06-06 20:08:49'),
(367, 267, 110, 5, '2025-06-06 20:08:49', '2025-06-06 20:08:49'),
(368, 267, 34, 5, '2025-06-06 20:08:49', '2025-06-06 20:08:49'),
(369, 268, 404, 36, '2025-06-06 20:08:49', '2025-06-06 20:08:49'),
(370, 268, 407, 36, '2025-06-06 20:08:49', '2025-06-06 20:08:49'),
(371, 268, 168, 36, '2025-06-06 20:08:49', '2025-06-06 20:08:49'),
(372, 269, 2739, 11, '2025-06-06 20:08:49', '2025-06-06 20:08:49'),
(373, 270, 2720, 26, '2025-06-06 20:08:49', '2025-06-06 20:08:49'),
(374, 272, 557, 26, '2025-06-06 20:08:49', '2025-06-06 20:08:49'),
(375, 272, 2053, 26, '2025-06-06 20:08:49', '2025-06-06 20:08:49'),
(376, 272, 2762, 26, '2025-06-06 20:08:49', '2025-06-06 20:08:49'),
(377, 273, 1737, 26, '2025-06-06 20:08:49', '2025-06-06 20:08:49'),
(378, 273, 3086, 26, '2025-06-06 20:08:49', '2025-06-06 20:08:49'),
(379, 273, 3515, 26, '2025-06-06 20:08:49', '2025-06-06 20:08:49'),
(380, 275, 467, 12, '2025-06-06 20:08:49', '2025-06-06 20:08:49'),
(381, 275, 520, 12, '2025-06-06 20:08:49', '2025-06-06 20:08:49'),
(382, 275, 1353, 12, '2025-06-06 20:08:49', '2025-06-06 20:08:49'),
(383, 277, 2079, 14, '2025-06-06 20:08:49', '2025-06-06 20:08:49'),
(384, 278, 750, 14, '2025-06-06 20:08:49', '2025-06-06 20:08:49'),
(385, 278, 763, 14, '2025-06-06 20:08:49', '2025-06-06 20:08:49'),
(386, 279, 2768, 14, '2025-06-06 20:08:49', '2025-06-06 20:08:49'),
(387, 280, 189, 32, '2025-06-06 20:08:49', '2025-06-06 20:08:49'),
(388, 281, 256, 34, '2025-06-06 20:08:49', '2025-06-06 20:08:49'),
(389, 281, 1252, 34, '2025-06-06 20:08:49', '2025-06-06 20:08:49'),
(390, 281, 1255, 34, '2025-06-06 20:08:49', '2025-06-06 20:08:49'),
(391, 282, 1711, 14, '2025-06-06 20:08:49', '2025-06-06 20:08:49'),
(392, 284, 248, 7, '2025-06-06 20:08:49', '2025-06-06 20:08:49'),
(393, 284, 2646, 7, '2025-06-06 20:08:49', '2025-06-06 20:08:49'),
(394, 285, 1707, 22, '2025-06-06 20:08:49', '2025-06-06 20:08:49'),
(395, 287, 1147, 14, '2025-06-06 20:08:49', '2025-06-06 20:08:49'),
(396, 287, 1150, 14, '2025-06-06 20:08:49', '2025-06-06 20:08:49'),
(397, 289, 765, 8, '2025-06-06 20:08:49', '2025-06-06 20:08:49'),
(398, 290, 439, 37, '2025-06-06 20:08:49', '2025-06-06 20:08:49'),
(399, 290, 1871, 37, '2025-06-06 20:08:49', '2025-06-06 20:08:49'),
(400, 290, 1911, 37, '2025-06-06 20:08:49', '2025-06-06 20:08:49'),
(401, 293, 107, 38, '2025-06-06 20:08:49', '2025-06-06 20:08:49'),
(402, 293, 611, 38, '2025-06-06 20:08:49', '2025-06-06 20:08:49'),
(403, 293, 709, 38, '2025-06-06 20:08:49', '2025-06-06 20:08:49'),
(404, 294, 449, 38, '2025-06-06 20:08:49', '2025-06-06 20:08:49'),
(405, 294, 504, 38, '2025-06-06 20:08:49', '2025-06-06 20:08:49'),
(406, 294, 794, 38, '2025-06-06 20:08:49', '2025-06-06 20:08:49'),
(407, 295, 1503, 14, '2025-06-06 20:08:49', '2025-06-06 20:08:49'),
(408, 295, 2831, 14, '2025-06-06 20:08:49', '2025-06-06 20:08:49'),
(409, 295, 3489, 14, '2025-06-06 20:08:49', '2025-06-06 20:08:49'),
(410, 296, 575, 5, '2025-06-06 20:08:49', '2025-06-06 20:08:49'),
(411, 296, 2742, 5, '2025-06-06 20:08:49', '2025-06-06 20:08:49'),
(412, 297, 110, 14, '2025-06-06 20:08:49', '2025-06-06 20:08:49'),
(413, 298, 1300, 10, '2025-06-06 20:08:49', '2025-06-06 20:08:49'),
(414, 298, 2282, 10, '2025-06-06 20:08:49', '2025-06-06 20:08:49'),
(415, 298, 3005, 10, '2025-06-06 20:08:49', '2025-06-06 20:08:49'),
(416, 299, 35, 34, '2025-06-06 20:08:49', '2025-06-06 20:08:49'),
(417, 299, 3045, 34, '2025-06-06 20:08:49', '2025-06-06 20:08:49'),
(418, 299, 3049, 34, '2025-06-06 20:08:49', '2025-06-06 20:08:49'),
(419, 301, 2209, 26, '2025-06-06 20:08:49', '2025-06-06 20:08:49'),
(420, 301, 2217, 26, '2025-06-06 20:08:49', '2025-06-06 20:08:49'),
(421, 304, 1134, 14, '2025-06-06 20:08:49', '2025-06-06 20:08:49'),
(422, 306, 2256, 29, '2025-06-06 20:08:49', '2025-06-06 20:08:49'),
(423, 306, 2803, 29, '2025-06-06 20:08:49', '2025-06-06 20:08:49'),
(424, 307, 363, 38, '2025-06-06 20:08:49', '2025-06-06 20:08:49'),
(425, 307, 477, 38, '2025-06-06 20:08:49', '2025-06-06 20:08:49'),
(426, 307, 512, 38, '2025-06-06 20:08:49', '2025-06-06 20:08:49'),
(427, 308, 147, 7, '2025-06-06 20:08:49', '2025-06-06 20:08:49'),
(428, 310, 2935, 5, '2025-06-06 20:08:49', '2025-06-06 20:08:49'),
(429, 310, 3184, 5, '2025-06-06 20:08:49', '2025-06-06 20:08:49'),
(430, 310, 3187, 5, '2025-06-06 20:08:49', '2025-06-06 20:08:49'),
(431, 311, 104, 5, '2025-06-06 20:08:49', '2025-06-06 20:08:49'),
(432, 311, 122, 5, '2025-06-06 20:08:49', '2025-06-06 20:08:49'),
(433, 311, 859, 5, '2025-06-06 20:08:49', '2025-06-06 20:08:49'),
(434, 312, 1640, 5, '2025-06-06 20:08:49', '2025-06-06 20:08:49'),
(435, 313, 495, 5, '2025-06-06 20:08:49', '2025-06-06 20:08:49'),
(436, 313, 813, 5, '2025-06-06 20:08:49', '2025-06-06 20:08:49'),
(437, 313, 1424, 5, '2025-06-06 20:08:49', '2025-06-06 20:08:49'),
(438, 314, 3435, 26, '2025-06-06 20:08:49', '2025-06-06 20:08:49'),
(439, 315, 313, 32, '2025-06-06 20:08:49', '2025-06-06 20:08:49'),
(440, 316, 3393, 14, '2025-06-06 20:08:49', '2025-06-06 20:08:49'),
(441, 317, 3263, 14, '2025-06-06 20:08:49', '2025-06-06 20:08:49'),
(442, 318, 2049, 6, '2025-06-06 20:08:49', '2025-06-06 20:08:49'),
(443, 318, 3350, 6, '2025-06-06 20:08:49', '2025-06-06 20:08:49'),
(444, 319, 488, 7, '2025-06-06 20:08:49', '2025-06-06 20:08:49'),
(445, 319, 547, 7, '2025-06-06 20:08:49', '2025-06-06 20:08:49'),
(446, 319, 702, 7, '2025-06-06 20:08:49', '2025-06-06 20:08:49'),
(447, 320, 276, 36, '2025-06-06 20:08:49', '2025-06-06 20:08:49'),
(448, 320, 314, 36, '2025-06-06 20:08:49', '2025-06-06 20:08:49'),
(449, 320, 132, 36, '2025-06-06 20:08:49', '2025-06-06 20:08:49'),
(450, 321, 1304, 22, '2025-06-06 20:08:49', '2025-06-06 20:08:49'),
(451, 322, 1464, 14, '2025-06-06 20:08:49', '2025-06-06 20:08:49'),
(452, 324, 2057, 20, '2025-06-06 20:08:49', '2025-06-06 20:08:49'),
(453, 325, 3431, 7, '2025-06-06 20:08:49', '2025-06-06 20:08:49'),
(454, 326, 105, 7, '2025-06-06 20:08:49', '2025-06-06 20:08:49'),
(455, 327, 1345, 14, '2025-06-06 20:08:49', '2025-06-06 20:08:49'),
(456, 328, 2792, 5, '2025-06-06 20:08:49', '2025-06-06 20:08:49'),
(457, 329, 911, 14, '2025-06-06 20:08:49', '2025-06-06 20:08:49'),
(458, 329, 1970, 14, '2025-06-06 20:08:49', '2025-06-06 20:08:49'),
(459, 329, 3401, 14, '2025-06-06 20:08:49', '2025-06-06 20:08:49'),
(460, 330, 2646, 7, '2025-06-06 20:08:49', '2025-06-06 20:08:49'),
(461, 331, 1832, 26, '2025-06-06 20:08:49', '2025-06-06 20:08:49'),
(462, 332, 1693, 14, '2025-06-06 20:08:49', '2025-06-06 20:08:49'),
(463, 332, 2179, 14, '2025-06-06 20:08:49', '2025-06-06 20:08:49'),
(464, 332, 3356, 14, '2025-06-06 20:08:49', '2025-06-06 20:08:49'),
(465, 337, 2960, 14, '2025-06-06 20:08:49', '2025-06-06 20:08:49'),
(466, 338, 1512, 14, '2025-06-06 20:08:49', '2025-06-06 20:08:49'),
(467, 338, 2378, 14, '2025-06-06 20:08:49', '2025-06-06 20:08:49'),
(468, 342, 1441, 25, '2025-06-06 20:08:49', '2025-06-06 20:08:49'),
(469, 343, 7, 14, '2025-06-06 20:08:49', '2025-06-06 20:08:49'),
(470, 345, 3222, 8, '2025-06-06 20:08:49', '2025-06-06 20:08:49'),
(471, 347, 1163, 14, '2025-06-06 20:08:49', '2025-06-06 20:08:49'),
(472, 347, 3040, 14, '2025-06-06 20:08:49', '2025-06-06 20:08:49'),
(473, 347, 3599, 14, '2025-06-06 20:08:49', '2025-06-06 20:08:49'),
(474, 348, 1607, 14, '2025-06-06 20:08:49', '2025-06-06 20:08:49'),
(475, 348, 3103, 14, '2025-06-06 20:08:49', '2025-06-06 20:08:49'),
(476, 349, 223, 22, '2025-06-06 20:08:49', '2025-06-06 20:08:49'),
(477, 352, 271, 22, '2025-06-06 20:08:49', '2025-06-06 20:08:49'),
(478, 352, 295, 22, '2025-06-06 20:08:49', '2025-06-06 20:08:49'),
(479, 352, 306, 22, '2025-06-06 20:08:49', '2025-06-06 20:08:49'),
(480, 354, 259, 31, '2025-06-06 20:08:49', '2025-06-06 20:08:49'),
(481, 354, 181, 31, '2025-06-06 20:08:49', '2025-06-06 20:08:49'),
(482, 354, 1460, 31, '2025-06-06 20:08:49', '2025-06-06 20:08:49'),
(483, 355, 51, 22, '2025-06-06 20:08:49', '2025-06-06 20:08:49'),
(484, 356, 49, 22, '2025-06-06 20:08:49', '2025-06-06 20:08:49'),
(485, 357, 299, 22, '2025-06-06 20:08:49', '2025-06-06 20:08:49'),
(486, 357, 230, 22, '2025-06-06 20:08:49', '2025-06-06 20:08:49'),
(487, 360, 182, 31, '2025-06-06 20:08:49', '2025-06-06 20:08:49'),
(488, 361, 217, 22, '2025-06-06 20:08:49', '2025-06-06 20:08:49'),
(489, 361, 220, 22, '2025-06-06 20:08:49', '2025-06-06 20:08:49'),
(490, 361, 352, 22, '2025-06-06 20:08:49', '2025-06-06 20:08:49'),
(491, 363, 3640, 22, '2025-06-06 20:08:49', '2025-06-06 20:08:49'),
(492, 364, 2339, 22, '2025-06-06 20:08:49', '2025-06-06 20:08:49'),
(493, 364, 3626, 22, '2025-06-06 20:08:49', '2025-06-06 20:08:49'),
(494, 364, 3643, 22, '2025-06-06 20:08:49', '2025-06-06 20:08:49'),
(495, 365, 748, 22, '2025-06-06 20:08:49', '2025-06-06 20:08:49'),
(496, 365, 2643, 22, '2025-06-06 20:08:49', '2025-06-06 20:08:49'),
(497, 366, 235, 22, '2025-06-06 20:08:49', '2025-06-06 20:08:49'),
(498, 366, 343, 22, '2025-06-06 20:08:49', '2025-06-06 20:08:49'),
(499, 366, 2411, 22, '2025-06-06 20:08:49', '2025-06-06 20:08:49');

-- --------------------------------------------------------

--
-- Структура таблицы `car_models`
--

CREATE TABLE `car_models` (
  `id` bigint(20) UNSIGNED NOT NULL,
  `model_name` varchar(255) NOT NULL,
  `deleted_at` timestamp NULL DEFAULT NULL,
  `created_at` timestamp NULL DEFAULT NULL,
  `updated_at` timestamp NULL DEFAULT NULL
) ENGINE=InnoDB DEFAULT CHARSET=utf8mb4 COLLATE=utf8mb4_unicode_ci;

--
-- Дамп данных таблицы `car_models`
--

INSERT INTO `car_models` (`id`, `model_name`, `deleted_at`, `created_at`, `updated_at`) VALUES
(2, '2', NULL, '2025-06-06 20:08:48', '2025-06-06 20:08:48'),
(3, '3', NULL, '2025-06-06 20:08:48', '2025-06-06 20:08:48'),
(5, '5', NULL, '2025-06-06 20:08:48', '2025-06-06 20:08:48'),
(6, '6', NULL, '2025-06-06 20:08:48', '2025-06-06 20:08:48'),
(7, '7', NULL, '2025-06-06 20:08:48', '2025-06-06 20:08:48'),
(9, '9', NULL, '2025-06-06 20:08:48', '2025-06-06 20:08:48'),
(11, '11', NULL, '2025-06-06 20:08:48', '2025-06-06 20:08:48'),
(12, '12', NULL, '2025-06-06 20:08:48', '2025-06-06 20:08:48'),
(13, '14', NULL, '2025-06-06 20:08:48', '2025-06-06 20:08:48'),
(14, '15', NULL, '2025-06-06 20:08:48', '2025-06-06 20:08:48'),
(17, '18', NULL, '2025-06-06 20:08:48', '2025-06-06 20:08:48'),
(21, '24', NULL, '2025-06-06 20:08:48', '2025-06-06 20:08:48'),
(30, '62', NULL, '2025-06-06 20:08:48', '2025-06-06 20:08:48'),
(34, '75', NULL, '2025-06-06 20:08:48', '2025-06-06 20:08:48'),
(35, '77', NULL, '2025-06-06 20:08:48', '2025-06-06 20:08:48'),
(45, '104', NULL, '2025-06-06 20:08:48', '2025-06-06 20:08:48'),
(48, '108', NULL, '2025-06-06 20:08:48', '2025-06-06 20:08:48'),
(49, '110', NULL, '2025-06-06 20:08:48', '2025-06-06 20:08:48'),
(51, '114', NULL, '2025-06-06 20:08:48', '2025-06-06 20:08:48'),
(53, '121', NULL, '2025-06-06 20:08:48', '2025-06-06 20:08:48'),
(56, '126', NULL, '2025-06-06 20:08:48', '2025-06-06 20:08:48'),
(59, '130', NULL, '2025-06-06 20:08:48', '2025-06-06 20:08:48'),
(63, '145', NULL, '2025-06-06 20:08:48', '2025-06-06 20:08:48'),
(73, '200', NULL, '2025-06-06 20:08:48', '2025-06-06 20:08:48'),
(75, '202', NULL, '2025-06-06 20:08:48', '2025-06-06 20:08:48'),
(87, '296', NULL, '2025-06-06 20:08:48', '2025-06-06 20:08:48'),
(104, '350', NULL, '2025-06-06 20:08:48', '2025-06-06 20:08:48'),
(105, '353', NULL, '2025-06-06 20:08:48', '2025-06-06 20:08:48'),
(107, '360', NULL, '2025-06-06 20:08:48', '2025-06-06 20:08:48'),
(110, '400', NULL, '2025-06-06 20:08:48', '2025-06-06 20:08:48'),
(122, '420', NULL, '2025-06-06 20:08:48', '2025-06-06 20:08:48'),
(132, '460', NULL, '2025-06-06 20:08:48', '2025-06-06 20:08:48'),
(136, '500', NULL, '2025-06-06 20:08:48', '2025-06-06 20:08:48'),
(145, '580', NULL, '2025-06-06 20:08:48', '2025-06-06 20:08:48'),
(147, '600', NULL, '2025-06-06 20:08:48', '2025-06-06 20:08:48'),
(160, '800', NULL, '2025-06-06 20:08:48', '2025-06-06 20:08:48'),
(167, '853', NULL, '2025-06-06 20:08:48', '2025-06-06 20:08:48'),
(168, '900', NULL, '2025-06-06 20:08:48', '2025-06-06 20:08:48'),
(170, '912', NULL, '2025-06-06 20:08:48', '2025-06-06 20:08:48'),
(181, '966', NULL, '2025-06-06 20:08:48', '2025-06-06 20:08:48'),
(182, '967', NULL, '2025-06-06 20:08:48', '2025-06-06 20:08:48'),
(189, '1307', NULL, '2025-06-06 20:08:48', '2025-06-06 20:08:48'),
(190, '1310', NULL, '2025-06-06 20:08:48', '2025-06-06 20:08:48'),
(198, '2018', NULL, '2025-06-06 20:08:48', '2025-06-06 20:08:48'),
(199, '2101', NULL, '2025-06-06 20:08:48', '2025-06-06 20:08:48'),
(202, '2104', NULL, '2025-06-06 20:08:48', '2025-06-06 20:08:48'),
(205, '2107', NULL, '2025-06-06 20:08:48', '2025-06-06 20:08:48'),
(217, '2137', NULL, '2025-06-06 20:08:48', '2025-06-06 20:08:48'),
(220, '2141', NULL, '2025-06-06 20:08:48', '2025-06-06 20:08:48'),
(223, '2163', NULL, '2025-06-06 20:08:48', '2025-06-06 20:08:48'),
(230, '2717', NULL, '2025-06-06 20:08:48', '2025-06-06 20:08:48'),
(231, '3000', NULL, '2025-06-06 20:08:48', '2025-06-06 20:08:48'),
(235, '3153', NULL, '2025-06-06 20:08:48', '2025-06-06 20:08:48'),
(248, '#3', NULL, '2025-06-06 20:08:48', '2025-06-06 20:08:48'),
(250, '1 серии', NULL, '2025-06-06 20:08:48', '2025-06-06 20:08:48'),
(256, '105, 120', NULL, '2025-06-06 20:08:48', '2025-06-06 20:08:48'),
(259, '1103 «Славута»', NULL, '2025-06-06 20:08:48', '2025-06-06 20:08:48'),
(265, '124 Spider', NULL, '2025-06-06 20:08:48', '2025-06-06 20:08:48'),
(268, '126p', NULL, '2025-06-06 20:08:48', '2025-06-06 20:08:48'),
(271, '13 «Чайка»', NULL, '2025-06-06 20:08:48', '2025-06-06 20:08:48'),
(276, '140 Series', NULL, '2025-06-06 20:08:48', '2025-06-06 20:08:48'),
(277, '180SX', NULL, '2025-06-06 20:08:48', '2025-06-06 20:08:48'),
(279, '190 SL', NULL, '2025-06-06 20:08:48', '2025-06-06 20:08:48'),
(285, '20/25', NULL, '2025-06-06 20:08:48', '2025-06-06 20:08:48'),
(294, '208/308', NULL, '2025-06-06 20:08:48', '2025-06-06 20:08:48'),
(295, '21 «Волга»', NULL, '2025-06-06 20:08:48', '2025-06-06 20:08:48'),
(299, '2126 «Ода»', NULL, '2025-06-06 20:08:48', '2025-06-06 20:08:48'),
(306, '2330 «Тигр»', NULL, '2025-06-06 20:08:48', '2025-06-06 20:08:48'),
(310, '240Z', NULL, '2025-06-06 20:08:48', '2025-06-06 20:08:48'),
(313, '260 LM', NULL, '2025-06-06 20:08:48', '2025-06-06 20:08:48'),
(314, '260 Series', NULL, '2025-06-06 20:08:48', '2025-06-06 20:08:48'),
(316, '280ZX', NULL, '2025-06-06 20:08:48', '2025-06-06 20:08:48'),
(319, '3 Crossback', NULL, '2025-06-06 20:08:48', '2025-06-06 20:08:48'),
(343, '3162 Simbir', NULL, '2025-06-06 20:08:48', '2025-06-06 20:08:48'),
(344, '3200 GT', NULL, '2025-06-06 20:08:48', '2025-06-06 20:08:48'),
(349, '370Z', NULL, '2025-06-06 20:08:48', '2025-06-06 20:08:48'),
(350, '378 GT Zagato', NULL, '2025-06-06 20:08:48', '2025-06-06 20:08:48'),
(351, '3-Eleven', NULL, '2025-06-06 20:08:48', '2025-06-06 20:08:48'),
(352, '3е', NULL, '2025-06-06 20:08:48', '2025-06-06 20:08:48'),
(354, '4 Seater', NULL, '2025-06-06 20:08:48', '2025-06-06 20:08:48'),
(363, '4Runner', NULL, '2025-06-06 20:08:48', '2025-06-06 20:08:48'),
(364, '5 EV', NULL, '2025-06-06 20:08:48', '2025-06-06 20:08:48'),
(372, '570GT', NULL, '2025-06-06 20:08:48', '2025-06-06 20:08:48'),
(377, '6 Pro', NULL, '2025-06-06 20:08:48', '2025-06-06 20:08:48'),
(383, '650S', NULL, '2025-06-06 20:08:48', '2025-06-06 20:08:48'),
(387, '7 Crossback', NULL, '2025-06-06 20:08:48', '2025-06-06 20:08:48'),
(390, '718 Spyder', NULL, '2025-06-06 20:08:48', '2025-06-06 20:08:48'),
(392, '750S', NULL, '2025-06-06 20:08:48', '2025-06-06 20:08:48'),
(394, '7X', NULL, '2025-06-06 20:08:48', '2025-06-06 20:08:48'),
(400, '911 GT3', NULL, '2025-06-06 20:08:48', '2025-06-06 20:08:48'),
(404, '9-2X', NULL, '2025-06-06 20:08:48', '2025-06-06 20:08:48'),
(407, '09.май', NULL, '2025-06-06 20:08:48', '2025-06-06 20:08:48'),
(411, 'A06', NULL, '2025-06-06 20:08:48', '2025-06-06 20:08:48'),
(412, 'A07', NULL, '2025-06-06 20:08:48', '2025-06-06 20:08:48'),
(418, 'A310', NULL, '2025-06-06 20:08:48', '2025-06-06 20:08:48'),
(419, 'A4', NULL, '2025-06-06 20:08:48', '2025-06-06 20:08:48'),
(422, 'A6', NULL, '2025-06-06 20:08:48', '2025-06-06 20:08:48'),
(428, 'Acadia', NULL, '2025-06-06 20:08:48', '2025-06-06 20:08:48'),
(431, 'Accord', NULL, '2025-06-06 20:08:48', '2025-06-06 20:08:48'),
(433, 'Ace M7', NULL, '2025-06-06 20:08:48', '2025-06-06 20:08:48'),
(434, 'Aceca', NULL, '2025-06-06 20:08:48', '2025-06-06 20:08:48'),
(439, 'Actyon Sports', NULL, '2025-06-06 20:08:48', '2025-06-06 20:08:48'),
(441, 'Adam', NULL, '2025-06-06 20:08:48', '2025-06-06 20:08:48'),
(443, 'Aeolus E70', NULL, '2025-06-06 20:08:48', '2025-06-06 20:08:48'),
(446, 'Aeolus Yixuan', NULL, '2025-06-06 20:08:48', '2025-06-06 20:08:48'),
(449, 'Aerio', NULL, '2025-06-06 20:08:48', '2025-06-06 20:08:48'),
(451, 'Aero Coupe', NULL, '2025-06-06 20:08:48', '2025-06-06 20:08:48'),
(464, 'Alero', NULL, '2025-06-06 20:08:48', '2025-06-06 20:08:48'),
(467, 'Alhambra', NULL, '2025-06-06 20:08:48', '2025-06-06 20:08:48'),
(476, 'Alpha T', NULL, '2025-06-06 20:08:48', '2025-06-06 20:08:48'),
(477, 'Alphard', NULL, '2025-06-06 20:08:48', '2025-06-06 20:08:48'),
(480, 'Alsvin V7', NULL, '2025-06-06 20:08:48', '2025-06-06 20:08:48'),
(488, 'Amarok', NULL, '2025-06-06 20:08:48', '2025-06-06 20:08:48'),
(489, 'Ambassador', NULL, '2025-06-06 20:08:48', '2025-06-06 20:08:48'),
(492, 'Ami', NULL, '2025-06-06 20:08:48', '2025-06-06 20:08:48'),
(494, 'Amigo', NULL, '2025-06-06 20:08:48', '2025-06-06 20:08:48'),
(495, 'Ampera', NULL, '2025-06-06 20:08:48', '2025-06-06 20:08:48'),
(497, 'Anglia', NULL, '2025-06-06 20:08:48', '2025-06-06 20:08:48'),
(500, 'Apache', NULL, '2025-06-06 20:08:48', '2025-06-06 20:08:48'),
(502, 'Appia', NULL, '2025-06-06 20:08:48', '2025-06-06 20:08:48'),
(503, 'Applause', NULL, '2025-06-06 20:08:48', '2025-06-06 20:08:48'),
(504, 'APV', NULL, '2025-06-06 20:08:48', '2025-06-06 20:08:48'),
(507, 'Arcadia', NULL, '2025-06-06 20:08:48', '2025-06-06 20:08:48'),
(511, 'Aries', NULL, '2025-06-06 20:08:48', '2025-06-06 20:08:48'),
(512, 'Aristo', NULL, '2025-06-06 20:08:48', '2025-06-06 20:08:48'),
(520, 'Arosa', NULL, '2025-06-06 20:08:48', '2025-06-06 20:08:48'),
(521, 'Arrizo 3', NULL, '2025-06-06 20:08:48', '2025-06-06 20:08:48'),
(524, 'Arrizo 5 Plus', NULL, '2025-06-06 20:08:48', '2025-06-06 20:08:48'),
(534, 'Ascot', NULL, '2025-06-06 20:08:48', '2025-06-06 20:08:48'),
(537, 'Aslan', NULL, '2025-06-06 20:08:48', '2025-06-06 20:08:48'),
(541, 'Astra', NULL, '2025-06-06 20:08:48', '2025-06-06 20:08:48'),
(544, 'ASX', NULL, '2025-06-06 20:08:48', '2025-06-06 20:08:48'),
(547, 'Atlas', NULL, '2025-06-06 20:08:48', '2025-06-06 20:08:48'),
(549, 'Atlas Pro', NULL, '2025-06-06 20:08:48', '2025-06-06 20:08:48'),
(553, 'ATS', NULL, '2025-06-06 20:08:48', '2025-06-06 20:08:48'),
(557, 'Aura', NULL, '2025-06-06 20:08:48', '2025-06-06 20:08:48'),
(561, 'Aurora', NULL, '2025-06-06 20:08:48', '2025-06-06 20:08:48'),
(571, 'Avante N', NULL, '2025-06-06 20:08:48', '2025-06-06 20:08:48'),
(575, 'Avenger', NULL, '2025-06-06 20:08:48', '2025-06-06 20:08:48'),
(579, 'Aventador', NULL, '2025-06-06 20:08:48', '2025-06-06 20:08:48'),
(586, 'Axiom', NULL, '2025-06-06 20:08:48', '2025-06-06 20:08:48'),
(592, 'Aztek', NULL, '2025-06-06 20:08:48', '2025-06-06 20:08:48'),
(593, 'Azure', NULL, '2025-06-06 20:08:48', '2025-06-06 20:08:48'),
(596, 'A-Класс AMG', NULL, '2025-06-06 20:08:48', '2025-06-06 20:08:48'),
(602, 'B2', NULL, '2025-06-06 20:08:48', '2025-06-06 20:08:48'),
(611, 'Baja', NULL, '2025-06-06 20:08:48', '2025-06-06 20:08:48'),
(613, 'Ballade', NULL, '2025-06-06 20:08:48', '2025-06-06 20:08:48'),
(614, 'Ballet Cat', NULL, '2025-06-06 20:08:48', '2025-06-06 20:08:48'),
(617, 'Barchetta Stradale', NULL, '2025-06-06 20:08:48', '2025-06-06 20:08:48'),
(619, 'Barracuda', NULL, '2025-06-06 20:08:48', '2025-06-06 20:08:48'),
(625, 'BD326J (Moca)', NULL, '2025-06-06 20:08:48', '2025-06-06 20:08:48'),
(630, 'Bee', NULL, '2025-06-06 20:08:48', '2025-06-06 20:08:48'),
(643, 'Bestune B70S', NULL, '2025-06-06 20:08:48', '2025-06-06 20:08:48'),
(646, 'Bestune T55', NULL, '2025-06-06 20:08:48', '2025-06-06 20:08:48'),
(649, 'Bestune T99', NULL, '2025-06-06 20:08:48', '2025-06-06 20:08:48'),
(660, 'Binrui', NULL, '2025-06-06 20:08:48', '2025-06-06 20:08:48'),
(663, 'Binyue Cool', NULL, '2025-06-06 20:08:48', '2025-06-06 20:08:48'),
(667, 'BJ2020', NULL, '2025-06-06 20:08:48', '2025-06-06 20:08:48'),
(678, 'Blackwood', NULL, '2025-06-06 20:08:48', '2025-06-06 20:08:48'),
(683, 'Blenheim Speedster', NULL, '2025-06-06 20:08:48', '2025-06-06 20:08:48'),
(691, 'Bolero', NULL, '2025-06-06 20:08:48', '2025-06-06 20:08:48'),
(692, 'Boliger', NULL, '2025-06-06 20:08:48', '2025-06-06 20:08:48'),
(702, 'Bora', NULL, '2025-06-06 20:08:48', '2025-06-06 20:08:48'),
(703, 'Born', NULL, '2025-06-06 20:08:48', '2025-06-06 20:08:48'),
(704, 'Borrego', NULL, '2025-06-06 20:08:48', '2025-06-06 20:08:48'),
(709, 'Brat', NULL, '2025-06-06 20:08:48', '2025-06-06 20:08:48'),
(713, 'Breez (520)', NULL, '2025-06-06 20:08:48', '2025-06-06 20:08:48'),
(718, 'Bronco', NULL, '2025-06-06 20:08:48', '2025-06-06 20:08:48'),
(727, 'Buddy', NULL, '2025-06-06 20:08:48', '2025-06-06 20:08:48'),
(730, 'BX5', NULL, '2025-06-06 20:08:48', '2025-06-06 20:08:48'),
(733, 'B-Класс', NULL, '2025-06-06 20:08:48', '2025-06-06 20:08:48'),
(738, 'C10', NULL, '2025-06-06 20:08:48', '2025-06-06 20:08:48'),
(748, 'C-30', NULL, '2025-06-06 20:08:48', '2025-06-06 20:08:48'),
(750, 'C32', NULL, '2025-06-06 20:08:48', '2025-06-06 20:08:48'),
(763, 'C61', NULL, '2025-06-06 20:08:48', '2025-06-06 20:08:48'),
(765, 'C8', NULL, '2025-06-06 20:08:48', '2025-06-06 20:08:48'),
(790, 'Caprice', NULL, '2025-06-06 20:08:48', '2025-06-06 20:08:48'),
(794, 'Cara', NULL, '2025-06-06 20:08:48', '2025-06-06 20:08:48'),
(795, 'Caravan', NULL, '2025-06-06 20:08:48', '2025-06-06 20:08:48'),
(797, 'Carens', NULL, '2025-06-06 20:08:48', '2025-06-06 20:08:48'),
(801, 'Carisma', NULL, '2025-06-06 20:08:48', '2025-06-06 20:08:48'),
(809, 'Casper', NULL, '2025-06-06 20:08:48', '2025-06-06 20:08:48'),
(813, 'Cavalier', NULL, '2025-06-06 20:08:48', '2025-06-06 20:08:48'),
(817, 'CC8S', NULL, '2025-06-06 20:08:48', '2025-06-06 20:08:48'),
(824, 'Ceed', NULL, '2025-06-06 20:08:48', '2025-06-06 20:08:48'),
(838, 'Century', NULL, '2025-06-06 20:08:48', '2025-06-06 20:08:48'),
(850, 'Charger Daytona', NULL, '2025-06-06 20:08:48', '2025-06-06 20:08:48'),
(854, 'Cherokee', NULL, '2025-06-06 20:08:48', '2025-06-06 20:08:48'),
(859, 'Chimaera', NULL, '2025-06-06 20:08:48', '2025-06-06 20:08:48'),
(864, 'Chubasco', NULL, '2025-06-06 20:08:48', '2025-06-06 20:08:48'),
(895, 'Clipper', NULL, '2025-06-06 20:08:48', '2025-06-06 20:08:48'),
(903, 'Clubman', NULL, '2025-06-06 20:08:48', '2025-06-06 20:08:48'),
(908, 'C-MAX', NULL, '2025-06-06 20:08:48', '2025-06-06 20:08:48'),
(911, 'Coffee 01', NULL, '2025-06-06 20:08:48', '2025-06-06 20:08:48'),
(912, 'Colony Park', NULL, '2025-06-06 20:08:48', '2025-06-06 20:08:48'),
(915, 'Colt Vista', NULL, '2025-06-06 20:08:48', '2025-06-06 20:08:48'),
(919, 'Commander', NULL, '2025-06-06 20:08:48', '2025-06-06 20:08:48'),
(925, 'Concept_One', NULL, '2025-06-06 20:08:48', '2025-06-06 20:08:48'),
(930, 'Contessa', NULL, '2025-06-06 20:08:48', '2025-06-06 20:08:48'),
(942, 'Corniche', NULL, '2025-06-06 20:08:48', '2025-06-06 20:08:48'),
(955, 'Corsair', NULL, '2025-06-06 20:08:48', '2025-06-06 20:08:48'),
(963, 'Countach LPI 800-4', NULL, '2025-06-06 20:08:48', '2025-06-06 20:08:48'),
(969, 'Cowry (V80)', NULL, '2025-06-06 20:08:48', '2025-06-06 20:08:48'),
(1004, 'CSR', NULL, '2025-06-06 20:08:48', '2025-06-06 20:08:48'),
(1026, 'Cutlass', NULL, '2025-06-06 20:08:48', '2025-06-06 20:08:48'),
(1029, 'Cutlass Supreme', NULL, '2025-06-06 20:08:48', '2025-06-06 20:08:48'),
(1046, 'Cygnet', NULL, '2025-06-06 20:08:48', '2025-06-06 20:08:48'),
(1057, 'D5', NULL, '2025-06-06 20:08:48', '2025-06-06 20:08:48'),
(1058, 'D6', NULL, '2025-06-06 20:08:48', '2025-06-06 20:08:48'),
(1061, 'D7', NULL, '2025-06-06 20:08:48', '2025-06-06 20:08:48'),
(1063, 'D8 Cosworth', NULL, '2025-06-06 20:08:48', '2025-06-06 20:08:48'),
(1066, 'D8 Zetec', NULL, '2025-06-06 20:08:48', '2025-06-06 20:08:48'),
(1068, 'D90', NULL, '2025-06-06 20:08:48', '2025-06-06 20:08:48'),
(1069, 'Dadao', NULL, '2025-06-06 20:08:48', '2025-06-06 20:08:48'),
(1070, 'DaGou (Big Dog)', NULL, '2025-06-06 20:08:48', '2025-06-06 20:08:48'),
(1092, 'Dedra', NULL, '2025-06-06 20:08:48', '2025-06-06 20:08:48'),
(1101, 'Deluxe', NULL, '2025-06-06 20:08:48', '2025-06-06 20:08:48'),
(1104, 'Dena', NULL, '2025-06-06 20:08:48', '2025-06-06 20:08:48'),
(1106, 'Destroyer 05', NULL, '2025-06-06 20:08:48', '2025-06-06 20:08:48'),
(1124, 'Discovery', NULL, '2025-06-06 20:08:48', '2025-06-06 20:08:48'),
(1126, 'Divo', NULL, '2025-06-06 20:08:48', '2025-06-06 20:08:48'),
(1127, 'D-Max', NULL, '2025-06-06 20:08:48', '2025-06-06 20:08:48'),
(1134, 'Dragon', NULL, '2025-06-06 20:08:48', '2025-06-06 20:08:48'),
(1147, 'DX3', NULL, '2025-06-06 20:08:48', '2025-06-06 20:08:48'),
(1150, 'DX8', NULL, '2025-06-06 20:08:48', '2025-06-06 20:08:48'),
(1156, 'E V12', NULL, '2025-06-06 20:08:48', '2025-06-06 20:08:48'),
(1163, 'E200', NULL, '2025-06-06 20:08:48', '2025-06-06 20:08:48'),
(1164, 'E3', NULL, '2025-06-06 20:08:48', '2025-06-06 20:08:48'),
(1170, 'E9', NULL, '2025-06-06 20:08:48', '2025-06-06 20:08:48'),
(1176, 'EB Veyron 16.4', NULL, '2025-06-06 20:08:48', '2025-06-06 20:08:48'),
(1180, 'EC7', NULL, '2025-06-06 20:08:48', '2025-06-06 20:08:48'),
(1198, 'E-HS9', NULL, '2025-06-06 20:08:48', '2025-06-06 20:08:48'),
(1211, 'Elan', NULL, '2025-06-06 20:08:48', '2025-06-06 20:08:48'),
(1223, 'Elite', NULL, '2025-06-06 20:08:48', '2025-06-06 20:08:48'),
(1252, 'Enyaq', NULL, '2025-06-06 20:08:48', '2025-06-06 20:08:48'),
(1255, 'Enyaq RS', NULL, '2025-06-06 20:08:48', '2025-06-06 20:08:48'),
(1281, 'ES', NULL, '2025-06-06 20:08:48', '2025-06-06 20:08:48'),
(1284, 'ES8', NULL, '2025-06-06 20:08:48', '2025-06-06 20:08:48'),
(1285, 'ES9', NULL, '2025-06-06 20:08:48', '2025-06-06 20:08:48'),
(1294, 'Espada', NULL, '2025-06-06 20:08:48', '2025-06-06 20:08:48'),
(1296, 'Espero', NULL, '2025-06-06 20:08:48', '2025-06-06 20:08:48'),
(1300, 'Estate', NULL, '2025-06-06 20:08:48', '2025-06-06 20:08:48'),
(1302, 'Esteem', NULL, '2025-06-06 20:08:48', '2025-06-06 20:08:48'),
(1304, 'Estina', NULL, '2025-06-06 20:08:48', '2025-06-06 20:08:48'),
(1315, 'E-type', NULL, '2025-06-06 20:08:48', '2025-06-06 20:08:48'),
(1345, 'EX5', NULL, '2025-06-06 20:08:48', '2025-06-06 20:08:48'),
(1353, 'Exeo', NULL, '2025-06-06 20:08:48', '2025-06-06 20:08:48'),
(1356, 'Exora', NULL, '2025-06-06 20:08:48', '2025-06-06 20:08:48'),
(1380, 'F7', NULL, '2025-06-06 20:08:48', '2025-06-06 20:08:48'),
(1412, 'Fiero', NULL, '2025-06-06 20:08:48', '2025-06-06 20:08:48'),
(1424, 'Firenza', NULL, '2025-06-06 20:08:48', '2025-06-06 20:08:48'),
(1435, 'Flavia', NULL, '2025-06-06 20:08:48', '2025-06-06 20:08:48'),
(1441, 'Florida', NULL, '2025-06-06 20:08:48', '2025-06-06 20:08:48'),
(1459, 'Forward', NULL, '2025-06-06 20:08:48', '2025-06-06 20:08:48'),
(1460, 'Forza', NULL, '2025-06-06 20:08:48', '2025-06-06 20:08:48'),
(1464, 'Free', NULL, '2025-06-06 20:08:48', '2025-06-06 20:08:48'),
(1477, 'Frontera', NULL, '2025-06-06 20:08:48', '2025-06-06 20:08:48'),
(1497, 'FX', NULL, '2025-06-06 20:08:48', '2025-06-06 20:08:48'),
(1503, 'G01F', NULL, '2025-06-06 20:08:48', '2025-06-06 20:08:48'),
(1506, 'G20', NULL, '2025-06-06 20:08:48', '2025-06-06 20:08:48'),
(1509, 'G4', NULL, '2025-06-06 20:08:48', '2025-06-06 20:08:48'),
(1512, 'G6', NULL, '2025-06-06 20:08:48', '2025-06-06 20:08:48'),
(1515, 'G80', NULL, '2025-06-06 20:08:48', '2025-06-06 20:08:48'),
(1517, 'G90', NULL, '2025-06-06 20:08:48', '2025-06-06 20:08:48'),
(1520, 'GA8', NULL, '2025-06-06 20:08:48', '2025-06-06 20:08:48'),
(1552, 'Ghost', NULL, '2025-06-06 20:08:48', '2025-06-06 20:08:48'),
(1600, 'Grand Cherokee', NULL, '2025-06-06 20:08:48', '2025-06-06 20:08:48'),
(1604, 'Grand Marquis', NULL, '2025-06-06 20:08:48', '2025-06-06 20:08:48'),
(1607, 'Grand Tiger', NULL, '2025-06-06 20:08:48', '2025-06-06 20:08:48'),
(1626, 'GS5', NULL, '2025-06-06 20:08:48', '2025-06-06 20:08:48'),
(1628, 'GSE/Yi', NULL, '2025-06-06 20:08:48', '2025-06-06 20:08:48'),
(1638, 'GTE', NULL, '2025-06-06 20:08:48', '2025-06-06 20:08:48'),
(1640, 'GTR', NULL, '2025-06-06 20:08:48', '2025-06-06 20:08:48'),
(1646, 'GV70', NULL, '2025-06-06 20:08:48', '2025-06-06 20:08:48'),
(1649, 'GX', NULL, '2025-06-06 20:08:48', '2025-06-06 20:08:48'),
(1656, 'H2', NULL, '2025-06-06 20:08:48', '2025-06-06 20:08:48'),
(1659, 'H2s', NULL, '2025-06-06 20:08:48', '2025-06-06 20:08:48'),
(1663, 'H5', NULL, '2025-06-06 20:08:48', '2025-06-06 20:08:48'),
(1670, 'H9', NULL, '2025-06-06 20:08:48', '2025-06-06 20:08:48'),
(1672, 'Haise S', NULL, '2025-06-06 20:08:48', '2025-06-06 20:08:48'),
(1678, 'Hatch', NULL, '2025-06-06 20:08:48', '2025-06-06 20:08:48'),
(1681, 'Hemera', NULL, '2025-06-06 20:08:48', '2025-06-06 20:08:48'),
(1689, 'Himiko', NULL, '2025-06-06 20:08:48', '2025-06-06 20:08:48'),
(1693, 'Hongguang S', NULL, '2025-06-06 20:08:48', '2025-06-06 20:08:48'),
(1695, 'Horizon', NULL, '2025-06-06 20:08:48', '2025-06-06 20:08:48'),
(1697, 'Hover', NULL, '2025-06-06 20:08:48', '2025-06-06 20:08:48'),
(1700, 'Hover H6', NULL, '2025-06-06 20:08:48', '2025-06-06 20:08:48'),
(1707, 'HS', NULL, '2025-06-06 20:08:48', '2025-06-06 20:08:48'),
(1711, 'HT-i', NULL, '2025-06-06 20:08:48', '2025-06-06 20:08:48'),
(1713, 'Hummer EV', NULL, '2025-06-06 20:08:48', '2025-06-06 20:08:48'),
(1720, 'Hyper HT', NULL, '2025-06-06 20:08:48', '2025-06-06 20:08:48'),
(1732, 'i5', NULL, '2025-06-06 20:08:48', '2025-06-06 20:08:48'),
(1737, 'iA', NULL, '2025-06-06 20:08:48', '2025-06-06 20:08:48'),
(1750, 'iEV7L', NULL, '2025-06-06 20:08:48', '2025-06-06 20:08:48'),
(1753, 'iEVS4', NULL, '2025-06-06 20:08:48', '2025-06-06 20:08:48'),
(1756, 'i-JOY', NULL, '2025-06-06 20:08:48', '2025-06-06 20:08:48'),
(1761, 'iMAX8', NULL, '2025-06-06 20:08:48', '2025-06-06 20:08:48'),
(1764, 'Imperator 108i', NULL, '2025-06-06 20:08:48', '2025-06-06 20:08:48'),
(1792, 'I-Pace', NULL, '2025-06-06 20:08:48', '2025-06-06 20:08:48'),
(1796, 'Iriz', NULL, '2025-06-06 20:08:48', '2025-06-06 20:08:48'),
(1798, 'IS F', NULL, '2025-06-06 20:08:48', '2025-06-06 20:08:48'),
(1802, 'i-SPACE', NULL, '2025-06-06 20:08:48', '2025-06-06 20:08:48'),
(1816, 'J', NULL, '2025-06-06 20:08:48', '2025-06-06 20:08:48'),
(1819, 'J4 (Heyue A30)', NULL, '2025-06-06 20:08:48', '2025-06-06 20:08:48'),
(1824, 'J8', NULL, '2025-06-06 20:08:48', '2025-06-06 20:08:48'),
(1832, 'Jeepster', NULL, '2025-06-06 20:08:48', '2025-06-06 20:08:48'),
(1833, 'Jesko', NULL, '2025-06-06 20:08:48', '2025-06-06 20:08:48'),
(1856, 'K150GT', NULL, '2025-06-06 20:08:48', '2025-06-06 20:08:48'),
(1871, 'Kallista', NULL, '2025-06-06 20:08:48', '2025-06-06 20:08:48'),
(1874, 'Kancil', NULL, '2025-06-06 20:08:48', '2025-06-06 20:08:48'),
(1892, 'Kenari', NULL, '2025-06-06 20:08:48', '2025-06-06 20:08:48'),
(1896, 'Kiwi EV', NULL, '2025-06-06 20:08:48', '2025-06-06 20:08:48'),
(1908, 'Kondor', NULL, '2025-06-06 20:08:48', '2025-06-06 20:08:48'),
(1911, 'Korando Sports', NULL, '2025-06-06 20:08:48', '2025-06-06 20:08:48'),
(1931, 'L7', NULL, '2025-06-06 20:08:48', '2025-06-06 20:08:48'),
(1934, 'La Joya', NULL, '2025-06-06 20:08:48', '2025-06-06 20:08:48'),
(1954, 'Landscape', NULL, '2025-06-06 20:08:48', '2025-06-06 20:08:48'),
(1958, 'Lanos', NULL, '2025-06-06 20:08:48', '2025-06-06 20:08:48'),
(1970, 'Latte', NULL, '2025-06-06 20:08:48', '2025-06-06 20:08:48'),
(2006, 'Liebao Leopard', NULL, '2025-06-06 20:08:48', '2025-06-06 20:08:48'),
(2009, 'Lightning Cat', NULL, '2025-06-06 20:08:48', '2025-06-06 20:08:48'),
(2015, 'Lingzhi M5', NULL, '2025-06-06 20:08:48', '2025-06-06 20:08:48'),
(2021, 'LM 400', NULL, '2025-06-06 20:08:48', '2025-06-06 20:08:48'),
(2032, 'LS6', NULL, '2025-06-06 20:08:48', '2025-06-06 20:08:48'),
(2049, 'LUX SA2.0', NULL, '2025-06-06 20:08:48', '2025-06-06 20:08:48'),
(2051, 'Luxgen7 MPV', NULL, '2025-06-06 20:08:48', '2025-06-06 20:08:48'),
(2053, 'LW', NULL, '2025-06-06 20:08:48', '2025-06-06 20:08:48'),
(2054, 'LX', NULL, '2025-06-06 20:08:48', '2025-06-06 20:08:48'),
(2057, 'Lykan Hypersport', NULL, '2025-06-06 20:08:48', '2025-06-06 20:08:48'),
(2061, 'M.Go', NULL, '2025-06-06 20:08:48', '2025-06-06 20:08:48'),
(2068, 'M15', NULL, '2025-06-06 20:08:48', '2025-06-06 20:08:48'),
(2073, 'M3 (BC3)', NULL, '2025-06-06 20:08:48', '2025-06-06 20:08:48'),
(2079, 'M7', NULL, '2025-06-06 20:08:48', '2025-06-06 20:08:48'),
(2080, 'M8', NULL, '2025-06-06 20:08:48', '2025-06-06 20:08:48'),
(2098, 'Marcasite', NULL, '2025-06-06 20:08:48', '2025-06-06 20:08:48'),
(2103, 'Marina', NULL, '2025-06-06 20:08:48', '2025-06-06 20:08:48'),
(2108, 'Mark IV', NULL, '2025-06-06 20:08:48', '2025-06-06 20:08:48'),
(2116, 'Marquis', NULL, '2025-06-06 20:08:48', '2025-06-06 20:08:48'),
(2118, 'Mars 9', NULL, '2025-06-06 20:08:48', '2025-06-06 20:08:48'),
(2120, 'Marvel R', NULL, '2025-06-06 20:08:48', '2025-06-06 20:08:48'),
(2127, 'Matiz', NULL, '2025-06-06 20:08:48', '2025-06-06 20:08:48'),
(2142, 'MC-1', NULL, '2025-06-06 20:08:48', '2025-06-06 20:08:48'),
(2147, 'ME7', NULL, '2025-06-06 20:08:48', '2025-06-06 20:08:48'),
(2149, 'Mega', NULL, '2025-06-06 20:08:48', '2025-06-06 20:08:48'),
(2164, 'Metrocab II (TTT)', NULL, '2025-06-06 20:08:48', '2025-06-06 20:08:48'),
(2176, 'Mille', NULL, '2025-06-06 20:08:48', '2025-06-06 20:08:48'),
(2179, 'Mini EV', NULL, '2025-06-06 20:08:48', '2025-06-06 20:08:48'),
(2182, 'Minyi', NULL, '2025-06-06 20:08:48', '2025-06-06 20:08:48'),
(2202, 'ML 63 Biturbo', NULL, '2025-06-06 20:08:48', '2025-06-06 20:08:48'),
(2209, 'Model 3', NULL, '2025-06-06 20:08:48', '2025-06-06 20:08:48'),
(2217, 'Model Y', NULL, '2025-06-06 20:08:48', '2025-06-06 20:08:48'),
(2228, 'Monte Carlo', NULL, '2025-06-06 20:08:48', '2025-06-06 20:08:48'),
(2256, 'Murat 124', NULL, '2025-06-06 20:08:48', '2025-06-06 20:08:48'),
(2260, 'Murman (820)', NULL, '2025-06-06 20:08:48', '2025-06-06 20:08:48'),
(2278, 'N7', NULL, '2025-06-06 20:08:48', '2025-06-06 20:08:48'),
(2282, 'Nano', NULL, '2025-06-06 20:08:48', '2025-06-06 20:08:48'),
(2292, 'NC 640 DP', NULL, '2025-06-06 20:08:48', '2025-06-06 20:08:48'),
(2296, 'Neta S', NULL, '2025-06-06 20:08:48', '2025-06-06 20:08:48'),
(2299, 'Neta V', NULL, '2025-06-06 20:08:48', '2025-06-06 20:08:48'),
(2315, 'Nomad', NULL, '2025-06-06 20:08:48', '2025-06-06 20:08:48'),
(2334, 'Ocean', NULL, '2025-06-06 20:08:48', '2025-06-06 20:08:48'),
(2339, 'Offroad', NULL, '2025-06-06 20:08:48', '2025-06-06 20:08:48'),
(2378, 'P7', NULL, '2025-06-06 20:08:48', '2025-06-06 20:08:48'),
(2382, 'Padmini', NULL, '2025-06-06 20:08:48', '2025-06-06 20:08:48'),
(2395, 'Pantera', NULL, '2025-06-06 20:08:48', '2025-06-06 20:08:48'),
(2411, 'Patriot', NULL, '2025-06-06 20:08:48', '2025-06-06 20:08:48'),
(2418, 'Persona', NULL, '2025-06-06 20:08:48', '2025-06-06 20:08:48'),
(2433, 'Pinzgauer', NULL, '2025-06-06 20:08:48', '2025-06-06 20:08:48'),
(2444, 'Plus 4', NULL, '2025-06-06 20:08:48', '2025-06-06 20:08:48'),
(2446, 'Plutus', NULL, '2025-06-06 20:08:48', '2025-06-06 20:08:48'),
(2478, 'Princess', NULL, '2025-06-06 20:08:48', '2025-06-06 20:08:48'),
(2486, 'Prizm', NULL, '2025-06-06 20:08:48', '2025-06-06 20:08:48'),
(2495, 'ProMaster City', NULL, '2025-06-06 20:08:48', '2025-06-06 20:08:48'),
(2512, 'Q', NULL, '2025-06-06 20:08:48', '2025-06-06 20:08:48'),
(2537, 'QM5', NULL, '2025-06-06 20:08:48', '2025-06-06 20:08:48'),
(2560, 'R Type', NULL, '2025-06-06 20:08:48', '2025-06-06 20:08:48'),
(2563, 'R1T', NULL, '2025-06-06 20:08:48', '2025-06-06 20:08:48'),
(2566, 'R4', NULL, '2025-06-06 20:08:48', '2025-06-06 20:08:48'),
(2585, 'Rambler Classic', NULL, '2025-06-06 20:08:48', '2025-06-06 20:08:48'),
(2590, 'Range Rover', NULL, '2025-06-06 20:08:48', '2025-06-06 20:08:48'),
(2593, 'Range Rover Velar', NULL, '2025-06-06 20:08:48', '2025-06-06 20:08:48'),
(2612, 'Regency', NULL, '2025-06-06 20:08:48', '2025-06-06 20:08:48'),
(2625, 'Revero GT', NULL, '2025-06-06 20:08:48', '2025-06-06 20:08:48'),
(2630, 'Rexton', NULL, '2025-06-06 20:08:48', '2025-06-06 20:08:48'),
(2643, 'Road Partner', NULL, '2025-06-06 20:08:48', '2025-06-06 20:08:48'),
(2646, 'Roadster', NULL, '2025-06-06 20:08:48', '2025-06-06 20:08:48'),
(2649, 'Rocsta', NULL, '2025-06-06 20:08:48', '2025-06-06 20:08:48'),
(2709, 'S5', NULL, '2025-06-06 20:08:48', '2025-06-06 20:08:48'),
(2720, 'S7', NULL, '2025-06-06 20:08:48', '2025-06-06 20:08:48'),
(2734, 'Sahra', NULL, '2025-06-06 20:08:48', '2025-06-06 20:08:48'),
(2739, 'Saina', NULL, '2025-06-06 20:08:48', '2025-06-06 20:08:48'),
(2742, 'Samba', NULL, '2025-06-06 20:08:48', '2025-06-06 20:08:48'),
(2758, 'Savana', NULL, '2025-06-06 20:08:48', '2025-06-06 20:08:48'),
(2762, 'SC', NULL, '2025-06-06 20:08:48', '2025-06-06 20:08:48'),
(2764, 'SC6390', NULL, '2025-06-06 20:08:48', '2025-06-06 20:08:48'),
(2768, 'Sceo', NULL, '2025-06-06 20:08:48', '2025-06-06 20:08:48'),
(2792, 'SEiGHT', NULL, '2025-06-06 20:08:48', '2025-06-06 20:08:48'),
(2794, 'Senat', NULL, '2025-06-06 20:08:48', '2025-06-06 20:08:48'),
(2803, 'Serce', NULL, '2025-06-06 20:08:48', '2025-06-06 20:08:48'),
(2814, 'Series V', NULL, '2025-06-06 20:08:48', '2025-06-06 20:08:48'),
(2823, 'Shanhai L9', NULL, '2025-06-06 20:08:48', '2025-06-06 20:08:48'),
(2831, 'Shineray X30', NULL, '2025-06-06 20:08:48', '2025-06-06 20:08:48'),
(2834, 'Shuttle', NULL, '2025-06-06 20:08:48', '2025-06-06 20:08:48'),
(2841, 'Sigma', NULL, '2025-06-06 20:08:48', '2025-06-06 20:08:48'),
(2858, 'Six', NULL, '2025-06-06 20:08:48', '2025-06-06 20:08:48'),
(2879, 'SM5', NULL, '2025-06-06 20:08:48', '2025-06-06 20:08:48'),
(2888, 'Solano', NULL, '2025-06-06 20:08:48', '2025-06-06 20:08:48'),
(2907, 'Soren', NULL, '2025-06-06 20:08:48', '2025-06-06 20:08:48'),
(2935, 'Spitfire', NULL, '2025-06-06 20:08:48', '2025-06-06 20:08:48'),
(2941, 'Sportster', NULL, '2025-06-06 20:08:48', '2025-06-06 20:08:48'),
(2960, 'SR-V X3', NULL, '2025-06-06 20:08:48', '2025-06-06 20:08:48'),
(3000, 'S-Type', NULL, '2025-06-06 20:08:48', '2025-06-06 20:08:48'),
(3004, 'Summit', NULL, '2025-06-06 20:08:48', '2025-06-06 20:08:48'),
(3005, 'Sumo', NULL, '2025-06-06 20:08:48', '2025-06-06 20:08:48'),
(3015, 'Super Six', NULL, '2025-06-06 20:08:48', '2025-06-06 20:08:48'),
(3017, 'SuperNova', NULL, '2025-06-06 20:08:48', '2025-06-06 20:08:48'),
(3022, 'S-V8', NULL, '2025-06-06 20:08:48', '2025-06-06 20:08:48'),
(3037, 'T03', NULL, '2025-06-06 20:08:48', '2025-06-06 20:08:48'),
(3040, 'T300', NULL, '2025-06-06 20:08:48', '2025-06-06 20:08:48'),
(3042, 'T5 EVO', NULL, '2025-06-06 20:08:48', '2025-06-06 20:08:48'),
(3045, 'T600', NULL, '2025-06-06 20:08:48', '2025-06-06 20:08:48'),
(3049, 'T700', NULL, '2025-06-06 20:08:48', '2025-06-06 20:08:48'),
(3071, 'Tank', NULL, '2025-06-06 20:08:48', '2025-06-06 20:08:48'),
(3086, 'tC', NULL, '2025-06-06 20:08:48', '2025-06-06 20:08:48'),
(3103, 'Terralord', NULL, '2025-06-06 20:08:48', '2025-06-06 20:08:48'),
(3157, 'TLX', NULL, '2025-06-06 20:08:48', '2025-06-06 20:08:48'),
(3169, 'Torres', NULL, '2025-06-06 20:08:48', '2025-06-06 20:08:48'),
(3184, 'TR4', NULL, '2025-06-06 20:08:48', '2025-06-06 20:08:48'),
(3187, 'TR8', NULL, '2025-06-06 20:08:48', '2025-06-06 20:08:48'),
(3190, 'Tracker', NULL, '2025-06-06 20:08:48', '2025-06-06 20:08:48'),
(3219, 'Trumpf Junior', NULL, '2025-06-06 20:08:48', '2025-06-06 20:08:48'),
(3220, 'TS', NULL, '2025-06-06 20:08:48', '2025-06-06 20:08:48'),
(3222, 'TSR-S', NULL, '2025-06-06 20:08:48', '2025-06-06 20:08:48'),
(3230, 'Tunland', NULL, '2025-06-06 20:08:48', '2025-06-06 20:08:48'),
(3233, 'Turbo R', NULL, '2025-06-06 20:08:48', '2025-06-06 20:08:48'),
(3243, 'TXL', NULL, '2025-06-06 20:08:48', '2025-06-06 20:08:48'),
(3244, 'Typ 13', NULL, '2025-06-06 20:08:48', '2025-06-06 20:08:48'),
(3250, 'Type 3', NULL, '2025-06-06 20:08:48', '2025-06-06 20:08:48'),
(3258, 'U6', NULL, '2025-06-06 20:08:48', '2025-06-06 20:08:48'),
(3261, 'U7 Turbo', NULL, '2025-06-06 20:08:48', '2025-06-06 20:08:48'),
(3263, 'U70 Pro', NULL, '2025-06-06 20:08:48', '2025-06-06 20:08:48'),
(3268, 'UNI-T', NULL, '2025-06-06 20:08:48', '2025-06-06 20:08:48'),
(3280, 'Utopia', NULL, '2025-06-06 20:08:48', '2025-06-06 20:08:48'),
(3327, 'Venom GT', NULL, '2025-06-06 20:08:48', '2025-06-06 20:08:48'),
(3340, 'Versa', NULL, '2025-06-06 20:08:48', '2025-06-06 20:08:48'),
(3350, 'VF8', NULL, '2025-06-06 20:08:48', '2025-06-06 20:08:48'),
(3356, 'Victory', NULL, '2025-06-06 20:08:48', '2025-06-06 20:08:48'),
(3368, 'Virage', NULL, '2025-06-06 20:08:48', '2025-06-06 20:08:48'),
(3369, 'Virgo', NULL, '2025-06-06 20:08:48', '2025-06-06 20:08:48'),
(3371, 'Vision', NULL, '2025-06-06 20:08:48', '2025-06-06 20:08:48'),
(3376, 'Vista', NULL, '2025-06-06 20:08:48', '2025-06-06 20:08:48'),
(3383, 'Viva', NULL, '2025-06-06 20:08:48', '2025-06-06 20:08:48'),
(3393, 'V-Online', NULL, '2025-06-06 20:08:48', '2025-06-06 20:08:48'),
(3396, 'VS5', NULL, '2025-06-06 20:08:48', '2025-06-06 20:08:48'),
(3401, 'VV6', NULL, '2025-06-06 20:08:48', '2025-06-06 20:08:48'),
(3431, 'W23', NULL, '2025-06-06 20:08:48', '2025-06-06 20:08:48'),
(3435, 'W8 Twin Turbo', NULL, '2025-06-06 20:08:48', '2025-06-06 20:08:48'),
(3471, 'X3', NULL, '2025-06-06 20:08:48', '2025-06-06 20:08:48'),
(3474, 'X300', NULL, '2025-06-06 20:08:48', '2025-06-06 20:08:48'),
(3482, 'X5 Plus', NULL, '2025-06-06 20:08:48', '2025-06-06 20:08:48'),
(3487, 'X6 Pro', NULL, '2025-06-06 20:08:48', '2025-06-06 20:08:48'),
(3489, 'X7', NULL, '2025-06-06 20:08:48', '2025-06-06 20:08:48'),
(3492, 'X70', NULL, '2025-06-06 20:08:48', '2025-06-06 20:08:48'),
(3497, 'X90', NULL, '2025-06-06 20:08:48', '2025-06-06 20:08:48'),
(3515, 'xD', NULL, '2025-06-06 20:08:48', '2025-06-06 20:08:48'),
(3535, 'XJ40', NULL, '2025-06-06 20:08:48', '2025-06-06 20:08:48'),
(3544, 'XM', NULL, '2025-06-06 20:08:48', '2025-06-06 20:08:48'),
(3545, 'XM3', NULL, '2025-06-06 20:08:48', '2025-06-06 20:08:48'),
(3546, 'X-NV', NULL, '2025-06-06 20:08:48', '2025-06-06 20:08:48'),
(3566, 'Y', NULL, '2025-06-06 20:08:48', '2025-06-06 20:08:48'),
(3567, 'Y Plus', NULL, '2025-06-06 20:08:48', '2025-06-06 20:08:48'),
(3569, 'Yacht', NULL, '2025-06-06 20:08:48', '2025-06-06 20:08:48'),
(3579, 'Yida', NULL, '2025-06-06 20:08:48', '2025-06-06 20:08:48'),
(3583, 'Yuan', NULL, '2025-06-06 20:08:48', '2025-06-06 20:08:48'),
(3590, 'Yuhu 7', NULL, '2025-06-06 20:08:48', '2025-06-06 20:08:48'),
(3599, 'Z300', NULL, '2025-06-06 20:08:48', '2025-06-06 20:08:48'),
(3600, 'Z4', NULL, '2025-06-06 20:08:48', '2025-06-06 20:08:48'),
(3602, 'Z6', NULL, '2025-06-06 20:08:48', '2025-06-06 20:08:48'),
(3622, 'ZX', NULL, '2025-06-06 20:08:48', '2025-06-06 20:08:48'),
(3626, 'Багги Type 1', NULL, '2025-06-06 20:08:48', '2025-06-06 20:08:48'),
(3640, 'С-3А', NULL, '2025-06-06 20:08:48', '2025-06-06 20:08:48'),
(3643, 'Самоделки', NULL, '2025-06-06 20:08:48', '2025-06-06 20:08:48');

-- --------------------------------------------------------

--
-- Структура таблицы `car_photos`
--

CREATE TABLE `car_photos` (
  `id` bigint(20) UNSIGNED NOT NULL,
  `car_id` bigint(20) UNSIGNED DEFAULT NULL,
  `url` varchar(255) NOT NULL,
  `created_at` timestamp NULL DEFAULT NULL,
  `updated_at` timestamp NULL DEFAULT NULL
) ENGINE=InnoDB DEFAULT CHARSET=utf8mb4 COLLATE=utf8mb4_unicode_ci;

-- --------------------------------------------------------

--
-- Структура таблицы `car_types`
--

CREATE TABLE `car_types` (
  `id` bigint(20) UNSIGNED NOT NULL,
  `type_name` varchar(255) NOT NULL,
  `deleted_at` timestamp NULL DEFAULT NULL,
  `created_at` timestamp NULL DEFAULT NULL,
  `updated_at` timestamp NULL DEFAULT NULL
) ENGINE=InnoDB DEFAULT CHARSET=utf8mb4 COLLATE=utf8mb4_unicode_ci;

--
-- Дамп данных таблицы `car_types`
--

INSERT INTO `car_types` (`id`, `type_name`, `deleted_at`, `created_at`, `updated_at`) VALUES
(1, 'седан', NULL, '2025-06-06 20:08:48', '2025-06-06 20:08:48'),
(2, 'купе', NULL, '2025-06-06 20:08:48', '2025-06-06 20:08:48'),
(3, 'хэтчбек', NULL, '2025-06-06 20:08:48', '2025-06-06 20:08:48'),
(4, 'лифтбек', NULL, '2025-06-06 20:08:48', '2025-06-06 20:08:48'),
(5, 'фастбэк', NULL, '2025-06-06 20:08:48', '2025-06-06 20:08:48'),
(6, 'универсал', NULL, '2025-06-06 20:08:48', '2025-06-06 20:08:48'),
(7, 'кроссовер', NULL, '2025-06-06 20:08:48', '2025-06-06 20:08:48'),
(8, 'внедорожник', NULL, '2025-06-06 20:08:48', '2025-06-06 20:08:48'),
(9, 'пикап', NULL, '2025-06-06 20:08:48', '2025-06-06 20:08:48'),
(10, 'легковой фургон', NULL, '2025-06-06 20:08:48', '2025-06-06 20:08:48'),
(11, 'минивэн', NULL, '2025-06-06 20:08:48', '2025-06-06 20:08:48'),
(12, 'компактвэн', NULL, '2025-06-06 20:08:48', '2025-06-06 20:08:48'),
(13, 'микровэн', NULL, '2025-06-06 20:08:48', '2025-06-06 20:08:48'),
(14, 'кабриолет', NULL, '2025-06-06 20:08:48', '2025-06-06 20:08:48'),
(15, 'родстер', NULL, '2025-06-06 20:08:48', '2025-06-06 20:08:48'),
(16, 'ландо', NULL, '2025-06-06 20:08:48', '2025-06-06 20:08:48'),
(17, 'лимузин', NULL, '2025-06-06 20:08:48', '2025-06-06 20:08:48');

-- --------------------------------------------------------

--
-- Структура таблицы `clients`
--

CREATE TABLE `clients` (
  `id` bigint(20) UNSIGNED NOT NULL,
  `client_name` varchar(255) NOT NULL,
  `client_mail` varchar(255) NOT NULL,
  `client_phone` varchar(255) NOT NULL,
  `client_address` varchar(255) DEFAULT NULL,
  `client_add_data` text DEFAULT NULL,
  `client_status` tinyint(1) NOT NULL DEFAULT 0,
  `deleted_at` timestamp NULL DEFAULT NULL,
  `created_at` timestamp NULL DEFAULT NULL,
  `updated_at` timestamp NULL DEFAULT NULL
) ENGINE=InnoDB DEFAULT CHARSET=utf8mb4 COLLATE=utf8mb4_unicode_ci;

--
-- Дамп данных таблицы `clients`
--

INSERT INTO `clients` (`id`, `client_name`, `client_mail`, `client_phone`, `client_address`, `client_add_data`, `client_status`, `deleted_at`, `created_at`, `updated_at`) VALUES
(1, 'Матвей Вишняков', 'nkorolev@example.net', '+79001092292', '093352, Тульская область, город Щёлково, пр. Гоголя, 68', 'Должно думать, что жена скоро отправилась на тот.', 1, NULL, '2025-06-06 20:08:52', '2025-06-06 20:08:52'),
(2, 'Ярослава Зайцева', 'cvoronova@example.net', '+79764396079', '294289, Воронежская область, город Видное, наб. Бухарестская, 59', 'Потому Ноздрев велел принести бутылку мадеры.', 1, NULL, '2025-06-06 20:08:52', '2025-06-06 20:08:52'),
(3, 'Зинаида Тарасов', 'bnikiforova@example.org', '+79011002192', '638010, Вологодская область, город Павловский Посад, ул. Чехова, 70', 'Ведь он не только гнедой и Заседатель, но и тут.', 0, NULL, '2025-06-06 20:08:52', '2025-06-06 20:08:52'),
(4, 'Лидия Сафонова', 'bilin@example.com', '+79220465257', '487652, Новгородская область, город Сергиев Посад, пер. Ленина, 54', 'Потом надел перед зеркалом манишку, выщипнул.', 0, NULL, '2025-06-06 20:08:53', '2025-06-06 20:08:53'),
(5, 'Олеся Карпова', 'fedotov.vil@example.net', '+79804572940', '669769, Новосибирская область, город Наро-Фоминск, въезд Чехова, 50', 'Впрочем, и то же время ехавшей за ними коляске.', 0, NULL, '2025-06-06 20:08:53', '2025-06-06 20:08:53'),
(6, 'Кристина Агафонова', 'boris36@example.com', '+79406123444', '093436, Мурманская область, город Зарайск, пр. 1905 года, 52', 'Выглянувши, оба лица в ту же минуту он предлагал.', 0, NULL, '2025-06-06 20:08:53', '2025-06-06 20:08:53'),
(7, 'Адриан Щербакова', 'sbobrov@example.net', '+79937230153', '551718, Кемеровская область, город Волоколамск, пл. Бухарестская, 21', 'Да какая просьба? — Ну, да уж зато всё съест.', 0, NULL, '2025-06-06 20:08:53', '2025-06-06 20:08:53'),
(8, 'Игорь Орлов', 'bogdan91@example.com', '+79182220512', '233239, Кировская область, город Кашира, пр. Будапештсткая, 42', 'Эх, братец, как — будто секрет: — Хотите угол?.', 0, NULL, '2025-06-06 20:08:53', '2025-06-06 20:08:53'),
(9, 'Изольда Доронин', 'noskova.stefan@example.com', '+79837530642', '288991, Пензенская область, город Клин, бульвар Ломоносова, 54', 'Надворные советники, может быть, и не успеешь.', 0, NULL, '2025-06-06 20:08:53', '2025-06-06 20:08:53'),
(10, 'Константин Аксёнова', 'kapitolina.filippov@example.com', '+79824420229', '253030, Мурманская область, город Клин, ул. Сталина, 70', 'Чичиков дал ей медный грош, и она побрела.', 0, NULL, '2025-06-06 20:08:53', '2025-06-06 20:08:53');

-- --------------------------------------------------------

--
-- Структура таблицы `deliveries`
--

CREATE TABLE `deliveries` (
  `id` bigint(20) UNSIGNED NOT NULL,
  `delivery_name` varchar(255) NOT NULL,
  `deleted_at` timestamp NULL DEFAULT NULL,
  `created_at` timestamp NULL DEFAULT NULL,
  `updated_at` timestamp NULL DEFAULT NULL
) ENGINE=InnoDB DEFAULT CHARSET=utf8mb4 COLLATE=utf8mb4_unicode_ci;

--
-- Дамп данных таблицы `deliveries`
--

INSERT INTO `deliveries` (`id`, `delivery_name`, `deleted_at`, `created_at`, `updated_at`) VALUES
(1, 'Самовывоз', NULL, '2025-06-06 20:08:52', '2025-06-06 20:08:52'),
(2, 'Доставка до клиента', NULL, '2025-06-06 20:08:52', '2025-06-06 20:08:52'),
(3, 'Доставка до ТК', NULL, '2025-06-06 20:08:52', '2025-06-06 20:08:52');

-- --------------------------------------------------------

--
-- Структура таблицы `failed_jobs`
--

CREATE TABLE `failed_jobs` (
  `id` bigint(20) UNSIGNED NOT NULL,
  `uuid` varchar(255) NOT NULL,
  `connection` text NOT NULL,
  `queue` text NOT NULL,
  `payload` longtext NOT NULL,
  `exception` longtext NOT NULL,
  `failed_at` timestamp NOT NULL DEFAULT current_timestamp()
) ENGINE=InnoDB DEFAULT CHARSET=utf8mb4 COLLATE=utf8mb4_unicode_ci;

-- --------------------------------------------------------

--
-- Структура таблицы `jobs`
--

CREATE TABLE `jobs` (
  `id` bigint(20) UNSIGNED NOT NULL,
  `queue` varchar(255) NOT NULL,
  `payload` longtext NOT NULL,
  `attempts` tinyint(3) UNSIGNED NOT NULL,
  `reserved_at` int(10) UNSIGNED DEFAULT NULL,
  `available_at` int(10) UNSIGNED NOT NULL,
  `created_at` int(10) UNSIGNED NOT NULL
) ENGINE=InnoDB DEFAULT CHARSET=utf8mb4 COLLATE=utf8mb4_unicode_ci;

-- --------------------------------------------------------

--
-- Структура таблицы `job_batches`
--

CREATE TABLE `job_batches` (
  `id` varchar(255) NOT NULL,
  `name` varchar(255) NOT NULL,
  `total_jobs` int(11) NOT NULL,
  `pending_jobs` int(11) NOT NULL,
  `failed_jobs` int(11) NOT NULL,
  `failed_job_ids` longtext NOT NULL,
  `options` mediumtext DEFAULT NULL,
  `cancelled_at` int(11) DEFAULT NULL,
  `created_at` int(11) NOT NULL,
  `finished_at` int(11) DEFAULT NULL
) ENGINE=InnoDB DEFAULT CHARSET=utf8mb4 COLLATE=utf8mb4_unicode_ci;

-- --------------------------------------------------------

--
-- Структура таблицы `migrations`
--

CREATE TABLE `migrations` (
  `id` int(10) UNSIGNED NOT NULL,
  `migration` varchar(255) NOT NULL,
  `batch` int(11) NOT NULL
) ENGINE=InnoDB DEFAULT CHARSET=utf8mb4 COLLATE=utf8mb4_unicode_ci;

--
-- Дамп данных таблицы `migrations`
--

INSERT INTO `migrations` (`id`, `migration`, `batch`) VALUES
(169, '0001_01_01_000000_create_users_table', 1),
(170, '0001_01_01_000001_create_cache_table', 1),
(171, '0001_01_01_000002_create_jobs_table', 1),
(172, '2025_05_05_133820_create_personal_access_tokens_table', 1),
(173, '2025_05_06_124453_create_car_marks_table', 1),
(174, '2025_05_06_124526_create_car_models_table', 1),
(175, '2025_05_06_124541_create_car_colors_table', 1),
(176, '2025_05_06_124551_create_car_countries_table', 1),
(177, '2025_05_06_124558_create_car_types_table', 1),
(178, '2025_05_06_124559_create_car_mark_model_countries_table', 1),
(179, '2025_05_06_124565_create_cars_table', 1),
(180, '2025_05_06_134236_create_user_positions_table', 1),
(181, '2025_05_06_134245_create_user_departments_table', 1),
(182, '2025_05_06_134255_create_user_department_positions_table', 1),
(183, '2025_05_06_134256_create_user_statuses_table', 1),
(184, '2025_05_06_143937_update_fields_to_users_table', 1),
(185, '2025_05_06_193529_create_car_photos_table', 1),
(186, '2025_05_24_114237_create_statuses_table', 1),
(187, '2025_05_24_114241_create_deliveries_table', 1),
(188, '2025_05_24_114247_create_payments_table', 1),
(189, '2025_05_24_114414_create_clients_table', 1),
(190, '2025_05_24_115553_create_orders_table', 1),
(191, '2025_05_24_115603_create_order_statuses_table', 1),
(192, '2025_05_24_115621_create_order_cars_table', 1);

-- --------------------------------------------------------

--
-- Структура таблицы `orders`
--

CREATE TABLE `orders` (
  `id` bigint(20) UNSIGNED NOT NULL,
  `client_id` bigint(20) UNSIGNED NOT NULL,
  `user_id` bigint(20) UNSIGNED NOT NULL,
  `payment_id` bigint(20) UNSIGNED NOT NULL,
  `delivery_id` bigint(20) UNSIGNED NOT NULL,
  `delivery_address` text DEFAULT NULL,
  `deleted_at` timestamp NULL DEFAULT NULL,
  `created_at` timestamp NULL DEFAULT NULL,
  `updated_at` timestamp NULL DEFAULT NULL
) ENGINE=InnoDB DEFAULT CHARSET=utf8mb4 COLLATE=utf8mb4_unicode_ci;

--
-- Дамп данных таблицы `orders`
--

INSERT INTO `orders` (`id`, `client_id`, `user_id`, `payment_id`, `delivery_id`, `delivery_address`, `deleted_at`, `created_at`, `updated_at`) VALUES
(1, 2, 7, 3, 1, '542625, Ростовская область, город Истра, пер. Косиора, 25', NULL, '2025-04-17 20:21:44', '2025-06-06 20:08:54'),
(2, 1, 18, 2, 1, '201250, Ярославская область, город Дорохово, спуск Домодедовская, 82', NULL, '2025-06-02 08:46:54', '2025-06-06 20:08:54'),
(3, 2, 18, 2, 2, '924578, Рязанская область, город Можайск, пер. Чехова, 96', NULL, '2025-03-17 10:44:05', '2025-06-06 20:08:54'),
(4, 1, 7, 3, 3, '570943, Белгородская область, город Щёлково, ул. Чехова, 33', NULL, '2025-04-03 21:56:02', '2025-06-06 20:08:54'),
(5, 1, 18, 1, 2, '172356, Ленинградская область, город Шатура, шоссе Чехова, 22', NULL, '2025-04-29 22:35:51', '2025-06-06 20:08:54'),
(6, 2, 18, 1, 1, '604111, Ульяновская область, город Павловский Посад, спуск Домодедовская, 85', NULL, '2025-05-13 23:24:41', '2025-06-06 20:08:54'),
(7, 2, 17, 2, 3, '357014, Свердловская область, город Мытищи, шоссе Бухарестская, 15', NULL, '2025-03-29 02:19:07', '2025-06-06 20:08:54'),
(8, 2, 18, 2, 2, '506336, Магаданская область, город Егорьевск, шоссе Балканская, 31', NULL, '2025-05-19 07:59:52', '2025-06-06 20:08:54'),
(9, 2, 4, 2, 3, '022108, Липецкая область, город Москва, ул. Ладыгина, 92', NULL, '2025-04-04 01:01:20', '2025-06-06 20:08:54'),
(10, 2, 4, 1, 1, '155556, Саратовская область, город Дорохово, спуск Косиора, 71', NULL, '2025-04-02 17:56:35', '2025-06-06 20:08:54'),
(11, 1, 18, 1, 3, '882959, Томская область, город Шаховская, пр. Ладыгина, 95', NULL, '2025-04-16 07:48:59', '2025-06-06 20:08:54'),
(12, 2, 7, 2, 2, '730193, Ярославская область, город Лотошино, шоссе Ладыгина, 38', NULL, '2025-06-06 12:26:04', '2025-06-06 20:08:54'),
(13, 1, 17, 1, 2, '399680, Тульская область, город Пушкино, пр. Славы, 36', NULL, '2025-05-19 00:25:35', '2025-06-06 20:08:54'),
(14, 2, 17, 1, 2, '228418, Московская область, город Домодедово, шоссе Ломоносова, 94', NULL, '2025-04-29 13:09:01', '2025-06-06 20:08:54'),
(15, 2, 18, 1, 2, '953525, Иркутская область, город Воскресенск, шоссе Чехова, 83', NULL, '2025-04-20 23:37:01', '2025-06-06 20:08:54');

-- --------------------------------------------------------

--
-- Структура таблицы `order_cars`
--

CREATE TABLE `order_cars` (
  `id` bigint(20) UNSIGNED NOT NULL,
  `order_id` bigint(20) UNSIGNED NOT NULL,
  `car_id` bigint(20) UNSIGNED NOT NULL,
  `deleted_at` timestamp NULL DEFAULT NULL,
  `created_at` timestamp NULL DEFAULT NULL,
  `updated_at` timestamp NULL DEFAULT NULL
) ENGINE=InnoDB DEFAULT CHARSET=utf8mb4 COLLATE=utf8mb4_unicode_ci;

--
-- Дамп данных таблицы `order_cars`
--

INSERT INTO `order_cars` (`id`, `order_id`, `car_id`, `deleted_at`, `created_at`, `updated_at`) VALUES
(1, 13, 10, NULL, '2025-06-06 20:08:56', '2025-06-06 20:08:56'),
(2, 13, 1, NULL, '2025-06-06 20:08:56', '2025-06-06 20:08:56'),
(3, 11, 10, NULL, '2025-06-06 20:08:56', '2025-06-06 20:08:56'),
(4, 7, 10, NULL, '2025-06-06 20:08:56', '2025-06-06 20:08:56'),
(5, 8, 7, NULL, '2025-06-06 20:08:56', '2025-06-06 20:08:56'),
(6, 7, 13, NULL, '2025-06-06 20:08:56', '2025-06-06 20:08:56'),
(7, 4, 7, NULL, '2025-06-06 20:08:56', '2025-06-06 20:08:56'),
(8, 12, 7, NULL, '2025-06-06 20:08:56', '2025-06-06 20:08:56'),
(9, 9, 15, NULL, '2025-06-06 20:08:56', '2025-06-06 20:08:56'),
(10, 3, 11, NULL, '2025-06-06 20:08:56', '2025-06-06 20:08:56'),
(11, 1, 2, NULL, '2025-06-06 20:08:56', '2025-06-06 20:08:56'),
(12, 12, 4, NULL, '2025-06-06 20:08:56', '2025-06-06 20:08:56'),
(13, 13, 12, NULL, '2025-06-06 20:08:56', '2025-06-06 20:08:56'),
(14, 4, 12, NULL, '2025-06-06 20:08:56', '2025-06-06 20:08:56'),
(15, 10, 4, NULL, '2025-06-06 20:08:56', '2025-06-06 20:08:56'),
(16, 5, 5, NULL, '2025-06-06 20:08:56', '2025-06-06 20:08:56'),
(17, 9, 10, NULL, '2025-06-06 20:08:56', '2025-06-06 20:08:56'),
(18, 8, 4, NULL, '2025-06-06 20:08:56', '2025-06-06 20:08:56'),
(19, 13, 11, NULL, '2025-06-06 20:08:56', '2025-06-06 20:08:56'),
(20, 12, 10, NULL, '2025-06-06 20:08:56', '2025-06-06 20:08:56'),
(21, 4, 15, NULL, '2025-06-06 20:08:56', '2025-06-06 20:08:56'),
(22, 2, 14, NULL, '2025-06-06 20:08:56', '2025-06-06 20:08:56'),
(23, 9, 14, NULL, '2025-06-06 20:08:56', '2025-06-06 20:08:56'),
(24, 7, 2, NULL, '2025-06-06 20:08:56', '2025-06-06 20:08:56'),
(25, 2, 15, NULL, '2025-06-06 20:08:56', '2025-06-06 20:08:56'),
(26, 1, 9, NULL, '2025-06-06 20:08:56', '2025-06-06 20:08:56'),
(27, 7, 8, NULL, '2025-06-06 20:08:56', '2025-06-06 20:08:56');

-- --------------------------------------------------------

--
-- Структура таблицы `order_statuses`
--

CREATE TABLE `order_statuses` (
  `id` bigint(20) UNSIGNED NOT NULL,
  `order_id` bigint(20) UNSIGNED NOT NULL,
  `status_id` bigint(20) UNSIGNED NOT NULL,
  `deleted_at` timestamp NULL DEFAULT NULL,
  `created_at` timestamp NULL DEFAULT NULL,
  `updated_at` timestamp NULL DEFAULT NULL
) ENGINE=InnoDB DEFAULT CHARSET=utf8mb4 COLLATE=utf8mb4_unicode_ci;

--
-- Дамп данных таблицы `order_statuses`
--

INSERT INTO `order_statuses` (`id`, `order_id`, `status_id`, `deleted_at`, `created_at`, `updated_at`) VALUES
(1, 9, 2, NULL, '2025-06-06 20:08:56', '2025-06-06 20:08:56'),
(2, 4, 3, NULL, '2025-06-06 20:08:56', '2025-06-06 20:08:56'),
(3, 4, 1, NULL, '2025-06-06 20:08:56', '2025-06-06 20:08:56'),
(4, 6, 5, NULL, '2025-06-06 20:08:56', '2025-06-06 20:08:56'),
(5, 15, 1, NULL, '2025-06-06 20:08:56', '2025-06-06 20:08:56'),
(6, 11, 1, NULL, '2025-06-06 20:08:56', '2025-06-06 20:08:56'),
(7, 9, 5, NULL, '2025-06-06 20:08:56', '2025-06-06 20:08:56'),
(8, 11, 1, NULL, '2025-06-06 20:08:56', '2025-06-06 20:08:56'),
(9, 15, 5, NULL, '2025-06-06 20:08:56', '2025-06-06 20:08:56'),
(10, 3, 3, NULL, '2025-06-06 20:08:57', '2025-06-06 20:08:57'),
(11, 14, 5, NULL, '2025-06-06 20:08:57', '2025-06-06 20:08:57'),
(12, 10, 3, NULL, '2025-06-06 20:08:57', '2025-06-06 20:08:57'),
(13, 11, 2, NULL, '2025-06-06 20:08:57', '2025-06-06 20:08:57'),
(14, 3, 4, NULL, '2025-06-06 20:08:57', '2025-06-06 20:08:57'),
(15, 8, 5, NULL, '2025-06-06 20:08:57', '2025-06-06 20:08:57'),
(16, 1, 2, NULL, '2025-06-06 20:08:57', '2025-06-06 20:08:57'),
(17, 3, 4, NULL, '2025-06-06 20:08:57', '2025-06-06 20:08:57'),
(18, 11, 4, NULL, '2025-06-06 20:08:57', '2025-06-06 20:08:57'),
(19, 6, 2, NULL, '2025-06-06 20:08:57', '2025-06-06 20:08:57'),
(20, 6, 3, NULL, '2025-06-06 20:08:57', '2025-06-06 20:08:57');

-- --------------------------------------------------------

--
-- Структура таблицы `password_reset_tokens`
--

CREATE TABLE `password_reset_tokens` (
  `email` varchar(255) NOT NULL,
  `token` varchar(255) NOT NULL,
  `created_at` timestamp NULL DEFAULT NULL
) ENGINE=InnoDB DEFAULT CHARSET=utf8mb4 COLLATE=utf8mb4_unicode_ci;

-- --------------------------------------------------------

--
-- Структура таблицы `payments`
--

CREATE TABLE `payments` (
  `id` bigint(20) UNSIGNED NOT NULL,
  `payment_name` varchar(255) NOT NULL,
  `deleted_at` timestamp NULL DEFAULT NULL,
  `created_at` timestamp NULL DEFAULT NULL,
  `updated_at` timestamp NULL DEFAULT NULL
) ENGINE=InnoDB DEFAULT CHARSET=utf8mb4 COLLATE=utf8mb4_unicode_ci;

--
-- Дамп данных таблицы `payments`
--

INSERT INTO `payments` (`id`, `payment_name`, `deleted_at`, `created_at`, `updated_at`) VALUES
(1, 'Оплата картой', NULL, '2025-06-06 20:08:52', '2025-06-06 20:08:52'),
(2, 'Оплата наличными', NULL, '2025-06-06 20:08:52', '2025-06-06 20:08:52'),
(3, 'Безналичный расчет', NULL, '2025-06-06 20:08:52', '2025-06-06 20:08:52');

-- --------------------------------------------------------

--
-- Структура таблицы `personal_access_tokens`
--

CREATE TABLE `personal_access_tokens` (
  `id` bigint(20) UNSIGNED NOT NULL,
  `tokenable_type` varchar(255) NOT NULL,
  `tokenable_id` bigint(20) UNSIGNED NOT NULL,
  `name` varchar(255) NOT NULL,
  `token` varchar(64) NOT NULL,
  `abilities` text DEFAULT NULL,
  `last_used_at` timestamp NULL DEFAULT NULL,
  `expires_at` timestamp NULL DEFAULT NULL,
  `created_at` timestamp NULL DEFAULT NULL,
  `updated_at` timestamp NULL DEFAULT NULL
) ENGINE=InnoDB DEFAULT CHARSET=utf8mb4 COLLATE=utf8mb4_unicode_ci;

--
-- Дамп данных таблицы `personal_access_tokens`
--

INSERT INTO `personal_access_tokens` (`id`, `tokenable_type`, `tokenable_id`, `name`, `token`, `abilities`, `last_used_at`, `expires_at`, `created_at`, `updated_at`) VALUES
(1, 'App\\Models\\User', 32, 'MyApp', 'd1aef6e6d8cf6261285d16fc801c8cc986657f2cd139f7e0473f55f0777a2973', '[\"*\"]', NULL, NULL, '2025-06-07 22:12:44', '2025-06-07 22:12:44');

-- --------------------------------------------------------

--
-- Структура таблицы `sessions`
--

CREATE TABLE `sessions` (
  `id` varchar(255) NOT NULL,
  `user_id` bigint(20) UNSIGNED DEFAULT NULL,
  `ip_address` varchar(45) DEFAULT NULL,
  `user_agent` text DEFAULT NULL,
  `payload` longtext NOT NULL,
  `last_activity` int(11) NOT NULL
) ENGINE=InnoDB DEFAULT CHARSET=utf8mb4 COLLATE=utf8mb4_unicode_ci;

--
-- Дамп данных таблицы `sessions`
--

INSERT INTO `sessions` (`id`, `user_id`, `ip_address`, `user_agent`, `payload`, `last_activity`) VALUES
('GGygbT4qIAri6VDtXVUdjiSpM25FGFMKCDx8CCUO', NULL, '127.0.0.1', 'Mozilla/5.0 (Windows NT 10.0; Win64; x64) AppleWebKit/537.36 (KHTML, like Gecko) Chrome/136.0.0.0 Safari/537.36', 'YTo0OntzOjY6Il90b2tlbiI7czo0MDoibU56MWpqTXpaYVJ5anhMZExMVXJqdHowbW11Nks3c0kwbzJON2sxYyI7czoyMjoiUEhQREVCVUdCQVJfU1RBQ0tfREFUQSI7YTowOnt9czo5OiJfcHJldmlvdXMiO2E6MTp7czozOiJ1cmwiO3M6MjE6Imh0dHA6Ly9sb2NhbGhvc3Q6ODAwMCI7fXM6NjoiX2ZsYXNoIjthOjI6e3M6Mzoib2xkIjthOjA6e31zOjM6Im5ldyI7YTowOnt9fX0=', 1749334150),
('pjWAvt0gD6s5PR5Y9eH3DIXBNXE2L8yZyk5YtpUc', NULL, '127.0.0.1', 'Mozilla/5.0 (Windows NT 10.0; Win64; x64) AppleWebKit/537.36 (KHTML, like Gecko) Chrome/136.0.0.0 Safari/537.36', 'YTo0OntzOjY6Il90b2tlbiI7czo0MDoicEwyWEJ0eDFzVlV3WXFZazE3NWVLajcyR3UwNXZiTmhZVGZ0N2hmZiI7czoyMjoiUEhQREVCVUdCQVJfU1RBQ0tfREFUQSI7YTowOnt9czo5OiJfcHJldmlvdXMiO2E6MTp7czozOiJ1cmwiO3M6MjE6Imh0dHA6Ly8xMjcuMC4wLjE6ODAwMCI7fXM6NjoiX2ZsYXNoIjthOjI6e3M6Mzoib2xkIjthOjA6e31zOjM6Im5ldyI7YTowOnt9fX0=', 1749333775);

-- --------------------------------------------------------

--
-- Структура таблицы `statuses`
--

CREATE TABLE `statuses` (
  `id` bigint(20) UNSIGNED NOT NULL,
  `status_name` varchar(255) NOT NULL,
  `status_description` text DEFAULT NULL,
  `status_number` int(10) UNSIGNED NOT NULL,
  `deleted_at` timestamp NULL DEFAULT NULL,
  `created_at` timestamp NULL DEFAULT NULL,
  `updated_at` timestamp NULL DEFAULT NULL
) ENGINE=InnoDB DEFAULT CHARSET=utf8mb4 COLLATE=utf8mb4_unicode_ci;

--
-- Дамп данных таблицы `statuses`
--

INSERT INTO `statuses` (`id`, `status_name`, `status_description`, `status_number`, `deleted_at`, `created_at`, `updated_at`) VALUES
(1, 'Создан', 'При создании заказа (клиентом, по телефону координатором)', 1, NULL, '2025-06-06 20:08:52', '2025-06-06 20:08:52'),
(2, 'В работе', 'При взятии заказа в работу (менеджером)', 2, NULL, '2025-06-06 20:08:52', '2025-06-06 20:08:52'),
(3, 'Подтвержден', 'При подтверждении наличия товара на складе (менеджером)', 3, NULL, '2025-06-06 20:08:52', '2025-06-06 20:08:52'),
(4, 'Отменен', 'При отмене заказа (менеджером)', 4, NULL, '2025-06-06 20:08:52', '2025-06-06 20:08:52'),
(5, 'Выполнен', 'При выполнении заказа (менеджером)', 5, NULL, '2025-06-06 20:08:52', '2025-06-06 20:08:52');

-- --------------------------------------------------------

--
-- Структура таблицы `users`
--

CREATE TABLE `users` (
  `id` bigint(20) UNSIGNED NOT NULL,
  `login` varchar(255) NOT NULL COMMENT 'логин',
  `password` varchar(255) NOT NULL COMMENT 'пароль',
  `firstname` varchar(255) NOT NULL COMMENT 'имя',
  `surname` varchar(255) NOT NULL COMMENT 'фамилия',
  `patronymic` varchar(255) DEFAULT NULL COMMENT 'отчество',
  `email` varchar(255) DEFAULT NULL COMMENT 'email',
  `phone` varchar(255) DEFAULT NULL COMMENT 'телефон',
  `birthday` date DEFAULT NULL COMMENT 'день рождения',
  `department_id` bigint(20) UNSIGNED DEFAULT NULL COMMENT 'отдел',
  `position_id` bigint(20) UNSIGNED DEFAULT NULL COMMENT 'должность',
  `start_work` date DEFAULT NULL COMMENT 'трудоустройство',
  `status_id` bigint(20) UNSIGNED DEFAULT NULL COMMENT 'статус',
  `status_at` date DEFAULT NULL COMMENT 'смена статуса',
  `permissions` longtext CHARACTER SET utf8mb4 COLLATE utf8mb4_bin DEFAULT NULL COMMENT 'разрешения' CHECK (json_valid(`permissions`)),
  `deleted_at` timestamp NULL DEFAULT NULL,
  `remember_token` varchar(100) DEFAULT NULL,
  `created_at` timestamp NULL DEFAULT NULL,
  `updated_at` timestamp NULL DEFAULT NULL
) ENGINE=InnoDB DEFAULT CHARSET=utf8mb4 COLLATE=utf8mb4_unicode_ci;

--
-- Дамп данных таблицы `users`
--

INSERT INTO `users` (`id`, `login`, `password`, `firstname`, `surname`, `patronymic`, `email`, `phone`, `birthday`, `department_id`, `position_id`, `start_work`, `status_id`, `status_at`, `permissions`, `deleted_at`, `remember_token`, `created_at`, `updated_at`) VALUES
(1, 'admin', 'R7F+D8pq3nvgpdoCFMAbV90hfNjQQBNCxuq2OHqxZ20=', 'Администратор', 'Системы', '', 'admin@admin.com', '+79855098044', '1980-03-31', 6, 9, '2025-06-06', 1, '2025-06-06', '{\"Tabs\":[{\"Name\":\"user\",\"RusName\":\"Пользователь\",\"Permissions\":{\"Read\":true,\"Write\":true}},{\"Name\":\"order\",\"RusName\":\"Заказы\",\"Permissions\":{\"Read\":true,\"Write\":true}},{\"Name\":\"report\",\"RusName\":\"Отчеты\",\"Permissions\":{\"Read\":true,\"Write\":true}},{\"Name\":\"setting\",\"RusName\":\"Настройки\",\"Permissions\":{\"Read\":true,\"Write\":true}},{\"Name\":\"dict\",\"RusName\":\"Словари\",\"Permissions\":{\"Read\":true,\"Write\":true}}],\"Directories\":[{\"Name\":\"Order\",\"RusName\":\"Заказы\",\"Permissions\":{\"Read\":true,\"Write\":true}},{\"Name\":\"Client\",\"RusName\":\"Клиенты\",\"Permissions\":{\"Read\":true,\"Write\":true}},{\"Name\":\"Delivery\",\"RusName\":\"Типы Доставки\",\"Permissions\":{\"Read\":true,\"Write\":true}},{\"Name\":\"Payment\",\"RusName\":\"Типы Оплаты\",\"Permissions\":{\"Read\":true,\"Write\":true}},{\"Name\":\"OrderStatus\",\"RusName\":\"Статусы заказа\",\"Permissions\":{\"Read\":true,\"Write\":true}},{\"Name\":\"Car\",\"RusName\":\"Автомобили\",\"Permissions\":{\"Read\":true,\"Write\":true}},{\"Name\":\"CarMark\",\"RusName\":\"Марки\",\"Permissions\":{\"Read\":true,\"Write\":true}},{\"Name\":\"CarModel\",\"RusName\":\"Модели\",\"Permissions\":{\"Read\":true,\"Write\":true}},{\"Name\":\"CarCountry\",\"RusName\":\"Страны\",\"Permissions\":{\"Read\":true,\"Write\":true}},{\"Name\":\"CarType\",\"RusName\":\"Типы кузова\",\"Permissions\":{\"Read\":true,\"Write\":true}},{\"Name\":\"CarColor\",\"RusName\":\"Цвета\",\"Permissions\":{\"Read\":true,\"Write\":true}},{\"Name\":\"CarMarkModelCountry\",\"RusName\":\"Марка - Модель\",\"Permissions\":{\"Read\":true,\"Write\":true}},{\"Name\":\"User\",\"RusName\":\"Сотрудники\",\"Permissions\":{\"Read\":true,\"Write\":true}},{\"Name\":\"UserDepartment\",\"RusName\":\"Отделы\",\"Permissions\":{\"Read\":true,\"Write\":true}},{\"Name\":\"UserPosition\",\"RusName\":\"Должности\",\"Permissions\":{\"Read\":true,\"Write\":true}},{\"Name\":\"UserStatus\",\"RusName\":\"Статусы\",\"Permissions\":{\"Read\":true,\"Write\":true}},{\"Name\":\"UserDepartmentPosition\",\"RusName\":\"Отдел - Должность\",\"Permissions\":{\"Read\":true,\"Write\":true}}]}', NULL, NULL, NULL, NULL),
(2, 'reynold08', '$2y$12$ZlEyGovKwvHb0ZEJP5wafuRodiEm6WqB7Wi/qa/ag7us7bHAQMmCC', 'Иннокентий', 'Тетерин', 'Иванович', 'aleksandra04@example.org', '+79725730620', '1995-06-27', 5, 10, '1975-04-07', 4, '2024-05-13', '{\"Tabs\":[{\"Name\":\"user\",\"RusName\":\"\\u041f\\u043e\\u043b\\u044c\\u0437\\u043e\\u0432\\u0430\\u0442\\u0435\\u043b\\u044c\",\"Permissions\":{\"Read\":true,\"Write\":true}},{\"Name\":\"order\",\"RusName\":\"\\u0417\\u0430\\u043a\\u0430\\u0437\\u044b\",\"Permissions\":{\"Read\":false,\"Write\":false}},{\"Name\":\"report\",\"RusName\":\"\\u041e\\u0442\\u0447\\u0435\\u0442\\u044b\",\"Permissions\":{\"Read\":false,\"Write\":false}},{\"Name\":\"setting\",\"RusName\":\"\\u041d\\u0430\\u0441\\u0442\\u0440\\u043e\\u0439\\u043a\\u0438\",\"Permissions\":{\"Read\":false,\"Write\":false}},{\"Name\":\"dict\",\"RusName\":\"\\u0421\\u043b\\u043e\\u0432\\u0430\\u0440\\u0438\",\"Permissions\":{\"Read\":false,\"Write\":false}}],\"Directories\":[{\"Name\":\"Order\",\"RusName\":\"\\u0417\\u0430\\u043a\\u0430\\u0437\\u044b\",\"Permissions\":{\"Read\":false,\"Write\":false}},{\"Name\":\"Client\",\"RusName\":\"\\u041a\\u043b\\u0438\\u0435\\u043d\\u0442\\u044b\",\"Permissions\":{\"Read\":false,\"Write\":false}},{\"Name\":\"Delivery\",\"RusName\":\"\\u0422\\u0438\\u043f\\u044b \\u0414\\u043e\\u0441\\u0442\\u0430\\u0432\\u043a\\u0438\",\"Permissions\":{\"Read\":false,\"Write\":false}},{\"Name\":\"Payment\",\"RusName\":\"\\u0422\\u0438\\u043f\\u044b \\u041e\\u043f\\u043b\\u0430\\u0442\\u044b\",\"Permissions\":{\"Read\":false,\"Write\":false}},{\"Name\":\"OrderStatus\",\"RusName\":\"\\u0421\\u0442\\u0430\\u0442\\u0443\\u0441\\u044b \\u0437\\u0430\\u043a\\u0430\\u0437\\u0430\",\"Permissions\":{\"Read\":false,\"Write\":false}},{\"Name\":\"Car\",\"RusName\":\"\\u0410\\u0432\\u0442\\u043e\\u043c\\u043e\\u0431\\u0438\\u043b\\u0438\",\"Permissions\":{\"Read\":false,\"Write\":false}},{\"Name\":\"CarMark\",\"RusName\":\"\\u041c\\u0430\\u0440\\u043a\\u0438\",\"Permissions\":{\"Read\":false,\"Write\":false}},{\"Name\":\"CarModel\",\"RusName\":\"\\u041c\\u043e\\u0434\\u0435\\u043b\\u0438\",\"Permissions\":{\"Read\":false,\"Write\":false}},{\"Name\":\"CarCountry\",\"RusName\":\"\\u0421\\u0442\\u0440\\u0430\\u043d\\u044b\",\"Permissions\":{\"Read\":false,\"Write\":false}},{\"Name\":\"CarType\",\"RusName\":\"\\u0422\\u0438\\u043f\\u044b \\u043a\\u0443\\u0437\\u043e\\u0432\\u0430\",\"Permissions\":{\"Read\":false,\"Write\":false}},{\"Name\":\"CarColor\",\"RusName\":\"\\u0426\\u0432\\u0435\\u0442\\u0430\",\"Permissions\":{\"Read\":false,\"Write\":false}},{\"Name\":\"CarMarkModelCountry\",\"RusName\":\"\\u041c\\u0430\\u0440\\u043a\\u0430 - \\u041c\\u043e\\u0434\\u0435\\u043b\\u044c\",\"Permissions\":{\"Read\":false,\"Write\":false}},{\"Name\":\"User\",\"RusName\":\"\\u0421\\u043e\\u0442\\u0440\\u0443\\u0434\\u043d\\u0438\\u043a\\u0438\",\"Permissions\":{\"Read\":true,\"Write\":false}},{\"Name\":\"UserDepartment\",\"RusName\":\"\\u041e\\u0442\\u0434\\u0435\\u043b\\u044b\",\"Permissions\":{\"Read\":false,\"Write\":false}},{\"Name\":\"UserPosition\",\"RusName\":\"\\u0414\\u043e\\u043b\\u0436\\u043d\\u043e\\u0441\\u0442\\u0438\",\"Permissions\":{\"Read\":false,\"Write\":false}},{\"Name\":\"UserStatus\",\"RusName\":\"\\u0421\\u0442\\u0430\\u0442\\u0443\\u0441\\u044b\",\"Permissions\":{\"Read\":false,\"Write\":false}},{\"Name\":\"UserDepartmentPosition\",\"RusName\":\"\\u041e\\u0442\\u0434\\u0435\\u043b - \\u0414\\u043e\\u043b\\u0436\\u043d\\u043e\\u0441\\u0442\\u044c\",\"Permissions\":{\"Read\":false,\"Write\":false}}]}', NULL, 'S4UqPKJx2L', '2025-06-06 20:08:52', '2025-06-06 20:08:52'),
(3, 'xboehm', '$2y$12$ZlEyGovKwvHb0ZEJP5wafuRodiEm6WqB7Wi/qa/ag7us7bHAQMmCC', 'Клим', 'Калинина', 'Викторович', 'denis.haritonova@example.org', '+79086879243', '1977-12-03', 1, 1, '2003-09-21', 2, '1997-07-14', '{\"Tabs\":[{\"Name\":\"user\",\"RusName\":\"\\u041f\\u043e\\u043b\\u044c\\u0437\\u043e\\u0432\\u0430\\u0442\\u0435\\u043b\\u044c\",\"Permissions\":{\"Read\":true,\"Write\":true}},{\"Name\":\"order\",\"RusName\":\"\\u0417\\u0430\\u043a\\u0430\\u0437\\u044b\",\"Permissions\":{\"Read\":false,\"Write\":false}},{\"Name\":\"report\",\"RusName\":\"\\u041e\\u0442\\u0447\\u0435\\u0442\\u044b\",\"Permissions\":{\"Read\":false,\"Write\":false}},{\"Name\":\"setting\",\"RusName\":\"\\u041d\\u0430\\u0441\\u0442\\u0440\\u043e\\u0439\\u043a\\u0438\",\"Permissions\":{\"Read\":false,\"Write\":false}},{\"Name\":\"dict\",\"RusName\":\"\\u0421\\u043b\\u043e\\u0432\\u0430\\u0440\\u0438\",\"Permissions\":{\"Read\":false,\"Write\":false}}],\"Directories\":[{\"Name\":\"Order\",\"RusName\":\"\\u0417\\u0430\\u043a\\u0430\\u0437\\u044b\",\"Permissions\":{\"Read\":false,\"Write\":false}},{\"Name\":\"Client\",\"RusName\":\"\\u041a\\u043b\\u0438\\u0435\\u043d\\u0442\\u044b\",\"Permissions\":{\"Read\":false,\"Write\":false}},{\"Name\":\"Delivery\",\"RusName\":\"\\u0422\\u0438\\u043f\\u044b \\u0414\\u043e\\u0441\\u0442\\u0430\\u0432\\u043a\\u0438\",\"Permissions\":{\"Read\":false,\"Write\":false}},{\"Name\":\"Payment\",\"RusName\":\"\\u0422\\u0438\\u043f\\u044b \\u041e\\u043f\\u043b\\u0430\\u0442\\u044b\",\"Permissions\":{\"Read\":false,\"Write\":false}},{\"Name\":\"OrderStatus\",\"RusName\":\"\\u0421\\u0442\\u0430\\u0442\\u0443\\u0441\\u044b \\u0437\\u0430\\u043a\\u0430\\u0437\\u0430\",\"Permissions\":{\"Read\":false,\"Write\":false}},{\"Name\":\"Car\",\"RusName\":\"\\u0410\\u0432\\u0442\\u043e\\u043c\\u043e\\u0431\\u0438\\u043b\\u0438\",\"Permissions\":{\"Read\":false,\"Write\":false}},{\"Name\":\"CarMark\",\"RusName\":\"\\u041c\\u0430\\u0440\\u043a\\u0438\",\"Permissions\":{\"Read\":false,\"Write\":false}},{\"Name\":\"CarModel\",\"RusName\":\"\\u041c\\u043e\\u0434\\u0435\\u043b\\u0438\",\"Permissions\":{\"Read\":false,\"Write\":false}},{\"Name\":\"CarCountry\",\"RusName\":\"\\u0421\\u0442\\u0440\\u0430\\u043d\\u044b\",\"Permissions\":{\"Read\":false,\"Write\":false}},{\"Name\":\"CarType\",\"RusName\":\"\\u0422\\u0438\\u043f\\u044b \\u043a\\u0443\\u0437\\u043e\\u0432\\u0430\",\"Permissions\":{\"Read\":false,\"Write\":false}},{\"Name\":\"CarColor\",\"RusName\":\"\\u0426\\u0432\\u0435\\u0442\\u0430\",\"Permissions\":{\"Read\":false,\"Write\":false}},{\"Name\":\"CarMarkModelCountry\",\"RusName\":\"\\u041c\\u0430\\u0440\\u043a\\u0430 - \\u041c\\u043e\\u0434\\u0435\\u043b\\u044c\",\"Permissions\":{\"Read\":false,\"Write\":false}},{\"Name\":\"User\",\"RusName\":\"\\u0421\\u043e\\u0442\\u0440\\u0443\\u0434\\u043d\\u0438\\u043a\\u0438\",\"Permissions\":{\"Read\":true,\"Write\":false}},{\"Name\":\"UserDepartment\",\"RusName\":\"\\u041e\\u0442\\u0434\\u0435\\u043b\\u044b\",\"Permissions\":{\"Read\":false,\"Write\":false}},{\"Name\":\"UserPosition\",\"RusName\":\"\\u0414\\u043e\\u043b\\u0436\\u043d\\u043e\\u0441\\u0442\\u0438\",\"Permissions\":{\"Read\":false,\"Write\":false}},{\"Name\":\"UserStatus\",\"RusName\":\"\\u0421\\u0442\\u0430\\u0442\\u0443\\u0441\\u044b\",\"Permissions\":{\"Read\":false,\"Write\":false}},{\"Name\":\"UserDepartmentPosition\",\"RusName\":\"\\u041e\\u0442\\u0434\\u0435\\u043b - \\u0414\\u043e\\u043b\\u0436\\u043d\\u043e\\u0441\\u0442\\u044c\",\"Permissions\":{\"Read\":false,\"Write\":false}}]}', NULL, 'qAZCK4RKyc', '2025-06-06 20:08:52', '2025-06-06 20:08:52'),
(4, 'wiza.westley', '$2y$12$ZlEyGovKwvHb0ZEJP5wafuRodiEm6WqB7Wi/qa/ag7us7bHAQMmCC', 'Тимофей', 'Красильникова', 'Сергеевич', 'koroleva.maria@example.com', '+79619935808', '1970-07-03', 4, 12, '1995-03-02', 1, '2016-10-02', '{\"Tabs\":[{\"Name\":\"user\",\"RusName\":\"\\u041f\\u043e\\u043b\\u044c\\u0437\\u043e\\u0432\\u0430\\u0442\\u0435\\u043b\\u044c\",\"Permissions\":{\"Read\":true,\"Write\":true}},{\"Name\":\"order\",\"RusName\":\"\\u0417\\u0430\\u043a\\u0430\\u0437\\u044b\",\"Permissions\":{\"Read\":false,\"Write\":false}},{\"Name\":\"report\",\"RusName\":\"\\u041e\\u0442\\u0447\\u0435\\u0442\\u044b\",\"Permissions\":{\"Read\":false,\"Write\":false}},{\"Name\":\"setting\",\"RusName\":\"\\u041d\\u0430\\u0441\\u0442\\u0440\\u043e\\u0439\\u043a\\u0438\",\"Permissions\":{\"Read\":false,\"Write\":false}},{\"Name\":\"dict\",\"RusName\":\"\\u0421\\u043b\\u043e\\u0432\\u0430\\u0440\\u0438\",\"Permissions\":{\"Read\":false,\"Write\":false}}],\"Directories\":[{\"Name\":\"Order\",\"RusName\":\"\\u0417\\u0430\\u043a\\u0430\\u0437\\u044b\",\"Permissions\":{\"Read\":false,\"Write\":false}},{\"Name\":\"Client\",\"RusName\":\"\\u041a\\u043b\\u0438\\u0435\\u043d\\u0442\\u044b\",\"Permissions\":{\"Read\":false,\"Write\":false}},{\"Name\":\"Delivery\",\"RusName\":\"\\u0422\\u0438\\u043f\\u044b \\u0414\\u043e\\u0441\\u0442\\u0430\\u0432\\u043a\\u0438\",\"Permissions\":{\"Read\":false,\"Write\":false}},{\"Name\":\"Payment\",\"RusName\":\"\\u0422\\u0438\\u043f\\u044b \\u041e\\u043f\\u043b\\u0430\\u0442\\u044b\",\"Permissions\":{\"Read\":false,\"Write\":false}},{\"Name\":\"OrderStatus\",\"RusName\":\"\\u0421\\u0442\\u0430\\u0442\\u0443\\u0441\\u044b \\u0437\\u0430\\u043a\\u0430\\u0437\\u0430\",\"Permissions\":{\"Read\":false,\"Write\":false}},{\"Name\":\"Car\",\"RusName\":\"\\u0410\\u0432\\u0442\\u043e\\u043c\\u043e\\u0431\\u0438\\u043b\\u0438\",\"Permissions\":{\"Read\":false,\"Write\":false}},{\"Name\":\"CarMark\",\"RusName\":\"\\u041c\\u0430\\u0440\\u043a\\u0438\",\"Permissions\":{\"Read\":false,\"Write\":false}},{\"Name\":\"CarModel\",\"RusName\":\"\\u041c\\u043e\\u0434\\u0435\\u043b\\u0438\",\"Permissions\":{\"Read\":false,\"Write\":false}},{\"Name\":\"CarCountry\",\"RusName\":\"\\u0421\\u0442\\u0440\\u0430\\u043d\\u044b\",\"Permissions\":{\"Read\":false,\"Write\":false}},{\"Name\":\"CarType\",\"RusName\":\"\\u0422\\u0438\\u043f\\u044b \\u043a\\u0443\\u0437\\u043e\\u0432\\u0430\",\"Permissions\":{\"Read\":false,\"Write\":false}},{\"Name\":\"CarColor\",\"RusName\":\"\\u0426\\u0432\\u0435\\u0442\\u0430\",\"Permissions\":{\"Read\":false,\"Write\":false}},{\"Name\":\"CarMarkModelCountry\",\"RusName\":\"\\u041c\\u0430\\u0440\\u043a\\u0430 - \\u041c\\u043e\\u0434\\u0435\\u043b\\u044c\",\"Permissions\":{\"Read\":false,\"Write\":false}},{\"Name\":\"User\",\"RusName\":\"\\u0421\\u043e\\u0442\\u0440\\u0443\\u0434\\u043d\\u0438\\u043a\\u0438\",\"Permissions\":{\"Read\":true,\"Write\":false}},{\"Name\":\"UserDepartment\",\"RusName\":\"\\u041e\\u0442\\u0434\\u0435\\u043b\\u044b\",\"Permissions\":{\"Read\":false,\"Write\":false}},{\"Name\":\"UserPosition\",\"RusName\":\"\\u0414\\u043e\\u043b\\u0436\\u043d\\u043e\\u0441\\u0442\\u0438\",\"Permissions\":{\"Read\":false,\"Write\":false}},{\"Name\":\"UserStatus\",\"RusName\":\"\\u0421\\u0442\\u0430\\u0442\\u0443\\u0441\\u044b\",\"Permissions\":{\"Read\":false,\"Write\":false}},{\"Name\":\"UserDepartmentPosition\",\"RusName\":\"\\u041e\\u0442\\u0434\\u0435\\u043b - \\u0414\\u043e\\u043b\\u0436\\u043d\\u043e\\u0441\\u0442\\u044c\",\"Permissions\":{\"Read\":false,\"Write\":false}}]}', NULL, 'HfinDrKOaQ', '2025-06-06 20:08:52', '2025-06-06 20:08:52'),
(5, 'botsford.kyler', '$2y$12$ZlEyGovKwvHb0ZEJP5wafuRodiEm6WqB7Wi/qa/ag7us7bHAQMmCC', 'Иммануил', 'Макаров', 'Александрович', 'akalinina@example.net', '+79076334424', '1970-06-06', 6, 11, '2011-08-02', 3, '2011-02-14', '{\"Tabs\":[{\"Name\":\"user\",\"RusName\":\"\\u041f\\u043e\\u043b\\u044c\\u0437\\u043e\\u0432\\u0430\\u0442\\u0435\\u043b\\u044c\",\"Permissions\":{\"Read\":true,\"Write\":true}},{\"Name\":\"order\",\"RusName\":\"\\u0417\\u0430\\u043a\\u0430\\u0437\\u044b\",\"Permissions\":{\"Read\":false,\"Write\":false}},{\"Name\":\"report\",\"RusName\":\"\\u041e\\u0442\\u0447\\u0435\\u0442\\u044b\",\"Permissions\":{\"Read\":false,\"Write\":false}},{\"Name\":\"setting\",\"RusName\":\"\\u041d\\u0430\\u0441\\u0442\\u0440\\u043e\\u0439\\u043a\\u0438\",\"Permissions\":{\"Read\":false,\"Write\":false}},{\"Name\":\"dict\",\"RusName\":\"\\u0421\\u043b\\u043e\\u0432\\u0430\\u0440\\u0438\",\"Permissions\":{\"Read\":false,\"Write\":false}}],\"Directories\":[{\"Name\":\"Order\",\"RusName\":\"\\u0417\\u0430\\u043a\\u0430\\u0437\\u044b\",\"Permissions\":{\"Read\":false,\"Write\":false}},{\"Name\":\"Client\",\"RusName\":\"\\u041a\\u043b\\u0438\\u0435\\u043d\\u0442\\u044b\",\"Permissions\":{\"Read\":false,\"Write\":false}},{\"Name\":\"Delivery\",\"RusName\":\"\\u0422\\u0438\\u043f\\u044b \\u0414\\u043e\\u0441\\u0442\\u0430\\u0432\\u043a\\u0438\",\"Permissions\":{\"Read\":false,\"Write\":false}},{\"Name\":\"Payment\",\"RusName\":\"\\u0422\\u0438\\u043f\\u044b \\u041e\\u043f\\u043b\\u0430\\u0442\\u044b\",\"Permissions\":{\"Read\":false,\"Write\":false}},{\"Name\":\"OrderStatus\",\"RusName\":\"\\u0421\\u0442\\u0430\\u0442\\u0443\\u0441\\u044b \\u0437\\u0430\\u043a\\u0430\\u0437\\u0430\",\"Permissions\":{\"Read\":false,\"Write\":false}},{\"Name\":\"Car\",\"RusName\":\"\\u0410\\u0432\\u0442\\u043e\\u043c\\u043e\\u0431\\u0438\\u043b\\u0438\",\"Permissions\":{\"Read\":false,\"Write\":false}},{\"Name\":\"CarMark\",\"RusName\":\"\\u041c\\u0430\\u0440\\u043a\\u0438\",\"Permissions\":{\"Read\":false,\"Write\":false}},{\"Name\":\"CarModel\",\"RusName\":\"\\u041c\\u043e\\u0434\\u0435\\u043b\\u0438\",\"Permissions\":{\"Read\":false,\"Write\":false}},{\"Name\":\"CarCountry\",\"RusName\":\"\\u0421\\u0442\\u0440\\u0430\\u043d\\u044b\",\"Permissions\":{\"Read\":false,\"Write\":false}},{\"Name\":\"CarType\",\"RusName\":\"\\u0422\\u0438\\u043f\\u044b \\u043a\\u0443\\u0437\\u043e\\u0432\\u0430\",\"Permissions\":{\"Read\":false,\"Write\":false}},{\"Name\":\"CarColor\",\"RusName\":\"\\u0426\\u0432\\u0435\\u0442\\u0430\",\"Permissions\":{\"Read\":false,\"Write\":false}},{\"Name\":\"CarMarkModelCountry\",\"RusName\":\"\\u041c\\u0430\\u0440\\u043a\\u0430 - \\u041c\\u043e\\u0434\\u0435\\u043b\\u044c\",\"Permissions\":{\"Read\":false,\"Write\":false}},{\"Name\":\"User\",\"RusName\":\"\\u0421\\u043e\\u0442\\u0440\\u0443\\u0434\\u043d\\u0438\\u043a\\u0438\",\"Permissions\":{\"Read\":true,\"Write\":false}},{\"Name\":\"UserDepartment\",\"RusName\":\"\\u041e\\u0442\\u0434\\u0435\\u043b\\u044b\",\"Permissions\":{\"Read\":false,\"Write\":false}},{\"Name\":\"UserPosition\",\"RusName\":\"\\u0414\\u043e\\u043b\\u0436\\u043d\\u043e\\u0441\\u0442\\u0438\",\"Permissions\":{\"Read\":false,\"Write\":false}},{\"Name\":\"UserStatus\",\"RusName\":\"\\u0421\\u0442\\u0430\\u0442\\u0443\\u0441\\u044b\",\"Permissions\":{\"Read\":false,\"Write\":false}},{\"Name\":\"UserDepartmentPosition\",\"RusName\":\"\\u041e\\u0442\\u0434\\u0435\\u043b - \\u0414\\u043e\\u043b\\u0436\\u043d\\u043e\\u0441\\u0442\\u044c\",\"Permissions\":{\"Read\":false,\"Write\":false}}]}', NULL, '2M4fpCgMv9', '2025-06-06 20:08:52', '2025-06-06 20:08:52'),
(6, 'kreiger.pauline', '$2y$12$ZlEyGovKwvHb0ZEJP5wafuRodiEm6WqB7Wi/qa/ag7us7bHAQMmCC', 'Ярослав', 'Петухов', 'Владимирович', 'nestor.baranova@example.com', '+79268398767', '1992-05-28', 3, 6, '1980-02-11', 2, '2006-12-25', '{\"Tabs\":[{\"Name\":\"user\",\"RusName\":\"\\u041f\\u043e\\u043b\\u044c\\u0437\\u043e\\u0432\\u0430\\u0442\\u0435\\u043b\\u044c\",\"Permissions\":{\"Read\":true,\"Write\":true}},{\"Name\":\"order\",\"RusName\":\"\\u0417\\u0430\\u043a\\u0430\\u0437\\u044b\",\"Permissions\":{\"Read\":false,\"Write\":false}},{\"Name\":\"report\",\"RusName\":\"\\u041e\\u0442\\u0447\\u0435\\u0442\\u044b\",\"Permissions\":{\"Read\":false,\"Write\":false}},{\"Name\":\"setting\",\"RusName\":\"\\u041d\\u0430\\u0441\\u0442\\u0440\\u043e\\u0439\\u043a\\u0438\",\"Permissions\":{\"Read\":false,\"Write\":false}},{\"Name\":\"dict\",\"RusName\":\"\\u0421\\u043b\\u043e\\u0432\\u0430\\u0440\\u0438\",\"Permissions\":{\"Read\":false,\"Write\":false}}],\"Directories\":[{\"Name\":\"Order\",\"RusName\":\"\\u0417\\u0430\\u043a\\u0430\\u0437\\u044b\",\"Permissions\":{\"Read\":false,\"Write\":false}},{\"Name\":\"Client\",\"RusName\":\"\\u041a\\u043b\\u0438\\u0435\\u043d\\u0442\\u044b\",\"Permissions\":{\"Read\":false,\"Write\":false}},{\"Name\":\"Delivery\",\"RusName\":\"\\u0422\\u0438\\u043f\\u044b \\u0414\\u043e\\u0441\\u0442\\u0430\\u0432\\u043a\\u0438\",\"Permissions\":{\"Read\":false,\"Write\":false}},{\"Name\":\"Payment\",\"RusName\":\"\\u0422\\u0438\\u043f\\u044b \\u041e\\u043f\\u043b\\u0430\\u0442\\u044b\",\"Permissions\":{\"Read\":false,\"Write\":false}},{\"Name\":\"OrderStatus\",\"RusName\":\"\\u0421\\u0442\\u0430\\u0442\\u0443\\u0441\\u044b \\u0437\\u0430\\u043a\\u0430\\u0437\\u0430\",\"Permissions\":{\"Read\":false,\"Write\":false}},{\"Name\":\"Car\",\"RusName\":\"\\u0410\\u0432\\u0442\\u043e\\u043c\\u043e\\u0431\\u0438\\u043b\\u0438\",\"Permissions\":{\"Read\":false,\"Write\":false}},{\"Name\":\"CarMark\",\"RusName\":\"\\u041c\\u0430\\u0440\\u043a\\u0438\",\"Permissions\":{\"Read\":false,\"Write\":false}},{\"Name\":\"CarModel\",\"RusName\":\"\\u041c\\u043e\\u0434\\u0435\\u043b\\u0438\",\"Permissions\":{\"Read\":false,\"Write\":false}},{\"Name\":\"CarCountry\",\"RusName\":\"\\u0421\\u0442\\u0440\\u0430\\u043d\\u044b\",\"Permissions\":{\"Read\":false,\"Write\":false}},{\"Name\":\"CarType\",\"RusName\":\"\\u0422\\u0438\\u043f\\u044b \\u043a\\u0443\\u0437\\u043e\\u0432\\u0430\",\"Permissions\":{\"Read\":false,\"Write\":false}},{\"Name\":\"CarColor\",\"RusName\":\"\\u0426\\u0432\\u0435\\u0442\\u0430\",\"Permissions\":{\"Read\":false,\"Write\":false}},{\"Name\":\"CarMarkModelCountry\",\"RusName\":\"\\u041c\\u0430\\u0440\\u043a\\u0430 - \\u041c\\u043e\\u0434\\u0435\\u043b\\u044c\",\"Permissions\":{\"Read\":false,\"Write\":false}},{\"Name\":\"User\",\"RusName\":\"\\u0421\\u043e\\u0442\\u0440\\u0443\\u0434\\u043d\\u0438\\u043a\\u0438\",\"Permissions\":{\"Read\":true,\"Write\":false}},{\"Name\":\"UserDepartment\",\"RusName\":\"\\u041e\\u0442\\u0434\\u0435\\u043b\\u044b\",\"Permissions\":{\"Read\":false,\"Write\":false}},{\"Name\":\"UserPosition\",\"RusName\":\"\\u0414\\u043e\\u043b\\u0436\\u043d\\u043e\\u0441\\u0442\\u0438\",\"Permissions\":{\"Read\":false,\"Write\":false}},{\"Name\":\"UserStatus\",\"RusName\":\"\\u0421\\u0442\\u0430\\u0442\\u0443\\u0441\\u044b\",\"Permissions\":{\"Read\":false,\"Write\":false}},{\"Name\":\"UserDepartmentPosition\",\"RusName\":\"\\u041e\\u0442\\u0434\\u0435\\u043b - \\u0414\\u043e\\u043b\\u0436\\u043d\\u043e\\u0441\\u0442\\u044c\",\"Permissions\":{\"Read\":false,\"Write\":false}}]}', NULL, 'HoI20C98ru', '2025-06-06 20:08:52', '2025-06-06 20:08:52'),
(7, 'xeichmann', '$2y$12$ZlEyGovKwvHb0ZEJP5wafuRodiEm6WqB7Wi/qa/ag7us7bHAQMmCC', 'Милан', 'Михеев', 'Алексеевич', 'sofa.galkin@example.org', '+79046169246', '2000-01-03', 4, 13, '2002-12-15', 3, '1992-09-15', '{\"Tabs\":[{\"Name\":\"user\",\"RusName\":\"\\u041f\\u043e\\u043b\\u044c\\u0437\\u043e\\u0432\\u0430\\u0442\\u0435\\u043b\\u044c\",\"Permissions\":{\"Read\":true,\"Write\":true}},{\"Name\":\"order\",\"RusName\":\"\\u0417\\u0430\\u043a\\u0430\\u0437\\u044b\",\"Permissions\":{\"Read\":false,\"Write\":false}},{\"Name\":\"report\",\"RusName\":\"\\u041e\\u0442\\u0447\\u0435\\u0442\\u044b\",\"Permissions\":{\"Read\":false,\"Write\":false}},{\"Name\":\"setting\",\"RusName\":\"\\u041d\\u0430\\u0441\\u0442\\u0440\\u043e\\u0439\\u043a\\u0438\",\"Permissions\":{\"Read\":false,\"Write\":false}},{\"Name\":\"dict\",\"RusName\":\"\\u0421\\u043b\\u043e\\u0432\\u0430\\u0440\\u0438\",\"Permissions\":{\"Read\":false,\"Write\":false}}],\"Directories\":[{\"Name\":\"Order\",\"RusName\":\"\\u0417\\u0430\\u043a\\u0430\\u0437\\u044b\",\"Permissions\":{\"Read\":false,\"Write\":false}},{\"Name\":\"Client\",\"RusName\":\"\\u041a\\u043b\\u0438\\u0435\\u043d\\u0442\\u044b\",\"Permissions\":{\"Read\":false,\"Write\":false}},{\"Name\":\"Delivery\",\"RusName\":\"\\u0422\\u0438\\u043f\\u044b \\u0414\\u043e\\u0441\\u0442\\u0430\\u0432\\u043a\\u0438\",\"Permissions\":{\"Read\":false,\"Write\":false}},{\"Name\":\"Payment\",\"RusName\":\"\\u0422\\u0438\\u043f\\u044b \\u041e\\u043f\\u043b\\u0430\\u0442\\u044b\",\"Permissions\":{\"Read\":false,\"Write\":false}},{\"Name\":\"OrderStatus\",\"RusName\":\"\\u0421\\u0442\\u0430\\u0442\\u0443\\u0441\\u044b \\u0437\\u0430\\u043a\\u0430\\u0437\\u0430\",\"Permissions\":{\"Read\":false,\"Write\":false}},{\"Name\":\"Car\",\"RusName\":\"\\u0410\\u0432\\u0442\\u043e\\u043c\\u043e\\u0431\\u0438\\u043b\\u0438\",\"Permissions\":{\"Read\":false,\"Write\":false}},{\"Name\":\"CarMark\",\"RusName\":\"\\u041c\\u0430\\u0440\\u043a\\u0438\",\"Permissions\":{\"Read\":false,\"Write\":false}},{\"Name\":\"CarModel\",\"RusName\":\"\\u041c\\u043e\\u0434\\u0435\\u043b\\u0438\",\"Permissions\":{\"Read\":false,\"Write\":false}},{\"Name\":\"CarCountry\",\"RusName\":\"\\u0421\\u0442\\u0440\\u0430\\u043d\\u044b\",\"Permissions\":{\"Read\":false,\"Write\":false}},{\"Name\":\"CarType\",\"RusName\":\"\\u0422\\u0438\\u043f\\u044b \\u043a\\u0443\\u0437\\u043e\\u0432\\u0430\",\"Permissions\":{\"Read\":false,\"Write\":false}},{\"Name\":\"CarColor\",\"RusName\":\"\\u0426\\u0432\\u0435\\u0442\\u0430\",\"Permissions\":{\"Read\":false,\"Write\":false}},{\"Name\":\"CarMarkModelCountry\",\"RusName\":\"\\u041c\\u0430\\u0440\\u043a\\u0430 - \\u041c\\u043e\\u0434\\u0435\\u043b\\u044c\",\"Permissions\":{\"Read\":false,\"Write\":false}},{\"Name\":\"User\",\"RusName\":\"\\u0421\\u043e\\u0442\\u0440\\u0443\\u0434\\u043d\\u0438\\u043a\\u0438\",\"Permissions\":{\"Read\":true,\"Write\":false}},{\"Name\":\"UserDepartment\",\"RusName\":\"\\u041e\\u0442\\u0434\\u0435\\u043b\\u044b\",\"Permissions\":{\"Read\":false,\"Write\":false}},{\"Name\":\"UserPosition\",\"RusName\":\"\\u0414\\u043e\\u043b\\u0436\\u043d\\u043e\\u0441\\u0442\\u0438\",\"Permissions\":{\"Read\":false,\"Write\":false}},{\"Name\":\"UserStatus\",\"RusName\":\"\\u0421\\u0442\\u0430\\u0442\\u0443\\u0441\\u044b\",\"Permissions\":{\"Read\":false,\"Write\":false}},{\"Name\":\"UserDepartmentPosition\",\"RusName\":\"\\u041e\\u0442\\u0434\\u0435\\u043b - \\u0414\\u043e\\u043b\\u0436\\u043d\\u043e\\u0441\\u0442\\u044c\",\"Permissions\":{\"Read\":false,\"Write\":false}}]}', NULL, '7yo3rFYRw0', '2025-06-06 20:08:52', '2025-06-06 20:08:52'),
(8, 'jennifer.hagenes', '$2y$12$ZlEyGovKwvHb0ZEJP5wafuRodiEm6WqB7Wi/qa/ag7us7bHAQMmCC', 'Анатолий', 'Игнатова', 'Сергеевич', 'kmarkova@example.net', '+79305251949', '1973-09-22', 3, 7, '1987-05-15', 4, '1978-02-01', '{\"Tabs\":[{\"Name\":\"user\",\"RusName\":\"\\u041f\\u043e\\u043b\\u044c\\u0437\\u043e\\u0432\\u0430\\u0442\\u0435\\u043b\\u044c\",\"Permissions\":{\"Read\":true,\"Write\":true}},{\"Name\":\"order\",\"RusName\":\"\\u0417\\u0430\\u043a\\u0430\\u0437\\u044b\",\"Permissions\":{\"Read\":false,\"Write\":false}},{\"Name\":\"report\",\"RusName\":\"\\u041e\\u0442\\u0447\\u0435\\u0442\\u044b\",\"Permissions\":{\"Read\":false,\"Write\":false}},{\"Name\":\"setting\",\"RusName\":\"\\u041d\\u0430\\u0441\\u0442\\u0440\\u043e\\u0439\\u043a\\u0438\",\"Permissions\":{\"Read\":false,\"Write\":false}},{\"Name\":\"dict\",\"RusName\":\"\\u0421\\u043b\\u043e\\u0432\\u0430\\u0440\\u0438\",\"Permissions\":{\"Read\":false,\"Write\":false}}],\"Directories\":[{\"Name\":\"Order\",\"RusName\":\"\\u0417\\u0430\\u043a\\u0430\\u0437\\u044b\",\"Permissions\":{\"Read\":false,\"Write\":false}},{\"Name\":\"Client\",\"RusName\":\"\\u041a\\u043b\\u0438\\u0435\\u043d\\u0442\\u044b\",\"Permissions\":{\"Read\":false,\"Write\":false}},{\"Name\":\"Delivery\",\"RusName\":\"\\u0422\\u0438\\u043f\\u044b \\u0414\\u043e\\u0441\\u0442\\u0430\\u0432\\u043a\\u0438\",\"Permissions\":{\"Read\":false,\"Write\":false}},{\"Name\":\"Payment\",\"RusName\":\"\\u0422\\u0438\\u043f\\u044b \\u041e\\u043f\\u043b\\u0430\\u0442\\u044b\",\"Permissions\":{\"Read\":false,\"Write\":false}},{\"Name\":\"OrderStatus\",\"RusName\":\"\\u0421\\u0442\\u0430\\u0442\\u0443\\u0441\\u044b \\u0437\\u0430\\u043a\\u0430\\u0437\\u0430\",\"Permissions\":{\"Read\":false,\"Write\":false}},{\"Name\":\"Car\",\"RusName\":\"\\u0410\\u0432\\u0442\\u043e\\u043c\\u043e\\u0431\\u0438\\u043b\\u0438\",\"Permissions\":{\"Read\":false,\"Write\":false}},{\"Name\":\"CarMark\",\"RusName\":\"\\u041c\\u0430\\u0440\\u043a\\u0438\",\"Permissions\":{\"Read\":false,\"Write\":false}},{\"Name\":\"CarModel\",\"RusName\":\"\\u041c\\u043e\\u0434\\u0435\\u043b\\u0438\",\"Permissions\":{\"Read\":false,\"Write\":false}},{\"Name\":\"CarCountry\",\"RusName\":\"\\u0421\\u0442\\u0440\\u0430\\u043d\\u044b\",\"Permissions\":{\"Read\":false,\"Write\":false}},{\"Name\":\"CarType\",\"RusName\":\"\\u0422\\u0438\\u043f\\u044b \\u043a\\u0443\\u0437\\u043e\\u0432\\u0430\",\"Permissions\":{\"Read\":false,\"Write\":false}},{\"Name\":\"CarColor\",\"RusName\":\"\\u0426\\u0432\\u0435\\u0442\\u0430\",\"Permissions\":{\"Read\":false,\"Write\":false}},{\"Name\":\"CarMarkModelCountry\",\"RusName\":\"\\u041c\\u0430\\u0440\\u043a\\u0430 - \\u041c\\u043e\\u0434\\u0435\\u043b\\u044c\",\"Permissions\":{\"Read\":false,\"Write\":false}},{\"Name\":\"User\",\"RusName\":\"\\u0421\\u043e\\u0442\\u0440\\u0443\\u0434\\u043d\\u0438\\u043a\\u0438\",\"Permissions\":{\"Read\":true,\"Write\":false}},{\"Name\":\"UserDepartment\",\"RusName\":\"\\u041e\\u0442\\u0434\\u0435\\u043b\\u044b\",\"Permissions\":{\"Read\":false,\"Write\":false}},{\"Name\":\"UserPosition\",\"RusName\":\"\\u0414\\u043e\\u043b\\u0436\\u043d\\u043e\\u0441\\u0442\\u0438\",\"Permissions\":{\"Read\":false,\"Write\":false}},{\"Name\":\"UserStatus\",\"RusName\":\"\\u0421\\u0442\\u0430\\u0442\\u0443\\u0441\\u044b\",\"Permissions\":{\"Read\":false,\"Write\":false}},{\"Name\":\"UserDepartmentPosition\",\"RusName\":\"\\u041e\\u0442\\u0434\\u0435\\u043b - \\u0414\\u043e\\u043b\\u0436\\u043d\\u043e\\u0441\\u0442\\u044c\",\"Permissions\":{\"Read\":false,\"Write\":false}}]}', NULL, 'fcfE541gwD', '2025-06-06 20:08:52', '2025-06-06 20:08:52'),
(9, 'tweber', '$2y$12$ZlEyGovKwvHb0ZEJP5wafuRodiEm6WqB7Wi/qa/ag7us7bHAQMmCC', 'Яков', 'Мухин', 'Викторович', 'feliks.alekseev@example.org', '+79225642358', '2000-08-05', 2, 5, '1982-05-24', 4, '1981-01-08', '{\"Tabs\":[{\"Name\":\"user\",\"RusName\":\"\\u041f\\u043e\\u043b\\u044c\\u0437\\u043e\\u0432\\u0430\\u0442\\u0435\\u043b\\u044c\",\"Permissions\":{\"Read\":true,\"Write\":true}},{\"Name\":\"order\",\"RusName\":\"\\u0417\\u0430\\u043a\\u0430\\u0437\\u044b\",\"Permissions\":{\"Read\":false,\"Write\":false}},{\"Name\":\"report\",\"RusName\":\"\\u041e\\u0442\\u0447\\u0435\\u0442\\u044b\",\"Permissions\":{\"Read\":false,\"Write\":false}},{\"Name\":\"setting\",\"RusName\":\"\\u041d\\u0430\\u0441\\u0442\\u0440\\u043e\\u0439\\u043a\\u0438\",\"Permissions\":{\"Read\":false,\"Write\":false}},{\"Name\":\"dict\",\"RusName\":\"\\u0421\\u043b\\u043e\\u0432\\u0430\\u0440\\u0438\",\"Permissions\":{\"Read\":false,\"Write\":false}}],\"Directories\":[{\"Name\":\"Order\",\"RusName\":\"\\u0417\\u0430\\u043a\\u0430\\u0437\\u044b\",\"Permissions\":{\"Read\":false,\"Write\":false}},{\"Name\":\"Client\",\"RusName\":\"\\u041a\\u043b\\u0438\\u0435\\u043d\\u0442\\u044b\",\"Permissions\":{\"Read\":false,\"Write\":false}},{\"Name\":\"Delivery\",\"RusName\":\"\\u0422\\u0438\\u043f\\u044b \\u0414\\u043e\\u0441\\u0442\\u0430\\u0432\\u043a\\u0438\",\"Permissions\":{\"Read\":false,\"Write\":false}},{\"Name\":\"Payment\",\"RusName\":\"\\u0422\\u0438\\u043f\\u044b \\u041e\\u043f\\u043b\\u0430\\u0442\\u044b\",\"Permissions\":{\"Read\":false,\"Write\":false}},{\"Name\":\"OrderStatus\",\"RusName\":\"\\u0421\\u0442\\u0430\\u0442\\u0443\\u0441\\u044b \\u0437\\u0430\\u043a\\u0430\\u0437\\u0430\",\"Permissions\":{\"Read\":false,\"Write\":false}},{\"Name\":\"Car\",\"RusName\":\"\\u0410\\u0432\\u0442\\u043e\\u043c\\u043e\\u0431\\u0438\\u043b\\u0438\",\"Permissions\":{\"Read\":false,\"Write\":false}},{\"Name\":\"CarMark\",\"RusName\":\"\\u041c\\u0430\\u0440\\u043a\\u0438\",\"Permissions\":{\"Read\":false,\"Write\":false}},{\"Name\":\"CarModel\",\"RusName\":\"\\u041c\\u043e\\u0434\\u0435\\u043b\\u0438\",\"Permissions\":{\"Read\":false,\"Write\":false}},{\"Name\":\"CarCountry\",\"RusName\":\"\\u0421\\u0442\\u0440\\u0430\\u043d\\u044b\",\"Permissions\":{\"Read\":false,\"Write\":false}},{\"Name\":\"CarType\",\"RusName\":\"\\u0422\\u0438\\u043f\\u044b \\u043a\\u0443\\u0437\\u043e\\u0432\\u0430\",\"Permissions\":{\"Read\":false,\"Write\":false}},{\"Name\":\"CarColor\",\"RusName\":\"\\u0426\\u0432\\u0435\\u0442\\u0430\",\"Permissions\":{\"Read\":false,\"Write\":false}},{\"Name\":\"CarMarkModelCountry\",\"RusName\":\"\\u041c\\u0430\\u0440\\u043a\\u0430 - \\u041c\\u043e\\u0434\\u0435\\u043b\\u044c\",\"Permissions\":{\"Read\":false,\"Write\":false}},{\"Name\":\"User\",\"RusName\":\"\\u0421\\u043e\\u0442\\u0440\\u0443\\u0434\\u043d\\u0438\\u043a\\u0438\",\"Permissions\":{\"Read\":true,\"Write\":false}},{\"Name\":\"UserDepartment\",\"RusName\":\"\\u041e\\u0442\\u0434\\u0435\\u043b\\u044b\",\"Permissions\":{\"Read\":false,\"Write\":false}},{\"Name\":\"UserPosition\",\"RusName\":\"\\u0414\\u043e\\u043b\\u0436\\u043d\\u043e\\u0441\\u0442\\u0438\",\"Permissions\":{\"Read\":false,\"Write\":false}},{\"Name\":\"UserStatus\",\"RusName\":\"\\u0421\\u0442\\u0430\\u0442\\u0443\\u0441\\u044b\",\"Permissions\":{\"Read\":false,\"Write\":false}},{\"Name\":\"UserDepartmentPosition\",\"RusName\":\"\\u041e\\u0442\\u0434\\u0435\\u043b - \\u0414\\u043e\\u043b\\u0436\\u043d\\u043e\\u0441\\u0442\\u044c\",\"Permissions\":{\"Read\":false,\"Write\":false}}]}', NULL, 'MWpbP0R3Nb', '2025-06-06 20:08:52', '2025-06-06 20:08:52'),
(10, 'bednar.kristoffer', '$2y$12$ZlEyGovKwvHb0ZEJP5wafuRodiEm6WqB7Wi/qa/ag7us7bHAQMmCC', 'Дмитрий', 'Федосеев', 'Сергеевич', 'lihacev.sofa@example.org', '+79506346170', '2003-06-13', 3, 6, '1988-11-21', 4, '1985-01-08', '{\"Tabs\":[{\"Name\":\"user\",\"RusName\":\"\\u041f\\u043e\\u043b\\u044c\\u0437\\u043e\\u0432\\u0430\\u0442\\u0435\\u043b\\u044c\",\"Permissions\":{\"Read\":true,\"Write\":true}},{\"Name\":\"order\",\"RusName\":\"\\u0417\\u0430\\u043a\\u0430\\u0437\\u044b\",\"Permissions\":{\"Read\":false,\"Write\":false}},{\"Name\":\"report\",\"RusName\":\"\\u041e\\u0442\\u0447\\u0435\\u0442\\u044b\",\"Permissions\":{\"Read\":false,\"Write\":false}},{\"Name\":\"setting\",\"RusName\":\"\\u041d\\u0430\\u0441\\u0442\\u0440\\u043e\\u0439\\u043a\\u0438\",\"Permissions\":{\"Read\":false,\"Write\":false}},{\"Name\":\"dict\",\"RusName\":\"\\u0421\\u043b\\u043e\\u0432\\u0430\\u0440\\u0438\",\"Permissions\":{\"Read\":false,\"Write\":false}}],\"Directories\":[{\"Name\":\"Order\",\"RusName\":\"\\u0417\\u0430\\u043a\\u0430\\u0437\\u044b\",\"Permissions\":{\"Read\":false,\"Write\":false}},{\"Name\":\"Client\",\"RusName\":\"\\u041a\\u043b\\u0438\\u0435\\u043d\\u0442\\u044b\",\"Permissions\":{\"Read\":false,\"Write\":false}},{\"Name\":\"Delivery\",\"RusName\":\"\\u0422\\u0438\\u043f\\u044b \\u0414\\u043e\\u0441\\u0442\\u0430\\u0432\\u043a\\u0438\",\"Permissions\":{\"Read\":false,\"Write\":false}},{\"Name\":\"Payment\",\"RusName\":\"\\u0422\\u0438\\u043f\\u044b \\u041e\\u043f\\u043b\\u0430\\u0442\\u044b\",\"Permissions\":{\"Read\":false,\"Write\":false}},{\"Name\":\"OrderStatus\",\"RusName\":\"\\u0421\\u0442\\u0430\\u0442\\u0443\\u0441\\u044b \\u0437\\u0430\\u043a\\u0430\\u0437\\u0430\",\"Permissions\":{\"Read\":false,\"Write\":false}},{\"Name\":\"Car\",\"RusName\":\"\\u0410\\u0432\\u0442\\u043e\\u043c\\u043e\\u0431\\u0438\\u043b\\u0438\",\"Permissions\":{\"Read\":false,\"Write\":false}},{\"Name\":\"CarMark\",\"RusName\":\"\\u041c\\u0430\\u0440\\u043a\\u0438\",\"Permissions\":{\"Read\":false,\"Write\":false}},{\"Name\":\"CarModel\",\"RusName\":\"\\u041c\\u043e\\u0434\\u0435\\u043b\\u0438\",\"Permissions\":{\"Read\":false,\"Write\":false}},{\"Name\":\"CarCountry\",\"RusName\":\"\\u0421\\u0442\\u0440\\u0430\\u043d\\u044b\",\"Permissions\":{\"Read\":false,\"Write\":false}},{\"Name\":\"CarType\",\"RusName\":\"\\u0422\\u0438\\u043f\\u044b \\u043a\\u0443\\u0437\\u043e\\u0432\\u0430\",\"Permissions\":{\"Read\":false,\"Write\":false}},{\"Name\":\"CarColor\",\"RusName\":\"\\u0426\\u0432\\u0435\\u0442\\u0430\",\"Permissions\":{\"Read\":false,\"Write\":false}},{\"Name\":\"CarMarkModelCountry\",\"RusName\":\"\\u041c\\u0430\\u0440\\u043a\\u0430 - \\u041c\\u043e\\u0434\\u0435\\u043b\\u044c\",\"Permissions\":{\"Read\":false,\"Write\":false}},{\"Name\":\"User\",\"RusName\":\"\\u0421\\u043e\\u0442\\u0440\\u0443\\u0434\\u043d\\u0438\\u043a\\u0438\",\"Permissions\":{\"Read\":true,\"Write\":false}},{\"Name\":\"UserDepartment\",\"RusName\":\"\\u041e\\u0442\\u0434\\u0435\\u043b\\u044b\",\"Permissions\":{\"Read\":false,\"Write\":false}},{\"Name\":\"UserPosition\",\"RusName\":\"\\u0414\\u043e\\u043b\\u0436\\u043d\\u043e\\u0441\\u0442\\u0438\",\"Permissions\":{\"Read\":false,\"Write\":false}},{\"Name\":\"UserStatus\",\"RusName\":\"\\u0421\\u0442\\u0430\\u0442\\u0443\\u0441\\u044b\",\"Permissions\":{\"Read\":false,\"Write\":false}},{\"Name\":\"UserDepartmentPosition\",\"RusName\":\"\\u041e\\u0442\\u0434\\u0435\\u043b - \\u0414\\u043e\\u043b\\u0436\\u043d\\u043e\\u0441\\u0442\\u044c\",\"Permissions\":{\"Read\":false,\"Write\":false}}]}', NULL, 'ubAlJQ1K1O', '2025-06-06 20:08:52', '2025-06-06 20:08:52'),
(11, 'smith.cathy', '$2y$12$ZlEyGovKwvHb0ZEJP5wafuRodiEm6WqB7Wi/qa/ag7us7bHAQMmCC', 'Эдуард', 'Бобылёва', 'Викторович', 'ubelaev@example.net', '+79552722619', '1973-05-03', 6, 9, '2018-10-22', 1, '1978-06-22', '{\"Tabs\":[{\"Name\":\"user\",\"RusName\":\"\\u041f\\u043e\\u043b\\u044c\\u0437\\u043e\\u0432\\u0430\\u0442\\u0435\\u043b\\u044c\",\"Permissions\":{\"Read\":true,\"Write\":true}},{\"Name\":\"order\",\"RusName\":\"\\u0417\\u0430\\u043a\\u0430\\u0437\\u044b\",\"Permissions\":{\"Read\":false,\"Write\":false}},{\"Name\":\"report\",\"RusName\":\"\\u041e\\u0442\\u0447\\u0435\\u0442\\u044b\",\"Permissions\":{\"Read\":false,\"Write\":false}},{\"Name\":\"setting\",\"RusName\":\"\\u041d\\u0430\\u0441\\u0442\\u0440\\u043e\\u0439\\u043a\\u0438\",\"Permissions\":{\"Read\":false,\"Write\":false}},{\"Name\":\"dict\",\"RusName\":\"\\u0421\\u043b\\u043e\\u0432\\u0430\\u0440\\u0438\",\"Permissions\":{\"Read\":false,\"Write\":false}}],\"Directories\":[{\"Name\":\"Order\",\"RusName\":\"\\u0417\\u0430\\u043a\\u0430\\u0437\\u044b\",\"Permissions\":{\"Read\":false,\"Write\":false}},{\"Name\":\"Client\",\"RusName\":\"\\u041a\\u043b\\u0438\\u0435\\u043d\\u0442\\u044b\",\"Permissions\":{\"Read\":false,\"Write\":false}},{\"Name\":\"Delivery\",\"RusName\":\"\\u0422\\u0438\\u043f\\u044b \\u0414\\u043e\\u0441\\u0442\\u0430\\u0432\\u043a\\u0438\",\"Permissions\":{\"Read\":false,\"Write\":false}},{\"Name\":\"Payment\",\"RusName\":\"\\u0422\\u0438\\u043f\\u044b \\u041e\\u043f\\u043b\\u0430\\u0442\\u044b\",\"Permissions\":{\"Read\":false,\"Write\":false}},{\"Name\":\"OrderStatus\",\"RusName\":\"\\u0421\\u0442\\u0430\\u0442\\u0443\\u0441\\u044b \\u0437\\u0430\\u043a\\u0430\\u0437\\u0430\",\"Permissions\":{\"Read\":false,\"Write\":false}},{\"Name\":\"Car\",\"RusName\":\"\\u0410\\u0432\\u0442\\u043e\\u043c\\u043e\\u0431\\u0438\\u043b\\u0438\",\"Permissions\":{\"Read\":false,\"Write\":false}},{\"Name\":\"CarMark\",\"RusName\":\"\\u041c\\u0430\\u0440\\u043a\\u0438\",\"Permissions\":{\"Read\":false,\"Write\":false}},{\"Name\":\"CarModel\",\"RusName\":\"\\u041c\\u043e\\u0434\\u0435\\u043b\\u0438\",\"Permissions\":{\"Read\":false,\"Write\":false}},{\"Name\":\"CarCountry\",\"RusName\":\"\\u0421\\u0442\\u0440\\u0430\\u043d\\u044b\",\"Permissions\":{\"Read\":false,\"Write\":false}},{\"Name\":\"CarType\",\"RusName\":\"\\u0422\\u0438\\u043f\\u044b \\u043a\\u0443\\u0437\\u043e\\u0432\\u0430\",\"Permissions\":{\"Read\":false,\"Write\":false}},{\"Name\":\"CarColor\",\"RusName\":\"\\u0426\\u0432\\u0435\\u0442\\u0430\",\"Permissions\":{\"Read\":false,\"Write\":false}},{\"Name\":\"CarMarkModelCountry\",\"RusName\":\"\\u041c\\u0430\\u0440\\u043a\\u0430 - \\u041c\\u043e\\u0434\\u0435\\u043b\\u044c\",\"Permissions\":{\"Read\":false,\"Write\":false}},{\"Name\":\"User\",\"RusName\":\"\\u0421\\u043e\\u0442\\u0440\\u0443\\u0434\\u043d\\u0438\\u043a\\u0438\",\"Permissions\":{\"Read\":true,\"Write\":false}},{\"Name\":\"UserDepartment\",\"RusName\":\"\\u041e\\u0442\\u0434\\u0435\\u043b\\u044b\",\"Permissions\":{\"Read\":false,\"Write\":false}},{\"Name\":\"UserPosition\",\"RusName\":\"\\u0414\\u043e\\u043b\\u0436\\u043d\\u043e\\u0441\\u0442\\u0438\",\"Permissions\":{\"Read\":false,\"Write\":false}},{\"Name\":\"UserStatus\",\"RusName\":\"\\u0421\\u0442\\u0430\\u0442\\u0443\\u0441\\u044b\",\"Permissions\":{\"Read\":false,\"Write\":false}},{\"Name\":\"UserDepartmentPosition\",\"RusName\":\"\\u041e\\u0442\\u0434\\u0435\\u043b - \\u0414\\u043e\\u043b\\u0436\\u043d\\u043e\\u0441\\u0442\\u044c\",\"Permissions\":{\"Read\":false,\"Write\":false}}]}', NULL, 'ClaUekKtWj', '2025-06-06 20:08:52', '2025-06-06 20:08:52'),
(12, 'pmurphy', '$2y$12$ZlEyGovKwvHb0ZEJP5wafuRodiEm6WqB7Wi/qa/ag7us7bHAQMmCC', 'Эрик', 'Зайцев', 'Александрович', 'taras66@example.org', '+79593217379', '1993-06-11', 6, 11, '2018-10-04', 3, '2020-08-08', '{\"Tabs\":[{\"Name\":\"user\",\"RusName\":\"\\u041f\\u043e\\u043b\\u044c\\u0437\\u043e\\u0432\\u0430\\u0442\\u0435\\u043b\\u044c\",\"Permissions\":{\"Read\":true,\"Write\":true}},{\"Name\":\"order\",\"RusName\":\"\\u0417\\u0430\\u043a\\u0430\\u0437\\u044b\",\"Permissions\":{\"Read\":false,\"Write\":false}},{\"Name\":\"report\",\"RusName\":\"\\u041e\\u0442\\u0447\\u0435\\u0442\\u044b\",\"Permissions\":{\"Read\":false,\"Write\":false}},{\"Name\":\"setting\",\"RusName\":\"\\u041d\\u0430\\u0441\\u0442\\u0440\\u043e\\u0439\\u043a\\u0438\",\"Permissions\":{\"Read\":false,\"Write\":false}},{\"Name\":\"dict\",\"RusName\":\"\\u0421\\u043b\\u043e\\u0432\\u0430\\u0440\\u0438\",\"Permissions\":{\"Read\":false,\"Write\":false}}],\"Directories\":[{\"Name\":\"Order\",\"RusName\":\"\\u0417\\u0430\\u043a\\u0430\\u0437\\u044b\",\"Permissions\":{\"Read\":false,\"Write\":false}},{\"Name\":\"Client\",\"RusName\":\"\\u041a\\u043b\\u0438\\u0435\\u043d\\u0442\\u044b\",\"Permissions\":{\"Read\":false,\"Write\":false}},{\"Name\":\"Delivery\",\"RusName\":\"\\u0422\\u0438\\u043f\\u044b \\u0414\\u043e\\u0441\\u0442\\u0430\\u0432\\u043a\\u0438\",\"Permissions\":{\"Read\":false,\"Write\":false}},{\"Name\":\"Payment\",\"RusName\":\"\\u0422\\u0438\\u043f\\u044b \\u041e\\u043f\\u043b\\u0430\\u0442\\u044b\",\"Permissions\":{\"Read\":false,\"Write\":false}},{\"Name\":\"OrderStatus\",\"RusName\":\"\\u0421\\u0442\\u0430\\u0442\\u0443\\u0441\\u044b \\u0437\\u0430\\u043a\\u0430\\u0437\\u0430\",\"Permissions\":{\"Read\":false,\"Write\":false}},{\"Name\":\"Car\",\"RusName\":\"\\u0410\\u0432\\u0442\\u043e\\u043c\\u043e\\u0431\\u0438\\u043b\\u0438\",\"Permissions\":{\"Read\":false,\"Write\":false}},{\"Name\":\"CarMark\",\"RusName\":\"\\u041c\\u0430\\u0440\\u043a\\u0438\",\"Permissions\":{\"Read\":false,\"Write\":false}},{\"Name\":\"CarModel\",\"RusName\":\"\\u041c\\u043e\\u0434\\u0435\\u043b\\u0438\",\"Permissions\":{\"Read\":false,\"Write\":false}},{\"Name\":\"CarCountry\",\"RusName\":\"\\u0421\\u0442\\u0440\\u0430\\u043d\\u044b\",\"Permissions\":{\"Read\":false,\"Write\":false}},{\"Name\":\"CarType\",\"RusName\":\"\\u0422\\u0438\\u043f\\u044b \\u043a\\u0443\\u0437\\u043e\\u0432\\u0430\",\"Permissions\":{\"Read\":false,\"Write\":false}},{\"Name\":\"CarColor\",\"RusName\":\"\\u0426\\u0432\\u0435\\u0442\\u0430\",\"Permissions\":{\"Read\":false,\"Write\":false}},{\"Name\":\"CarMarkModelCountry\",\"RusName\":\"\\u041c\\u0430\\u0440\\u043a\\u0430 - \\u041c\\u043e\\u0434\\u0435\\u043b\\u044c\",\"Permissions\":{\"Read\":false,\"Write\":false}},{\"Name\":\"User\",\"RusName\":\"\\u0421\\u043e\\u0442\\u0440\\u0443\\u0434\\u043d\\u0438\\u043a\\u0438\",\"Permissions\":{\"Read\":true,\"Write\":false}},{\"Name\":\"UserDepartment\",\"RusName\":\"\\u041e\\u0442\\u0434\\u0435\\u043b\\u044b\",\"Permissions\":{\"Read\":false,\"Write\":false}},{\"Name\":\"UserPosition\",\"RusName\":\"\\u0414\\u043e\\u043b\\u0436\\u043d\\u043e\\u0441\\u0442\\u0438\",\"Permissions\":{\"Read\":false,\"Write\":false}},{\"Name\":\"UserStatus\",\"RusName\":\"\\u0421\\u0442\\u0430\\u0442\\u0443\\u0441\\u044b\",\"Permissions\":{\"Read\":false,\"Write\":false}},{\"Name\":\"UserDepartmentPosition\",\"RusName\":\"\\u041e\\u0442\\u0434\\u0435\\u043b - \\u0414\\u043e\\u043b\\u0436\\u043d\\u043e\\u0441\\u0442\\u044c\",\"Permissions\":{\"Read\":false,\"Write\":false}}]}', NULL, 'wRFUTqx7o7', '2025-06-06 20:08:52', '2025-06-06 20:08:52'),
(13, 'douglas.luigi', '$2y$12$ZlEyGovKwvHb0ZEJP5wafuRodiEm6WqB7Wi/qa/ag7us7bHAQMmCC', 'Тарас', 'Субботин', 'Сергеевич', 'zinaida.uvarova@example.net', '+79298230684', '1991-10-07', 5, 6, '2008-01-29', 3, '1997-02-26', '{\"Tabs\":[{\"Name\":\"user\",\"RusName\":\"\\u041f\\u043e\\u043b\\u044c\\u0437\\u043e\\u0432\\u0430\\u0442\\u0435\\u043b\\u044c\",\"Permissions\":{\"Read\":true,\"Write\":true}},{\"Name\":\"order\",\"RusName\":\"\\u0417\\u0430\\u043a\\u0430\\u0437\\u044b\",\"Permissions\":{\"Read\":false,\"Write\":false}},{\"Name\":\"report\",\"RusName\":\"\\u041e\\u0442\\u0447\\u0435\\u0442\\u044b\",\"Permissions\":{\"Read\":false,\"Write\":false}},{\"Name\":\"setting\",\"RusName\":\"\\u041d\\u0430\\u0441\\u0442\\u0440\\u043e\\u0439\\u043a\\u0438\",\"Permissions\":{\"Read\":false,\"Write\":false}},{\"Name\":\"dict\",\"RusName\":\"\\u0421\\u043b\\u043e\\u0432\\u0430\\u0440\\u0438\",\"Permissions\":{\"Read\":false,\"Write\":false}}],\"Directories\":[{\"Name\":\"Order\",\"RusName\":\"\\u0417\\u0430\\u043a\\u0430\\u0437\\u044b\",\"Permissions\":{\"Read\":false,\"Write\":false}},{\"Name\":\"Client\",\"RusName\":\"\\u041a\\u043b\\u0438\\u0435\\u043d\\u0442\\u044b\",\"Permissions\":{\"Read\":false,\"Write\":false}},{\"Name\":\"Delivery\",\"RusName\":\"\\u0422\\u0438\\u043f\\u044b \\u0414\\u043e\\u0441\\u0442\\u0430\\u0432\\u043a\\u0438\",\"Permissions\":{\"Read\":false,\"Write\":false}},{\"Name\":\"Payment\",\"RusName\":\"\\u0422\\u0438\\u043f\\u044b \\u041e\\u043f\\u043b\\u0430\\u0442\\u044b\",\"Permissions\":{\"Read\":false,\"Write\":false}},{\"Name\":\"OrderStatus\",\"RusName\":\"\\u0421\\u0442\\u0430\\u0442\\u0443\\u0441\\u044b \\u0437\\u0430\\u043a\\u0430\\u0437\\u0430\",\"Permissions\":{\"Read\":false,\"Write\":false}},{\"Name\":\"Car\",\"RusName\":\"\\u0410\\u0432\\u0442\\u043e\\u043c\\u043e\\u0431\\u0438\\u043b\\u0438\",\"Permissions\":{\"Read\":false,\"Write\":false}},{\"Name\":\"CarMark\",\"RusName\":\"\\u041c\\u0430\\u0440\\u043a\\u0438\",\"Permissions\":{\"Read\":false,\"Write\":false}},{\"Name\":\"CarModel\",\"RusName\":\"\\u041c\\u043e\\u0434\\u0435\\u043b\\u0438\",\"Permissions\":{\"Read\":false,\"Write\":false}},{\"Name\":\"CarCountry\",\"RusName\":\"\\u0421\\u0442\\u0440\\u0430\\u043d\\u044b\",\"Permissions\":{\"Read\":false,\"Write\":false}},{\"Name\":\"CarType\",\"RusName\":\"\\u0422\\u0438\\u043f\\u044b \\u043a\\u0443\\u0437\\u043e\\u0432\\u0430\",\"Permissions\":{\"Read\":false,\"Write\":false}},{\"Name\":\"CarColor\",\"RusName\":\"\\u0426\\u0432\\u0435\\u0442\\u0430\",\"Permissions\":{\"Read\":false,\"Write\":false}},{\"Name\":\"CarMarkModelCountry\",\"RusName\":\"\\u041c\\u0430\\u0440\\u043a\\u0430 - \\u041c\\u043e\\u0434\\u0435\\u043b\\u044c\",\"Permissions\":{\"Read\":false,\"Write\":false}},{\"Name\":\"User\",\"RusName\":\"\\u0421\\u043e\\u0442\\u0440\\u0443\\u0434\\u043d\\u0438\\u043a\\u0438\",\"Permissions\":{\"Read\":true,\"Write\":false}},{\"Name\":\"UserDepartment\",\"RusName\":\"\\u041e\\u0442\\u0434\\u0435\\u043b\\u044b\",\"Permissions\":{\"Read\":false,\"Write\":false}},{\"Name\":\"UserPosition\",\"RusName\":\"\\u0414\\u043e\\u043b\\u0436\\u043d\\u043e\\u0441\\u0442\\u0438\",\"Permissions\":{\"Read\":false,\"Write\":false}},{\"Name\":\"UserStatus\",\"RusName\":\"\\u0421\\u0442\\u0430\\u0442\\u0443\\u0441\\u044b\",\"Permissions\":{\"Read\":false,\"Write\":false}},{\"Name\":\"UserDepartmentPosition\",\"RusName\":\"\\u041e\\u0442\\u0434\\u0435\\u043b - \\u0414\\u043e\\u043b\\u0436\\u043d\\u043e\\u0441\\u0442\\u044c\",\"Permissions\":{\"Read\":false,\"Write\":false}}]}', NULL, 'wjQLl5V7pG', '2025-06-06 20:08:52', '2025-06-06 20:08:52'),
(14, 'asawayn', '$2y$12$ZlEyGovKwvHb0ZEJP5wafuRodiEm6WqB7Wi/qa/ag7us7bHAQMmCC', 'Владлен', 'Воробьёва', 'Александрович', 'lilia57@example.com', '+79955682478', '1992-10-27', 2, 5, '2004-08-26', 1, '2012-02-22', '{\"Tabs\":[{\"Name\":\"user\",\"RusName\":\"\\u041f\\u043e\\u043b\\u044c\\u0437\\u043e\\u0432\\u0430\\u0442\\u0435\\u043b\\u044c\",\"Permissions\":{\"Read\":true,\"Write\":true}},{\"Name\":\"order\",\"RusName\":\"\\u0417\\u0430\\u043a\\u0430\\u0437\\u044b\",\"Permissions\":{\"Read\":false,\"Write\":false}},{\"Name\":\"report\",\"RusName\":\"\\u041e\\u0442\\u0447\\u0435\\u0442\\u044b\",\"Permissions\":{\"Read\":false,\"Write\":false}},{\"Name\":\"setting\",\"RusName\":\"\\u041d\\u0430\\u0441\\u0442\\u0440\\u043e\\u0439\\u043a\\u0438\",\"Permissions\":{\"Read\":false,\"Write\":false}},{\"Name\":\"dict\",\"RusName\":\"\\u0421\\u043b\\u043e\\u0432\\u0430\\u0440\\u0438\",\"Permissions\":{\"Read\":false,\"Write\":false}}],\"Directories\":[{\"Name\":\"Order\",\"RusName\":\"\\u0417\\u0430\\u043a\\u0430\\u0437\\u044b\",\"Permissions\":{\"Read\":false,\"Write\":false}},{\"Name\":\"Client\",\"RusName\":\"\\u041a\\u043b\\u0438\\u0435\\u043d\\u0442\\u044b\",\"Permissions\":{\"Read\":false,\"Write\":false}},{\"Name\":\"Delivery\",\"RusName\":\"\\u0422\\u0438\\u043f\\u044b \\u0414\\u043e\\u0441\\u0442\\u0430\\u0432\\u043a\\u0438\",\"Permissions\":{\"Read\":false,\"Write\":false}},{\"Name\":\"Payment\",\"RusName\":\"\\u0422\\u0438\\u043f\\u044b \\u041e\\u043f\\u043b\\u0430\\u0442\\u044b\",\"Permissions\":{\"Read\":false,\"Write\":false}},{\"Name\":\"OrderStatus\",\"RusName\":\"\\u0421\\u0442\\u0430\\u0442\\u0443\\u0441\\u044b \\u0437\\u0430\\u043a\\u0430\\u0437\\u0430\",\"Permissions\":{\"Read\":false,\"Write\":false}},{\"Name\":\"Car\",\"RusName\":\"\\u0410\\u0432\\u0442\\u043e\\u043c\\u043e\\u0431\\u0438\\u043b\\u0438\",\"Permissions\":{\"Read\":false,\"Write\":false}},{\"Name\":\"CarMark\",\"RusName\":\"\\u041c\\u0430\\u0440\\u043a\\u0438\",\"Permissions\":{\"Read\":false,\"Write\":false}},{\"Name\":\"CarModel\",\"RusName\":\"\\u041c\\u043e\\u0434\\u0435\\u043b\\u0438\",\"Permissions\":{\"Read\":false,\"Write\":false}},{\"Name\":\"CarCountry\",\"RusName\":\"\\u0421\\u0442\\u0440\\u0430\\u043d\\u044b\",\"Permissions\":{\"Read\":false,\"Write\":false}},{\"Name\":\"CarType\",\"RusName\":\"\\u0422\\u0438\\u043f\\u044b \\u043a\\u0443\\u0437\\u043e\\u0432\\u0430\",\"Permissions\":{\"Read\":false,\"Write\":false}},{\"Name\":\"CarColor\",\"RusName\":\"\\u0426\\u0432\\u0435\\u0442\\u0430\",\"Permissions\":{\"Read\":false,\"Write\":false}},{\"Name\":\"CarMarkModelCountry\",\"RusName\":\"\\u041c\\u0430\\u0440\\u043a\\u0430 - \\u041c\\u043e\\u0434\\u0435\\u043b\\u044c\",\"Permissions\":{\"Read\":false,\"Write\":false}},{\"Name\":\"User\",\"RusName\":\"\\u0421\\u043e\\u0442\\u0440\\u0443\\u0434\\u043d\\u0438\\u043a\\u0438\",\"Permissions\":{\"Read\":true,\"Write\":false}},{\"Name\":\"UserDepartment\",\"RusName\":\"\\u041e\\u0442\\u0434\\u0435\\u043b\\u044b\",\"Permissions\":{\"Read\":false,\"Write\":false}},{\"Name\":\"UserPosition\",\"RusName\":\"\\u0414\\u043e\\u043b\\u0436\\u043d\\u043e\\u0441\\u0442\\u0438\",\"Permissions\":{\"Read\":false,\"Write\":false}},{\"Name\":\"UserStatus\",\"RusName\":\"\\u0421\\u0442\\u0430\\u0442\\u0443\\u0441\\u044b\",\"Permissions\":{\"Read\":false,\"Write\":false}},{\"Name\":\"UserDepartmentPosition\",\"RusName\":\"\\u041e\\u0442\\u0434\\u0435\\u043b - \\u0414\\u043e\\u043b\\u0436\\u043d\\u043e\\u0441\\u0442\\u044c\",\"Permissions\":{\"Read\":false,\"Write\":false}}]}', NULL, 'OeiUxvWvzK', '2025-06-06 20:08:52', '2025-06-06 20:08:52');
INSERT INTO `users` (`id`, `login`, `password`, `firstname`, `surname`, `patronymic`, `email`, `phone`, `birthday`, `department_id`, `position_id`, `start_work`, `status_id`, `status_at`, `permissions`, `deleted_at`, `remember_token`, `created_at`, `updated_at`) VALUES
(15, 'xmorar', '$2y$12$ZlEyGovKwvHb0ZEJP5wafuRodiEm6WqB7Wi/qa/ag7us7bHAQMmCC', 'Артём', 'Беспалов', 'Николаевич', 'nikita.pavlova@example.com', '+79504400040', '2000-10-29', 1, 3, '1992-04-27', 3, '1972-09-02', '{\"Tabs\":[{\"Name\":\"user\",\"RusName\":\"\\u041f\\u043e\\u043b\\u044c\\u0437\\u043e\\u0432\\u0430\\u0442\\u0435\\u043b\\u044c\",\"Permissions\":{\"Read\":true,\"Write\":true}},{\"Name\":\"order\",\"RusName\":\"\\u0417\\u0430\\u043a\\u0430\\u0437\\u044b\",\"Permissions\":{\"Read\":false,\"Write\":false}},{\"Name\":\"report\",\"RusName\":\"\\u041e\\u0442\\u0447\\u0435\\u0442\\u044b\",\"Permissions\":{\"Read\":false,\"Write\":false}},{\"Name\":\"setting\",\"RusName\":\"\\u041d\\u0430\\u0441\\u0442\\u0440\\u043e\\u0439\\u043a\\u0438\",\"Permissions\":{\"Read\":false,\"Write\":false}},{\"Name\":\"dict\",\"RusName\":\"\\u0421\\u043b\\u043e\\u0432\\u0430\\u0440\\u0438\",\"Permissions\":{\"Read\":false,\"Write\":false}}],\"Directories\":[{\"Name\":\"Order\",\"RusName\":\"\\u0417\\u0430\\u043a\\u0430\\u0437\\u044b\",\"Permissions\":{\"Read\":false,\"Write\":false}},{\"Name\":\"Client\",\"RusName\":\"\\u041a\\u043b\\u0438\\u0435\\u043d\\u0442\\u044b\",\"Permissions\":{\"Read\":false,\"Write\":false}},{\"Name\":\"Delivery\",\"RusName\":\"\\u0422\\u0438\\u043f\\u044b \\u0414\\u043e\\u0441\\u0442\\u0430\\u0432\\u043a\\u0438\",\"Permissions\":{\"Read\":false,\"Write\":false}},{\"Name\":\"Payment\",\"RusName\":\"\\u0422\\u0438\\u043f\\u044b \\u041e\\u043f\\u043b\\u0430\\u0442\\u044b\",\"Permissions\":{\"Read\":false,\"Write\":false}},{\"Name\":\"OrderStatus\",\"RusName\":\"\\u0421\\u0442\\u0430\\u0442\\u0443\\u0441\\u044b \\u0437\\u0430\\u043a\\u0430\\u0437\\u0430\",\"Permissions\":{\"Read\":false,\"Write\":false}},{\"Name\":\"Car\",\"RusName\":\"\\u0410\\u0432\\u0442\\u043e\\u043c\\u043e\\u0431\\u0438\\u043b\\u0438\",\"Permissions\":{\"Read\":false,\"Write\":false}},{\"Name\":\"CarMark\",\"RusName\":\"\\u041c\\u0430\\u0440\\u043a\\u0438\",\"Permissions\":{\"Read\":false,\"Write\":false}},{\"Name\":\"CarModel\",\"RusName\":\"\\u041c\\u043e\\u0434\\u0435\\u043b\\u0438\",\"Permissions\":{\"Read\":false,\"Write\":false}},{\"Name\":\"CarCountry\",\"RusName\":\"\\u0421\\u0442\\u0440\\u0430\\u043d\\u044b\",\"Permissions\":{\"Read\":false,\"Write\":false}},{\"Name\":\"CarType\",\"RusName\":\"\\u0422\\u0438\\u043f\\u044b \\u043a\\u0443\\u0437\\u043e\\u0432\\u0430\",\"Permissions\":{\"Read\":false,\"Write\":false}},{\"Name\":\"CarColor\",\"RusName\":\"\\u0426\\u0432\\u0435\\u0442\\u0430\",\"Permissions\":{\"Read\":false,\"Write\":false}},{\"Name\":\"CarMarkModelCountry\",\"RusName\":\"\\u041c\\u0430\\u0440\\u043a\\u0430 - \\u041c\\u043e\\u0434\\u0435\\u043b\\u044c\",\"Permissions\":{\"Read\":false,\"Write\":false}},{\"Name\":\"User\",\"RusName\":\"\\u0421\\u043e\\u0442\\u0440\\u0443\\u0434\\u043d\\u0438\\u043a\\u0438\",\"Permissions\":{\"Read\":true,\"Write\":false}},{\"Name\":\"UserDepartment\",\"RusName\":\"\\u041e\\u0442\\u0434\\u0435\\u043b\\u044b\",\"Permissions\":{\"Read\":false,\"Write\":false}},{\"Name\":\"UserPosition\",\"RusName\":\"\\u0414\\u043e\\u043b\\u0436\\u043d\\u043e\\u0441\\u0442\\u0438\",\"Permissions\":{\"Read\":false,\"Write\":false}},{\"Name\":\"UserStatus\",\"RusName\":\"\\u0421\\u0442\\u0430\\u0442\\u0443\\u0441\\u044b\",\"Permissions\":{\"Read\":false,\"Write\":false}},{\"Name\":\"UserDepartmentPosition\",\"RusName\":\"\\u041e\\u0442\\u0434\\u0435\\u043b - \\u0414\\u043e\\u043b\\u0436\\u043d\\u043e\\u0441\\u0442\\u044c\",\"Permissions\":{\"Read\":false,\"Write\":false}}]}', NULL, 'rc9jOYX9C4', '2025-06-06 20:08:52', '2025-06-06 20:08:52'),
(16, 'carter.jones', '$2y$12$ZlEyGovKwvHb0ZEJP5wafuRodiEm6WqB7Wi/qa/ag7us7bHAQMmCC', 'Матвей', 'Королёва', 'Михайлович', 'nesterov.ekaterina@example.net', '+79327465996', '1995-06-24', 7, 6, '1971-06-24', 4, '1976-01-11', '{\"Tabs\":[{\"Name\":\"user\",\"RusName\":\"\\u041f\\u043e\\u043b\\u044c\\u0437\\u043e\\u0432\\u0430\\u0442\\u0435\\u043b\\u044c\",\"Permissions\":{\"Read\":true,\"Write\":true}},{\"Name\":\"order\",\"RusName\":\"\\u0417\\u0430\\u043a\\u0430\\u0437\\u044b\",\"Permissions\":{\"Read\":false,\"Write\":false}},{\"Name\":\"report\",\"RusName\":\"\\u041e\\u0442\\u0447\\u0435\\u0442\\u044b\",\"Permissions\":{\"Read\":false,\"Write\":false}},{\"Name\":\"setting\",\"RusName\":\"\\u041d\\u0430\\u0441\\u0442\\u0440\\u043e\\u0439\\u043a\\u0438\",\"Permissions\":{\"Read\":false,\"Write\":false}},{\"Name\":\"dict\",\"RusName\":\"\\u0421\\u043b\\u043e\\u0432\\u0430\\u0440\\u0438\",\"Permissions\":{\"Read\":false,\"Write\":false}}],\"Directories\":[{\"Name\":\"Order\",\"RusName\":\"\\u0417\\u0430\\u043a\\u0430\\u0437\\u044b\",\"Permissions\":{\"Read\":false,\"Write\":false}},{\"Name\":\"Client\",\"RusName\":\"\\u041a\\u043b\\u0438\\u0435\\u043d\\u0442\\u044b\",\"Permissions\":{\"Read\":false,\"Write\":false}},{\"Name\":\"Delivery\",\"RusName\":\"\\u0422\\u0438\\u043f\\u044b \\u0414\\u043e\\u0441\\u0442\\u0430\\u0432\\u043a\\u0438\",\"Permissions\":{\"Read\":false,\"Write\":false}},{\"Name\":\"Payment\",\"RusName\":\"\\u0422\\u0438\\u043f\\u044b \\u041e\\u043f\\u043b\\u0430\\u0442\\u044b\",\"Permissions\":{\"Read\":false,\"Write\":false}},{\"Name\":\"OrderStatus\",\"RusName\":\"\\u0421\\u0442\\u0430\\u0442\\u0443\\u0441\\u044b \\u0437\\u0430\\u043a\\u0430\\u0437\\u0430\",\"Permissions\":{\"Read\":false,\"Write\":false}},{\"Name\":\"Car\",\"RusName\":\"\\u0410\\u0432\\u0442\\u043e\\u043c\\u043e\\u0431\\u0438\\u043b\\u0438\",\"Permissions\":{\"Read\":false,\"Write\":false}},{\"Name\":\"CarMark\",\"RusName\":\"\\u041c\\u0430\\u0440\\u043a\\u0438\",\"Permissions\":{\"Read\":false,\"Write\":false}},{\"Name\":\"CarModel\",\"RusName\":\"\\u041c\\u043e\\u0434\\u0435\\u043b\\u0438\",\"Permissions\":{\"Read\":false,\"Write\":false}},{\"Name\":\"CarCountry\",\"RusName\":\"\\u0421\\u0442\\u0440\\u0430\\u043d\\u044b\",\"Permissions\":{\"Read\":false,\"Write\":false}},{\"Name\":\"CarType\",\"RusName\":\"\\u0422\\u0438\\u043f\\u044b \\u043a\\u0443\\u0437\\u043e\\u0432\\u0430\",\"Permissions\":{\"Read\":false,\"Write\":false}},{\"Name\":\"CarColor\",\"RusName\":\"\\u0426\\u0432\\u0435\\u0442\\u0430\",\"Permissions\":{\"Read\":false,\"Write\":false}},{\"Name\":\"CarMarkModelCountry\",\"RusName\":\"\\u041c\\u0430\\u0440\\u043a\\u0430 - \\u041c\\u043e\\u0434\\u0435\\u043b\\u044c\",\"Permissions\":{\"Read\":false,\"Write\":false}},{\"Name\":\"User\",\"RusName\":\"\\u0421\\u043e\\u0442\\u0440\\u0443\\u0434\\u043d\\u0438\\u043a\\u0438\",\"Permissions\":{\"Read\":true,\"Write\":false}},{\"Name\":\"UserDepartment\",\"RusName\":\"\\u041e\\u0442\\u0434\\u0435\\u043b\\u044b\",\"Permissions\":{\"Read\":false,\"Write\":false}},{\"Name\":\"UserPosition\",\"RusName\":\"\\u0414\\u043e\\u043b\\u0436\\u043d\\u043e\\u0441\\u0442\\u0438\",\"Permissions\":{\"Read\":false,\"Write\":false}},{\"Name\":\"UserStatus\",\"RusName\":\"\\u0421\\u0442\\u0430\\u0442\\u0443\\u0441\\u044b\",\"Permissions\":{\"Read\":false,\"Write\":false}},{\"Name\":\"UserDepartmentPosition\",\"RusName\":\"\\u041e\\u0442\\u0434\\u0435\\u043b - \\u0414\\u043e\\u043b\\u0436\\u043d\\u043e\\u0441\\u0442\\u044c\",\"Permissions\":{\"Read\":false,\"Write\":false}}]}', NULL, 'Y7oeBRU001', '2025-06-06 20:08:52', '2025-06-06 20:08:52'),
(17, 'tyson84', '$2y$12$ZlEyGovKwvHb0ZEJP5wafuRodiEm6WqB7Wi/qa/ag7us7bHAQMmCC', 'Макар', 'Князев', 'Михайлович', 'vadim65@example.com', '+79706896454', '1986-06-09', 4, 12, '1986-08-19', 1, '1985-08-20', '{\"Tabs\":[{\"Name\":\"user\",\"RusName\":\"\\u041f\\u043e\\u043b\\u044c\\u0437\\u043e\\u0432\\u0430\\u0442\\u0435\\u043b\\u044c\",\"Permissions\":{\"Read\":true,\"Write\":true}},{\"Name\":\"order\",\"RusName\":\"\\u0417\\u0430\\u043a\\u0430\\u0437\\u044b\",\"Permissions\":{\"Read\":false,\"Write\":false}},{\"Name\":\"report\",\"RusName\":\"\\u041e\\u0442\\u0447\\u0435\\u0442\\u044b\",\"Permissions\":{\"Read\":false,\"Write\":false}},{\"Name\":\"setting\",\"RusName\":\"\\u041d\\u0430\\u0441\\u0442\\u0440\\u043e\\u0439\\u043a\\u0438\",\"Permissions\":{\"Read\":false,\"Write\":false}},{\"Name\":\"dict\",\"RusName\":\"\\u0421\\u043b\\u043e\\u0432\\u0430\\u0440\\u0438\",\"Permissions\":{\"Read\":false,\"Write\":false}}],\"Directories\":[{\"Name\":\"Order\",\"RusName\":\"\\u0417\\u0430\\u043a\\u0430\\u0437\\u044b\",\"Permissions\":{\"Read\":false,\"Write\":false}},{\"Name\":\"Client\",\"RusName\":\"\\u041a\\u043b\\u0438\\u0435\\u043d\\u0442\\u044b\",\"Permissions\":{\"Read\":false,\"Write\":false}},{\"Name\":\"Delivery\",\"RusName\":\"\\u0422\\u0438\\u043f\\u044b \\u0414\\u043e\\u0441\\u0442\\u0430\\u0432\\u043a\\u0438\",\"Permissions\":{\"Read\":false,\"Write\":false}},{\"Name\":\"Payment\",\"RusName\":\"\\u0422\\u0438\\u043f\\u044b \\u041e\\u043f\\u043b\\u0430\\u0442\\u044b\",\"Permissions\":{\"Read\":false,\"Write\":false}},{\"Name\":\"OrderStatus\",\"RusName\":\"\\u0421\\u0442\\u0430\\u0442\\u0443\\u0441\\u044b \\u0437\\u0430\\u043a\\u0430\\u0437\\u0430\",\"Permissions\":{\"Read\":false,\"Write\":false}},{\"Name\":\"Car\",\"RusName\":\"\\u0410\\u0432\\u0442\\u043e\\u043c\\u043e\\u0431\\u0438\\u043b\\u0438\",\"Permissions\":{\"Read\":false,\"Write\":false}},{\"Name\":\"CarMark\",\"RusName\":\"\\u041c\\u0430\\u0440\\u043a\\u0438\",\"Permissions\":{\"Read\":false,\"Write\":false}},{\"Name\":\"CarModel\",\"RusName\":\"\\u041c\\u043e\\u0434\\u0435\\u043b\\u0438\",\"Permissions\":{\"Read\":false,\"Write\":false}},{\"Name\":\"CarCountry\",\"RusName\":\"\\u0421\\u0442\\u0440\\u0430\\u043d\\u044b\",\"Permissions\":{\"Read\":false,\"Write\":false}},{\"Name\":\"CarType\",\"RusName\":\"\\u0422\\u0438\\u043f\\u044b \\u043a\\u0443\\u0437\\u043e\\u0432\\u0430\",\"Permissions\":{\"Read\":false,\"Write\":false}},{\"Name\":\"CarColor\",\"RusName\":\"\\u0426\\u0432\\u0435\\u0442\\u0430\",\"Permissions\":{\"Read\":false,\"Write\":false}},{\"Name\":\"CarMarkModelCountry\",\"RusName\":\"\\u041c\\u0430\\u0440\\u043a\\u0430 - \\u041c\\u043e\\u0434\\u0435\\u043b\\u044c\",\"Permissions\":{\"Read\":false,\"Write\":false}},{\"Name\":\"User\",\"RusName\":\"\\u0421\\u043e\\u0442\\u0440\\u0443\\u0434\\u043d\\u0438\\u043a\\u0438\",\"Permissions\":{\"Read\":true,\"Write\":false}},{\"Name\":\"UserDepartment\",\"RusName\":\"\\u041e\\u0442\\u0434\\u0435\\u043b\\u044b\",\"Permissions\":{\"Read\":false,\"Write\":false}},{\"Name\":\"UserPosition\",\"RusName\":\"\\u0414\\u043e\\u043b\\u0436\\u043d\\u043e\\u0441\\u0442\\u0438\",\"Permissions\":{\"Read\":false,\"Write\":false}},{\"Name\":\"UserStatus\",\"RusName\":\"\\u0421\\u0442\\u0430\\u0442\\u0443\\u0441\\u044b\",\"Permissions\":{\"Read\":false,\"Write\":false}},{\"Name\":\"UserDepartmentPosition\",\"RusName\":\"\\u041e\\u0442\\u0434\\u0435\\u043b - \\u0414\\u043e\\u043b\\u0436\\u043d\\u043e\\u0441\\u0442\\u044c\",\"Permissions\":{\"Read\":false,\"Write\":false}}]}', NULL, '4ylOyX5JOi', '2025-06-06 20:08:53', '2025-06-06 20:08:53'),
(18, 'sferry', '$2y$12$ZlEyGovKwvHb0ZEJP5wafuRodiEm6WqB7Wi/qa/ag7us7bHAQMmCC', 'Тимур', 'Мухина', 'Дмитриевич', 'rozkova.valerian@example.net', '+79347868620', '1995-02-15', 4, 6, '2009-08-11', 3, '1975-11-20', '{\"Tabs\":[{\"Name\":\"user\",\"RusName\":\"\\u041f\\u043e\\u043b\\u044c\\u0437\\u043e\\u0432\\u0430\\u0442\\u0435\\u043b\\u044c\",\"Permissions\":{\"Read\":true,\"Write\":true}},{\"Name\":\"order\",\"RusName\":\"\\u0417\\u0430\\u043a\\u0430\\u0437\\u044b\",\"Permissions\":{\"Read\":false,\"Write\":false}},{\"Name\":\"report\",\"RusName\":\"\\u041e\\u0442\\u0447\\u0435\\u0442\\u044b\",\"Permissions\":{\"Read\":false,\"Write\":false}},{\"Name\":\"setting\",\"RusName\":\"\\u041d\\u0430\\u0441\\u0442\\u0440\\u043e\\u0439\\u043a\\u0438\",\"Permissions\":{\"Read\":false,\"Write\":false}},{\"Name\":\"dict\",\"RusName\":\"\\u0421\\u043b\\u043e\\u0432\\u0430\\u0440\\u0438\",\"Permissions\":{\"Read\":false,\"Write\":false}}],\"Directories\":[{\"Name\":\"Order\",\"RusName\":\"\\u0417\\u0430\\u043a\\u0430\\u0437\\u044b\",\"Permissions\":{\"Read\":false,\"Write\":false}},{\"Name\":\"Client\",\"RusName\":\"\\u041a\\u043b\\u0438\\u0435\\u043d\\u0442\\u044b\",\"Permissions\":{\"Read\":false,\"Write\":false}},{\"Name\":\"Delivery\",\"RusName\":\"\\u0422\\u0438\\u043f\\u044b \\u0414\\u043e\\u0441\\u0442\\u0430\\u0432\\u043a\\u0438\",\"Permissions\":{\"Read\":false,\"Write\":false}},{\"Name\":\"Payment\",\"RusName\":\"\\u0422\\u0438\\u043f\\u044b \\u041e\\u043f\\u043b\\u0430\\u0442\\u044b\",\"Permissions\":{\"Read\":false,\"Write\":false}},{\"Name\":\"OrderStatus\",\"RusName\":\"\\u0421\\u0442\\u0430\\u0442\\u0443\\u0441\\u044b \\u0437\\u0430\\u043a\\u0430\\u0437\\u0430\",\"Permissions\":{\"Read\":false,\"Write\":false}},{\"Name\":\"Car\",\"RusName\":\"\\u0410\\u0432\\u0442\\u043e\\u043c\\u043e\\u0431\\u0438\\u043b\\u0438\",\"Permissions\":{\"Read\":false,\"Write\":false}},{\"Name\":\"CarMark\",\"RusName\":\"\\u041c\\u0430\\u0440\\u043a\\u0438\",\"Permissions\":{\"Read\":false,\"Write\":false}},{\"Name\":\"CarModel\",\"RusName\":\"\\u041c\\u043e\\u0434\\u0435\\u043b\\u0438\",\"Permissions\":{\"Read\":false,\"Write\":false}},{\"Name\":\"CarCountry\",\"RusName\":\"\\u0421\\u0442\\u0440\\u0430\\u043d\\u044b\",\"Permissions\":{\"Read\":false,\"Write\":false}},{\"Name\":\"CarType\",\"RusName\":\"\\u0422\\u0438\\u043f\\u044b \\u043a\\u0443\\u0437\\u043e\\u0432\\u0430\",\"Permissions\":{\"Read\":false,\"Write\":false}},{\"Name\":\"CarColor\",\"RusName\":\"\\u0426\\u0432\\u0435\\u0442\\u0430\",\"Permissions\":{\"Read\":false,\"Write\":false}},{\"Name\":\"CarMarkModelCountry\",\"RusName\":\"\\u041c\\u0430\\u0440\\u043a\\u0430 - \\u041c\\u043e\\u0434\\u0435\\u043b\\u044c\",\"Permissions\":{\"Read\":false,\"Write\":false}},{\"Name\":\"User\",\"RusName\":\"\\u0421\\u043e\\u0442\\u0440\\u0443\\u0434\\u043d\\u0438\\u043a\\u0438\",\"Permissions\":{\"Read\":true,\"Write\":false}},{\"Name\":\"UserDepartment\",\"RusName\":\"\\u041e\\u0442\\u0434\\u0435\\u043b\\u044b\",\"Permissions\":{\"Read\":false,\"Write\":false}},{\"Name\":\"UserPosition\",\"RusName\":\"\\u0414\\u043e\\u043b\\u0436\\u043d\\u043e\\u0441\\u0442\\u0438\",\"Permissions\":{\"Read\":false,\"Write\":false}},{\"Name\":\"UserStatus\",\"RusName\":\"\\u0421\\u0442\\u0430\\u0442\\u0443\\u0441\\u044b\",\"Permissions\":{\"Read\":false,\"Write\":false}},{\"Name\":\"UserDepartmentPosition\",\"RusName\":\"\\u041e\\u0442\\u0434\\u0435\\u043b - \\u0414\\u043e\\u043b\\u0436\\u043d\\u043e\\u0441\\u0442\\u044c\",\"Permissions\":{\"Read\":false,\"Write\":false}}]}', NULL, 'pwrUWRSND5', '2025-06-06 20:08:53', '2025-06-06 20:08:53'),
(19, 'thammes', '$2y$12$ZlEyGovKwvHb0ZEJP5wafuRodiEm6WqB7Wi/qa/ag7us7bHAQMmCC', 'Август', 'Захаров', 'Владимирович', 'sorokina.vaceslav@example.com', '+79949687282', '2002-09-17', 6, 6, '2016-12-21', 4, '1980-12-20', '{\"Tabs\":[{\"Name\":\"user\",\"RusName\":\"\\u041f\\u043e\\u043b\\u044c\\u0437\\u043e\\u0432\\u0430\\u0442\\u0435\\u043b\\u044c\",\"Permissions\":{\"Read\":true,\"Write\":true}},{\"Name\":\"order\",\"RusName\":\"\\u0417\\u0430\\u043a\\u0430\\u0437\\u044b\",\"Permissions\":{\"Read\":false,\"Write\":false}},{\"Name\":\"report\",\"RusName\":\"\\u041e\\u0442\\u0447\\u0435\\u0442\\u044b\",\"Permissions\":{\"Read\":false,\"Write\":false}},{\"Name\":\"setting\",\"RusName\":\"\\u041d\\u0430\\u0441\\u0442\\u0440\\u043e\\u0439\\u043a\\u0438\",\"Permissions\":{\"Read\":false,\"Write\":false}},{\"Name\":\"dict\",\"RusName\":\"\\u0421\\u043b\\u043e\\u0432\\u0430\\u0440\\u0438\",\"Permissions\":{\"Read\":false,\"Write\":false}}],\"Directories\":[{\"Name\":\"Order\",\"RusName\":\"\\u0417\\u0430\\u043a\\u0430\\u0437\\u044b\",\"Permissions\":{\"Read\":false,\"Write\":false}},{\"Name\":\"Client\",\"RusName\":\"\\u041a\\u043b\\u0438\\u0435\\u043d\\u0442\\u044b\",\"Permissions\":{\"Read\":false,\"Write\":false}},{\"Name\":\"Delivery\",\"RusName\":\"\\u0422\\u0438\\u043f\\u044b \\u0414\\u043e\\u0441\\u0442\\u0430\\u0432\\u043a\\u0438\",\"Permissions\":{\"Read\":false,\"Write\":false}},{\"Name\":\"Payment\",\"RusName\":\"\\u0422\\u0438\\u043f\\u044b \\u041e\\u043f\\u043b\\u0430\\u0442\\u044b\",\"Permissions\":{\"Read\":false,\"Write\":false}},{\"Name\":\"OrderStatus\",\"RusName\":\"\\u0421\\u0442\\u0430\\u0442\\u0443\\u0441\\u044b \\u0437\\u0430\\u043a\\u0430\\u0437\\u0430\",\"Permissions\":{\"Read\":false,\"Write\":false}},{\"Name\":\"Car\",\"RusName\":\"\\u0410\\u0432\\u0442\\u043e\\u043c\\u043e\\u0431\\u0438\\u043b\\u0438\",\"Permissions\":{\"Read\":false,\"Write\":false}},{\"Name\":\"CarMark\",\"RusName\":\"\\u041c\\u0430\\u0440\\u043a\\u0438\",\"Permissions\":{\"Read\":false,\"Write\":false}},{\"Name\":\"CarModel\",\"RusName\":\"\\u041c\\u043e\\u0434\\u0435\\u043b\\u0438\",\"Permissions\":{\"Read\":false,\"Write\":false}},{\"Name\":\"CarCountry\",\"RusName\":\"\\u0421\\u0442\\u0440\\u0430\\u043d\\u044b\",\"Permissions\":{\"Read\":false,\"Write\":false}},{\"Name\":\"CarType\",\"RusName\":\"\\u0422\\u0438\\u043f\\u044b \\u043a\\u0443\\u0437\\u043e\\u0432\\u0430\",\"Permissions\":{\"Read\":false,\"Write\":false}},{\"Name\":\"CarColor\",\"RusName\":\"\\u0426\\u0432\\u0435\\u0442\\u0430\",\"Permissions\":{\"Read\":false,\"Write\":false}},{\"Name\":\"CarMarkModelCountry\",\"RusName\":\"\\u041c\\u0430\\u0440\\u043a\\u0430 - \\u041c\\u043e\\u0434\\u0435\\u043b\\u044c\",\"Permissions\":{\"Read\":false,\"Write\":false}},{\"Name\":\"User\",\"RusName\":\"\\u0421\\u043e\\u0442\\u0440\\u0443\\u0434\\u043d\\u0438\\u043a\\u0438\",\"Permissions\":{\"Read\":true,\"Write\":false}},{\"Name\":\"UserDepartment\",\"RusName\":\"\\u041e\\u0442\\u0434\\u0435\\u043b\\u044b\",\"Permissions\":{\"Read\":false,\"Write\":false}},{\"Name\":\"UserPosition\",\"RusName\":\"\\u0414\\u043e\\u043b\\u0436\\u043d\\u043e\\u0441\\u0442\\u0438\",\"Permissions\":{\"Read\":false,\"Write\":false}},{\"Name\":\"UserStatus\",\"RusName\":\"\\u0421\\u0442\\u0430\\u0442\\u0443\\u0441\\u044b\",\"Permissions\":{\"Read\":false,\"Write\":false}},{\"Name\":\"UserDepartmentPosition\",\"RusName\":\"\\u041e\\u0442\\u0434\\u0435\\u043b - \\u0414\\u043e\\u043b\\u0436\\u043d\\u043e\\u0441\\u0442\\u044c\",\"Permissions\":{\"Read\":false,\"Write\":false}}]}', NULL, 'DBGTuQ7v6w', '2025-06-06 20:08:53', '2025-06-06 20:08:53'),
(20, 'lueilwitz.leilani', '$2y$12$ZlEyGovKwvHb0ZEJP5wafuRodiEm6WqB7Wi/qa/ag7us7bHAQMmCC', 'Август', 'Гаврилов', 'Викторович', 'nesterov.alisa@example.com', '+79029261356', '2004-09-10', 5, 6, '1993-08-11', 3, '1986-03-30', '{\"Tabs\":[{\"Name\":\"user\",\"RusName\":\"\\u041f\\u043e\\u043b\\u044c\\u0437\\u043e\\u0432\\u0430\\u0442\\u0435\\u043b\\u044c\",\"Permissions\":{\"Read\":true,\"Write\":true}},{\"Name\":\"order\",\"RusName\":\"\\u0417\\u0430\\u043a\\u0430\\u0437\\u044b\",\"Permissions\":{\"Read\":false,\"Write\":false}},{\"Name\":\"report\",\"RusName\":\"\\u041e\\u0442\\u0447\\u0435\\u0442\\u044b\",\"Permissions\":{\"Read\":false,\"Write\":false}},{\"Name\":\"setting\",\"RusName\":\"\\u041d\\u0430\\u0441\\u0442\\u0440\\u043e\\u0439\\u043a\\u0438\",\"Permissions\":{\"Read\":false,\"Write\":false}},{\"Name\":\"dict\",\"RusName\":\"\\u0421\\u043b\\u043e\\u0432\\u0430\\u0440\\u0438\",\"Permissions\":{\"Read\":false,\"Write\":false}}],\"Directories\":[{\"Name\":\"Order\",\"RusName\":\"\\u0417\\u0430\\u043a\\u0430\\u0437\\u044b\",\"Permissions\":{\"Read\":false,\"Write\":false}},{\"Name\":\"Client\",\"RusName\":\"\\u041a\\u043b\\u0438\\u0435\\u043d\\u0442\\u044b\",\"Permissions\":{\"Read\":false,\"Write\":false}},{\"Name\":\"Delivery\",\"RusName\":\"\\u0422\\u0438\\u043f\\u044b \\u0414\\u043e\\u0441\\u0442\\u0430\\u0432\\u043a\\u0438\",\"Permissions\":{\"Read\":false,\"Write\":false}},{\"Name\":\"Payment\",\"RusName\":\"\\u0422\\u0438\\u043f\\u044b \\u041e\\u043f\\u043b\\u0430\\u0442\\u044b\",\"Permissions\":{\"Read\":false,\"Write\":false}},{\"Name\":\"OrderStatus\",\"RusName\":\"\\u0421\\u0442\\u0430\\u0442\\u0443\\u0441\\u044b \\u0437\\u0430\\u043a\\u0430\\u0437\\u0430\",\"Permissions\":{\"Read\":false,\"Write\":false}},{\"Name\":\"Car\",\"RusName\":\"\\u0410\\u0432\\u0442\\u043e\\u043c\\u043e\\u0431\\u0438\\u043b\\u0438\",\"Permissions\":{\"Read\":false,\"Write\":false}},{\"Name\":\"CarMark\",\"RusName\":\"\\u041c\\u0430\\u0440\\u043a\\u0438\",\"Permissions\":{\"Read\":false,\"Write\":false}},{\"Name\":\"CarModel\",\"RusName\":\"\\u041c\\u043e\\u0434\\u0435\\u043b\\u0438\",\"Permissions\":{\"Read\":false,\"Write\":false}},{\"Name\":\"CarCountry\",\"RusName\":\"\\u0421\\u0442\\u0440\\u0430\\u043d\\u044b\",\"Permissions\":{\"Read\":false,\"Write\":false}},{\"Name\":\"CarType\",\"RusName\":\"\\u0422\\u0438\\u043f\\u044b \\u043a\\u0443\\u0437\\u043e\\u0432\\u0430\",\"Permissions\":{\"Read\":false,\"Write\":false}},{\"Name\":\"CarColor\",\"RusName\":\"\\u0426\\u0432\\u0435\\u0442\\u0430\",\"Permissions\":{\"Read\":false,\"Write\":false}},{\"Name\":\"CarMarkModelCountry\",\"RusName\":\"\\u041c\\u0430\\u0440\\u043a\\u0430 - \\u041c\\u043e\\u0434\\u0435\\u043b\\u044c\",\"Permissions\":{\"Read\":false,\"Write\":false}},{\"Name\":\"User\",\"RusName\":\"\\u0421\\u043e\\u0442\\u0440\\u0443\\u0434\\u043d\\u0438\\u043a\\u0438\",\"Permissions\":{\"Read\":true,\"Write\":false}},{\"Name\":\"UserDepartment\",\"RusName\":\"\\u041e\\u0442\\u0434\\u0435\\u043b\\u044b\",\"Permissions\":{\"Read\":false,\"Write\":false}},{\"Name\":\"UserPosition\",\"RusName\":\"\\u0414\\u043e\\u043b\\u0436\\u043d\\u043e\\u0441\\u0442\\u0438\",\"Permissions\":{\"Read\":false,\"Write\":false}},{\"Name\":\"UserStatus\",\"RusName\":\"\\u0421\\u0442\\u0430\\u0442\\u0443\\u0441\\u044b\",\"Permissions\":{\"Read\":false,\"Write\":false}},{\"Name\":\"UserDepartmentPosition\",\"RusName\":\"\\u041e\\u0442\\u0434\\u0435\\u043b - \\u0414\\u043e\\u043b\\u0436\\u043d\\u043e\\u0441\\u0442\\u044c\",\"Permissions\":{\"Read\":false,\"Write\":false}}]}', NULL, '9xpqqmX9Ld', '2025-06-06 20:08:53', '2025-06-06 20:08:53'),
(21, 'skyla.kozey', '$2y$12$ZlEyGovKwvHb0ZEJP5wafuRodiEm6WqB7Wi/qa/ag7us7bHAQMmCC', 'Максим', 'Фокин', 'Иванович', 'aroslav79@example.org', '+79108757259', '2004-09-11', 2, 4, '1982-04-12', 1, '1971-11-22', '{\"Tabs\":[{\"Name\":\"user\",\"RusName\":\"\\u041f\\u043e\\u043b\\u044c\\u0437\\u043e\\u0432\\u0430\\u0442\\u0435\\u043b\\u044c\",\"Permissions\":{\"Read\":true,\"Write\":true}},{\"Name\":\"order\",\"RusName\":\"\\u0417\\u0430\\u043a\\u0430\\u0437\\u044b\",\"Permissions\":{\"Read\":false,\"Write\":false}},{\"Name\":\"report\",\"RusName\":\"\\u041e\\u0442\\u0447\\u0435\\u0442\\u044b\",\"Permissions\":{\"Read\":false,\"Write\":false}},{\"Name\":\"setting\",\"RusName\":\"\\u041d\\u0430\\u0441\\u0442\\u0440\\u043e\\u0439\\u043a\\u0438\",\"Permissions\":{\"Read\":false,\"Write\":false}},{\"Name\":\"dict\",\"RusName\":\"\\u0421\\u043b\\u043e\\u0432\\u0430\\u0440\\u0438\",\"Permissions\":{\"Read\":false,\"Write\":false}}],\"Directories\":[{\"Name\":\"Order\",\"RusName\":\"\\u0417\\u0430\\u043a\\u0430\\u0437\\u044b\",\"Permissions\":{\"Read\":false,\"Write\":false}},{\"Name\":\"Client\",\"RusName\":\"\\u041a\\u043b\\u0438\\u0435\\u043d\\u0442\\u044b\",\"Permissions\":{\"Read\":false,\"Write\":false}},{\"Name\":\"Delivery\",\"RusName\":\"\\u0422\\u0438\\u043f\\u044b \\u0414\\u043e\\u0441\\u0442\\u0430\\u0432\\u043a\\u0438\",\"Permissions\":{\"Read\":false,\"Write\":false}},{\"Name\":\"Payment\",\"RusName\":\"\\u0422\\u0438\\u043f\\u044b \\u041e\\u043f\\u043b\\u0430\\u0442\\u044b\",\"Permissions\":{\"Read\":false,\"Write\":false}},{\"Name\":\"OrderStatus\",\"RusName\":\"\\u0421\\u0442\\u0430\\u0442\\u0443\\u0441\\u044b \\u0437\\u0430\\u043a\\u0430\\u0437\\u0430\",\"Permissions\":{\"Read\":false,\"Write\":false}},{\"Name\":\"Car\",\"RusName\":\"\\u0410\\u0432\\u0442\\u043e\\u043c\\u043e\\u0431\\u0438\\u043b\\u0438\",\"Permissions\":{\"Read\":false,\"Write\":false}},{\"Name\":\"CarMark\",\"RusName\":\"\\u041c\\u0430\\u0440\\u043a\\u0438\",\"Permissions\":{\"Read\":false,\"Write\":false}},{\"Name\":\"CarModel\",\"RusName\":\"\\u041c\\u043e\\u0434\\u0435\\u043b\\u0438\",\"Permissions\":{\"Read\":false,\"Write\":false}},{\"Name\":\"CarCountry\",\"RusName\":\"\\u0421\\u0442\\u0440\\u0430\\u043d\\u044b\",\"Permissions\":{\"Read\":false,\"Write\":false}},{\"Name\":\"CarType\",\"RusName\":\"\\u0422\\u0438\\u043f\\u044b \\u043a\\u0443\\u0437\\u043e\\u0432\\u0430\",\"Permissions\":{\"Read\":false,\"Write\":false}},{\"Name\":\"CarColor\",\"RusName\":\"\\u0426\\u0432\\u0435\\u0442\\u0430\",\"Permissions\":{\"Read\":false,\"Write\":false}},{\"Name\":\"CarMarkModelCountry\",\"RusName\":\"\\u041c\\u0430\\u0440\\u043a\\u0430 - \\u041c\\u043e\\u0434\\u0435\\u043b\\u044c\",\"Permissions\":{\"Read\":false,\"Write\":false}},{\"Name\":\"User\",\"RusName\":\"\\u0421\\u043e\\u0442\\u0440\\u0443\\u0434\\u043d\\u0438\\u043a\\u0438\",\"Permissions\":{\"Read\":true,\"Write\":false}},{\"Name\":\"UserDepartment\",\"RusName\":\"\\u041e\\u0442\\u0434\\u0435\\u043b\\u044b\",\"Permissions\":{\"Read\":false,\"Write\":false}},{\"Name\":\"UserPosition\",\"RusName\":\"\\u0414\\u043e\\u043b\\u0436\\u043d\\u043e\\u0441\\u0442\\u0438\",\"Permissions\":{\"Read\":false,\"Write\":false}},{\"Name\":\"UserStatus\",\"RusName\":\"\\u0421\\u0442\\u0430\\u0442\\u0443\\u0441\\u044b\",\"Permissions\":{\"Read\":false,\"Write\":false}},{\"Name\":\"UserDepartmentPosition\",\"RusName\":\"\\u041e\\u0442\\u0434\\u0435\\u043b - \\u0414\\u043e\\u043b\\u0436\\u043d\\u043e\\u0441\\u0442\\u044c\",\"Permissions\":{\"Read\":false,\"Write\":false}}]}', NULL, 'V85hjrkCS0', '2025-06-06 20:08:53', '2025-06-06 20:08:53'),
(22, 'madeline51', '$2y$12$ZlEyGovKwvHb0ZEJP5wafuRodiEm6WqB7Wi/qa/ag7us7bHAQMmCC', 'Спартак', 'Щукина', 'Николаевич', 'okorolev@example.net', '+79143218974', '1983-12-02', 2, 5, '2016-11-17', 3, '2019-08-17', '{\"Tabs\":[{\"Name\":\"user\",\"RusName\":\"\\u041f\\u043e\\u043b\\u044c\\u0437\\u043e\\u0432\\u0430\\u0442\\u0435\\u043b\\u044c\",\"Permissions\":{\"Read\":true,\"Write\":true}},{\"Name\":\"order\",\"RusName\":\"\\u0417\\u0430\\u043a\\u0430\\u0437\\u044b\",\"Permissions\":{\"Read\":false,\"Write\":false}},{\"Name\":\"report\",\"RusName\":\"\\u041e\\u0442\\u0447\\u0435\\u0442\\u044b\",\"Permissions\":{\"Read\":false,\"Write\":false}},{\"Name\":\"setting\",\"RusName\":\"\\u041d\\u0430\\u0441\\u0442\\u0440\\u043e\\u0439\\u043a\\u0438\",\"Permissions\":{\"Read\":false,\"Write\":false}},{\"Name\":\"dict\",\"RusName\":\"\\u0421\\u043b\\u043e\\u0432\\u0430\\u0440\\u0438\",\"Permissions\":{\"Read\":false,\"Write\":false}}],\"Directories\":[{\"Name\":\"Order\",\"RusName\":\"\\u0417\\u0430\\u043a\\u0430\\u0437\\u044b\",\"Permissions\":{\"Read\":false,\"Write\":false}},{\"Name\":\"Client\",\"RusName\":\"\\u041a\\u043b\\u0438\\u0435\\u043d\\u0442\\u044b\",\"Permissions\":{\"Read\":false,\"Write\":false}},{\"Name\":\"Delivery\",\"RusName\":\"\\u0422\\u0438\\u043f\\u044b \\u0414\\u043e\\u0441\\u0442\\u0430\\u0432\\u043a\\u0438\",\"Permissions\":{\"Read\":false,\"Write\":false}},{\"Name\":\"Payment\",\"RusName\":\"\\u0422\\u0438\\u043f\\u044b \\u041e\\u043f\\u043b\\u0430\\u0442\\u044b\",\"Permissions\":{\"Read\":false,\"Write\":false}},{\"Name\":\"OrderStatus\",\"RusName\":\"\\u0421\\u0442\\u0430\\u0442\\u0443\\u0441\\u044b \\u0437\\u0430\\u043a\\u0430\\u0437\\u0430\",\"Permissions\":{\"Read\":false,\"Write\":false}},{\"Name\":\"Car\",\"RusName\":\"\\u0410\\u0432\\u0442\\u043e\\u043c\\u043e\\u0431\\u0438\\u043b\\u0438\",\"Permissions\":{\"Read\":false,\"Write\":false}},{\"Name\":\"CarMark\",\"RusName\":\"\\u041c\\u0430\\u0440\\u043a\\u0438\",\"Permissions\":{\"Read\":false,\"Write\":false}},{\"Name\":\"CarModel\",\"RusName\":\"\\u041c\\u043e\\u0434\\u0435\\u043b\\u0438\",\"Permissions\":{\"Read\":false,\"Write\":false}},{\"Name\":\"CarCountry\",\"RusName\":\"\\u0421\\u0442\\u0440\\u0430\\u043d\\u044b\",\"Permissions\":{\"Read\":false,\"Write\":false}},{\"Name\":\"CarType\",\"RusName\":\"\\u0422\\u0438\\u043f\\u044b \\u043a\\u0443\\u0437\\u043e\\u0432\\u0430\",\"Permissions\":{\"Read\":false,\"Write\":false}},{\"Name\":\"CarColor\",\"RusName\":\"\\u0426\\u0432\\u0435\\u0442\\u0430\",\"Permissions\":{\"Read\":false,\"Write\":false}},{\"Name\":\"CarMarkModelCountry\",\"RusName\":\"\\u041c\\u0430\\u0440\\u043a\\u0430 - \\u041c\\u043e\\u0434\\u0435\\u043b\\u044c\",\"Permissions\":{\"Read\":false,\"Write\":false}},{\"Name\":\"User\",\"RusName\":\"\\u0421\\u043e\\u0442\\u0440\\u0443\\u0434\\u043d\\u0438\\u043a\\u0438\",\"Permissions\":{\"Read\":true,\"Write\":false}},{\"Name\":\"UserDepartment\",\"RusName\":\"\\u041e\\u0442\\u0434\\u0435\\u043b\\u044b\",\"Permissions\":{\"Read\":false,\"Write\":false}},{\"Name\":\"UserPosition\",\"RusName\":\"\\u0414\\u043e\\u043b\\u0436\\u043d\\u043e\\u0441\\u0442\\u0438\",\"Permissions\":{\"Read\":false,\"Write\":false}},{\"Name\":\"UserStatus\",\"RusName\":\"\\u0421\\u0442\\u0430\\u0442\\u0443\\u0441\\u044b\",\"Permissions\":{\"Read\":false,\"Write\":false}},{\"Name\":\"UserDepartmentPosition\",\"RusName\":\"\\u041e\\u0442\\u0434\\u0435\\u043b - \\u0414\\u043e\\u043b\\u0436\\u043d\\u043e\\u0441\\u0442\\u044c\",\"Permissions\":{\"Read\":false,\"Write\":false}}]}', NULL, '3a2Di6oR6N', '2025-06-06 20:08:53', '2025-06-06 20:08:53'),
(23, 'monique14', '$2y$12$ZlEyGovKwvHb0ZEJP5wafuRodiEm6WqB7Wi/qa/ag7us7bHAQMmCC', 'Лаврентий', 'Крюкова', 'Сергеевич', 'andrej.mironova@example.org', '+79400827064', '1972-03-17', 6, 11, '2016-12-20', 3, '2004-03-06', '{\"Tabs\":[{\"Name\":\"user\",\"RusName\":\"\\u041f\\u043e\\u043b\\u044c\\u0437\\u043e\\u0432\\u0430\\u0442\\u0435\\u043b\\u044c\",\"Permissions\":{\"Read\":true,\"Write\":true}},{\"Name\":\"order\",\"RusName\":\"\\u0417\\u0430\\u043a\\u0430\\u0437\\u044b\",\"Permissions\":{\"Read\":false,\"Write\":false}},{\"Name\":\"report\",\"RusName\":\"\\u041e\\u0442\\u0447\\u0435\\u0442\\u044b\",\"Permissions\":{\"Read\":false,\"Write\":false}},{\"Name\":\"setting\",\"RusName\":\"\\u041d\\u0430\\u0441\\u0442\\u0440\\u043e\\u0439\\u043a\\u0438\",\"Permissions\":{\"Read\":false,\"Write\":false}},{\"Name\":\"dict\",\"RusName\":\"\\u0421\\u043b\\u043e\\u0432\\u0430\\u0440\\u0438\",\"Permissions\":{\"Read\":false,\"Write\":false}}],\"Directories\":[{\"Name\":\"Order\",\"RusName\":\"\\u0417\\u0430\\u043a\\u0430\\u0437\\u044b\",\"Permissions\":{\"Read\":false,\"Write\":false}},{\"Name\":\"Client\",\"RusName\":\"\\u041a\\u043b\\u0438\\u0435\\u043d\\u0442\\u044b\",\"Permissions\":{\"Read\":false,\"Write\":false}},{\"Name\":\"Delivery\",\"RusName\":\"\\u0422\\u0438\\u043f\\u044b \\u0414\\u043e\\u0441\\u0442\\u0430\\u0432\\u043a\\u0438\",\"Permissions\":{\"Read\":false,\"Write\":false}},{\"Name\":\"Payment\",\"RusName\":\"\\u0422\\u0438\\u043f\\u044b \\u041e\\u043f\\u043b\\u0430\\u0442\\u044b\",\"Permissions\":{\"Read\":false,\"Write\":false}},{\"Name\":\"OrderStatus\",\"RusName\":\"\\u0421\\u0442\\u0430\\u0442\\u0443\\u0441\\u044b \\u0437\\u0430\\u043a\\u0430\\u0437\\u0430\",\"Permissions\":{\"Read\":false,\"Write\":false}},{\"Name\":\"Car\",\"RusName\":\"\\u0410\\u0432\\u0442\\u043e\\u043c\\u043e\\u0431\\u0438\\u043b\\u0438\",\"Permissions\":{\"Read\":false,\"Write\":false}},{\"Name\":\"CarMark\",\"RusName\":\"\\u041c\\u0430\\u0440\\u043a\\u0438\",\"Permissions\":{\"Read\":false,\"Write\":false}},{\"Name\":\"CarModel\",\"RusName\":\"\\u041c\\u043e\\u0434\\u0435\\u043b\\u0438\",\"Permissions\":{\"Read\":false,\"Write\":false}},{\"Name\":\"CarCountry\",\"RusName\":\"\\u0421\\u0442\\u0440\\u0430\\u043d\\u044b\",\"Permissions\":{\"Read\":false,\"Write\":false}},{\"Name\":\"CarType\",\"RusName\":\"\\u0422\\u0438\\u043f\\u044b \\u043a\\u0443\\u0437\\u043e\\u0432\\u0430\",\"Permissions\":{\"Read\":false,\"Write\":false}},{\"Name\":\"CarColor\",\"RusName\":\"\\u0426\\u0432\\u0435\\u0442\\u0430\",\"Permissions\":{\"Read\":false,\"Write\":false}},{\"Name\":\"CarMarkModelCountry\",\"RusName\":\"\\u041c\\u0430\\u0440\\u043a\\u0430 - \\u041c\\u043e\\u0434\\u0435\\u043b\\u044c\",\"Permissions\":{\"Read\":false,\"Write\":false}},{\"Name\":\"User\",\"RusName\":\"\\u0421\\u043e\\u0442\\u0440\\u0443\\u0434\\u043d\\u0438\\u043a\\u0438\",\"Permissions\":{\"Read\":true,\"Write\":false}},{\"Name\":\"UserDepartment\",\"RusName\":\"\\u041e\\u0442\\u0434\\u0435\\u043b\\u044b\",\"Permissions\":{\"Read\":false,\"Write\":false}},{\"Name\":\"UserPosition\",\"RusName\":\"\\u0414\\u043e\\u043b\\u0436\\u043d\\u043e\\u0441\\u0442\\u0438\",\"Permissions\":{\"Read\":false,\"Write\":false}},{\"Name\":\"UserStatus\",\"RusName\":\"\\u0421\\u0442\\u0430\\u0442\\u0443\\u0441\\u044b\",\"Permissions\":{\"Read\":false,\"Write\":false}},{\"Name\":\"UserDepartmentPosition\",\"RusName\":\"\\u041e\\u0442\\u0434\\u0435\\u043b - \\u0414\\u043e\\u043b\\u0436\\u043d\\u043e\\u0441\\u0442\\u044c\",\"Permissions\":{\"Read\":false,\"Write\":false}}]}', NULL, 'YoNyCmhqPa', '2025-06-06 20:08:53', '2025-06-06 20:08:53'),
(24, 'gusikowski.finn', '$2y$12$ZlEyGovKwvHb0ZEJP5wafuRodiEm6WqB7Wi/qa/ag7us7bHAQMmCC', 'Стефан', 'Михайлов', 'Дмитриевич', 'lihacev.dominika@example.com', '+79910815085', '1983-04-11', 3, 8, '2017-01-29', 2, '1982-04-03', '{\"Tabs\":[{\"Name\":\"user\",\"RusName\":\"\\u041f\\u043e\\u043b\\u044c\\u0437\\u043e\\u0432\\u0430\\u0442\\u0435\\u043b\\u044c\",\"Permissions\":{\"Read\":true,\"Write\":true}},{\"Name\":\"order\",\"RusName\":\"\\u0417\\u0430\\u043a\\u0430\\u0437\\u044b\",\"Permissions\":{\"Read\":false,\"Write\":false}},{\"Name\":\"report\",\"RusName\":\"\\u041e\\u0442\\u0447\\u0435\\u0442\\u044b\",\"Permissions\":{\"Read\":false,\"Write\":false}},{\"Name\":\"setting\",\"RusName\":\"\\u041d\\u0430\\u0441\\u0442\\u0440\\u043e\\u0439\\u043a\\u0438\",\"Permissions\":{\"Read\":false,\"Write\":false}},{\"Name\":\"dict\",\"RusName\":\"\\u0421\\u043b\\u043e\\u0432\\u0430\\u0440\\u0438\",\"Permissions\":{\"Read\":false,\"Write\":false}}],\"Directories\":[{\"Name\":\"Order\",\"RusName\":\"\\u0417\\u0430\\u043a\\u0430\\u0437\\u044b\",\"Permissions\":{\"Read\":false,\"Write\":false}},{\"Name\":\"Client\",\"RusName\":\"\\u041a\\u043b\\u0438\\u0435\\u043d\\u0442\\u044b\",\"Permissions\":{\"Read\":false,\"Write\":false}},{\"Name\":\"Delivery\",\"RusName\":\"\\u0422\\u0438\\u043f\\u044b \\u0414\\u043e\\u0441\\u0442\\u0430\\u0432\\u043a\\u0438\",\"Permissions\":{\"Read\":false,\"Write\":false}},{\"Name\":\"Payment\",\"RusName\":\"\\u0422\\u0438\\u043f\\u044b \\u041e\\u043f\\u043b\\u0430\\u0442\\u044b\",\"Permissions\":{\"Read\":false,\"Write\":false}},{\"Name\":\"OrderStatus\",\"RusName\":\"\\u0421\\u0442\\u0430\\u0442\\u0443\\u0441\\u044b \\u0437\\u0430\\u043a\\u0430\\u0437\\u0430\",\"Permissions\":{\"Read\":false,\"Write\":false}},{\"Name\":\"Car\",\"RusName\":\"\\u0410\\u0432\\u0442\\u043e\\u043c\\u043e\\u0431\\u0438\\u043b\\u0438\",\"Permissions\":{\"Read\":false,\"Write\":false}},{\"Name\":\"CarMark\",\"RusName\":\"\\u041c\\u0430\\u0440\\u043a\\u0438\",\"Permissions\":{\"Read\":false,\"Write\":false}},{\"Name\":\"CarModel\",\"RusName\":\"\\u041c\\u043e\\u0434\\u0435\\u043b\\u0438\",\"Permissions\":{\"Read\":false,\"Write\":false}},{\"Name\":\"CarCountry\",\"RusName\":\"\\u0421\\u0442\\u0440\\u0430\\u043d\\u044b\",\"Permissions\":{\"Read\":false,\"Write\":false}},{\"Name\":\"CarType\",\"RusName\":\"\\u0422\\u0438\\u043f\\u044b \\u043a\\u0443\\u0437\\u043e\\u0432\\u0430\",\"Permissions\":{\"Read\":false,\"Write\":false}},{\"Name\":\"CarColor\",\"RusName\":\"\\u0426\\u0432\\u0435\\u0442\\u0430\",\"Permissions\":{\"Read\":false,\"Write\":false}},{\"Name\":\"CarMarkModelCountry\",\"RusName\":\"\\u041c\\u0430\\u0440\\u043a\\u0430 - \\u041c\\u043e\\u0434\\u0435\\u043b\\u044c\",\"Permissions\":{\"Read\":false,\"Write\":false}},{\"Name\":\"User\",\"RusName\":\"\\u0421\\u043e\\u0442\\u0440\\u0443\\u0434\\u043d\\u0438\\u043a\\u0438\",\"Permissions\":{\"Read\":true,\"Write\":false}},{\"Name\":\"UserDepartment\",\"RusName\":\"\\u041e\\u0442\\u0434\\u0435\\u043b\\u044b\",\"Permissions\":{\"Read\":false,\"Write\":false}},{\"Name\":\"UserPosition\",\"RusName\":\"\\u0414\\u043e\\u043b\\u0436\\u043d\\u043e\\u0441\\u0442\\u0438\",\"Permissions\":{\"Read\":false,\"Write\":false}},{\"Name\":\"UserStatus\",\"RusName\":\"\\u0421\\u0442\\u0430\\u0442\\u0443\\u0441\\u044b\",\"Permissions\":{\"Read\":false,\"Write\":false}},{\"Name\":\"UserDepartmentPosition\",\"RusName\":\"\\u041e\\u0442\\u0434\\u0435\\u043b - \\u0414\\u043e\\u043b\\u0436\\u043d\\u043e\\u0441\\u0442\\u044c\",\"Permissions\":{\"Read\":false,\"Write\":false}}]}', NULL, 'HG2uNaqbdU', '2025-06-06 20:08:53', '2025-06-06 20:08:53'),
(25, 'nova14', '$2y$12$ZlEyGovKwvHb0ZEJP5wafuRodiEm6WqB7Wi/qa/ag7us7bHAQMmCC', 'Тарас', 'Богданова', 'Иванович', 'antonina.petrov@example.com', '+79788244964', '2004-09-14', 1, 2, '1983-03-28', 2, '1997-07-13', '{\"Tabs\":[{\"Name\":\"user\",\"RusName\":\"\\u041f\\u043e\\u043b\\u044c\\u0437\\u043e\\u0432\\u0430\\u0442\\u0435\\u043b\\u044c\",\"Permissions\":{\"Read\":true,\"Write\":true}},{\"Name\":\"order\",\"RusName\":\"\\u0417\\u0430\\u043a\\u0430\\u0437\\u044b\",\"Permissions\":{\"Read\":false,\"Write\":false}},{\"Name\":\"report\",\"RusName\":\"\\u041e\\u0442\\u0447\\u0435\\u0442\\u044b\",\"Permissions\":{\"Read\":false,\"Write\":false}},{\"Name\":\"setting\",\"RusName\":\"\\u041d\\u0430\\u0441\\u0442\\u0440\\u043e\\u0439\\u043a\\u0438\",\"Permissions\":{\"Read\":false,\"Write\":false}},{\"Name\":\"dict\",\"RusName\":\"\\u0421\\u043b\\u043e\\u0432\\u0430\\u0440\\u0438\",\"Permissions\":{\"Read\":false,\"Write\":false}}],\"Directories\":[{\"Name\":\"Order\",\"RusName\":\"\\u0417\\u0430\\u043a\\u0430\\u0437\\u044b\",\"Permissions\":{\"Read\":false,\"Write\":false}},{\"Name\":\"Client\",\"RusName\":\"\\u041a\\u043b\\u0438\\u0435\\u043d\\u0442\\u044b\",\"Permissions\":{\"Read\":false,\"Write\":false}},{\"Name\":\"Delivery\",\"RusName\":\"\\u0422\\u0438\\u043f\\u044b \\u0414\\u043e\\u0441\\u0442\\u0430\\u0432\\u043a\\u0438\",\"Permissions\":{\"Read\":false,\"Write\":false}},{\"Name\":\"Payment\",\"RusName\":\"\\u0422\\u0438\\u043f\\u044b \\u041e\\u043f\\u043b\\u0430\\u0442\\u044b\",\"Permissions\":{\"Read\":false,\"Write\":false}},{\"Name\":\"OrderStatus\",\"RusName\":\"\\u0421\\u0442\\u0430\\u0442\\u0443\\u0441\\u044b \\u0437\\u0430\\u043a\\u0430\\u0437\\u0430\",\"Permissions\":{\"Read\":false,\"Write\":false}},{\"Name\":\"Car\",\"RusName\":\"\\u0410\\u0432\\u0442\\u043e\\u043c\\u043e\\u0431\\u0438\\u043b\\u0438\",\"Permissions\":{\"Read\":false,\"Write\":false}},{\"Name\":\"CarMark\",\"RusName\":\"\\u041c\\u0430\\u0440\\u043a\\u0438\",\"Permissions\":{\"Read\":false,\"Write\":false}},{\"Name\":\"CarModel\",\"RusName\":\"\\u041c\\u043e\\u0434\\u0435\\u043b\\u0438\",\"Permissions\":{\"Read\":false,\"Write\":false}},{\"Name\":\"CarCountry\",\"RusName\":\"\\u0421\\u0442\\u0440\\u0430\\u043d\\u044b\",\"Permissions\":{\"Read\":false,\"Write\":false}},{\"Name\":\"CarType\",\"RusName\":\"\\u0422\\u0438\\u043f\\u044b \\u043a\\u0443\\u0437\\u043e\\u0432\\u0430\",\"Permissions\":{\"Read\":false,\"Write\":false}},{\"Name\":\"CarColor\",\"RusName\":\"\\u0426\\u0432\\u0435\\u0442\\u0430\",\"Permissions\":{\"Read\":false,\"Write\":false}},{\"Name\":\"CarMarkModelCountry\",\"RusName\":\"\\u041c\\u0430\\u0440\\u043a\\u0430 - \\u041c\\u043e\\u0434\\u0435\\u043b\\u044c\",\"Permissions\":{\"Read\":false,\"Write\":false}},{\"Name\":\"User\",\"RusName\":\"\\u0421\\u043e\\u0442\\u0440\\u0443\\u0434\\u043d\\u0438\\u043a\\u0438\",\"Permissions\":{\"Read\":true,\"Write\":false}},{\"Name\":\"UserDepartment\",\"RusName\":\"\\u041e\\u0442\\u0434\\u0435\\u043b\\u044b\",\"Permissions\":{\"Read\":false,\"Write\":false}},{\"Name\":\"UserPosition\",\"RusName\":\"\\u0414\\u043e\\u043b\\u0436\\u043d\\u043e\\u0441\\u0442\\u0438\",\"Permissions\":{\"Read\":false,\"Write\":false}},{\"Name\":\"UserStatus\",\"RusName\":\"\\u0421\\u0442\\u0430\\u0442\\u0443\\u0441\\u044b\",\"Permissions\":{\"Read\":false,\"Write\":false}},{\"Name\":\"UserDepartmentPosition\",\"RusName\":\"\\u041e\\u0442\\u0434\\u0435\\u043b - \\u0414\\u043e\\u043b\\u0436\\u043d\\u043e\\u0441\\u0442\\u044c\",\"Permissions\":{\"Read\":false,\"Write\":false}}]}', NULL, 'KqY5sy0jJV', '2025-06-06 20:08:53', '2025-06-06 20:08:53'),
(26, 'oswald39', '$2y$12$ZlEyGovKwvHb0ZEJP5wafuRodiEm6WqB7Wi/qa/ag7us7bHAQMmCC', 'Арсений', 'Носов', 'Сергеевич', 'pmuhin@example.net', '+79265666429', '2003-07-28', 5, 6, '2010-10-20', 2, '1991-06-20', '{\"Tabs\":[{\"Name\":\"user\",\"RusName\":\"\\u041f\\u043e\\u043b\\u044c\\u0437\\u043e\\u0432\\u0430\\u0442\\u0435\\u043b\\u044c\",\"Permissions\":{\"Read\":true,\"Write\":true}},{\"Name\":\"order\",\"RusName\":\"\\u0417\\u0430\\u043a\\u0430\\u0437\\u044b\",\"Permissions\":{\"Read\":false,\"Write\":false}},{\"Name\":\"report\",\"RusName\":\"\\u041e\\u0442\\u0447\\u0435\\u0442\\u044b\",\"Permissions\":{\"Read\":false,\"Write\":false}},{\"Name\":\"setting\",\"RusName\":\"\\u041d\\u0430\\u0441\\u0442\\u0440\\u043e\\u0439\\u043a\\u0438\",\"Permissions\":{\"Read\":false,\"Write\":false}},{\"Name\":\"dict\",\"RusName\":\"\\u0421\\u043b\\u043e\\u0432\\u0430\\u0440\\u0438\",\"Permissions\":{\"Read\":false,\"Write\":false}}],\"Directories\":[{\"Name\":\"Order\",\"RusName\":\"\\u0417\\u0430\\u043a\\u0430\\u0437\\u044b\",\"Permissions\":{\"Read\":false,\"Write\":false}},{\"Name\":\"Client\",\"RusName\":\"\\u041a\\u043b\\u0438\\u0435\\u043d\\u0442\\u044b\",\"Permissions\":{\"Read\":false,\"Write\":false}},{\"Name\":\"Delivery\",\"RusName\":\"\\u0422\\u0438\\u043f\\u044b \\u0414\\u043e\\u0441\\u0442\\u0430\\u0432\\u043a\\u0438\",\"Permissions\":{\"Read\":false,\"Write\":false}},{\"Name\":\"Payment\",\"RusName\":\"\\u0422\\u0438\\u043f\\u044b \\u041e\\u043f\\u043b\\u0430\\u0442\\u044b\",\"Permissions\":{\"Read\":false,\"Write\":false}},{\"Name\":\"OrderStatus\",\"RusName\":\"\\u0421\\u0442\\u0430\\u0442\\u0443\\u0441\\u044b \\u0437\\u0430\\u043a\\u0430\\u0437\\u0430\",\"Permissions\":{\"Read\":false,\"Write\":false}},{\"Name\":\"Car\",\"RusName\":\"\\u0410\\u0432\\u0442\\u043e\\u043c\\u043e\\u0431\\u0438\\u043b\\u0438\",\"Permissions\":{\"Read\":false,\"Write\":false}},{\"Name\":\"CarMark\",\"RusName\":\"\\u041c\\u0430\\u0440\\u043a\\u0438\",\"Permissions\":{\"Read\":false,\"Write\":false}},{\"Name\":\"CarModel\",\"RusName\":\"\\u041c\\u043e\\u0434\\u0435\\u043b\\u0438\",\"Permissions\":{\"Read\":false,\"Write\":false}},{\"Name\":\"CarCountry\",\"RusName\":\"\\u0421\\u0442\\u0440\\u0430\\u043d\\u044b\",\"Permissions\":{\"Read\":false,\"Write\":false}},{\"Name\":\"CarType\",\"RusName\":\"\\u0422\\u0438\\u043f\\u044b \\u043a\\u0443\\u0437\\u043e\\u0432\\u0430\",\"Permissions\":{\"Read\":false,\"Write\":false}},{\"Name\":\"CarColor\",\"RusName\":\"\\u0426\\u0432\\u0435\\u0442\\u0430\",\"Permissions\":{\"Read\":false,\"Write\":false}},{\"Name\":\"CarMarkModelCountry\",\"RusName\":\"\\u041c\\u0430\\u0440\\u043a\\u0430 - \\u041c\\u043e\\u0434\\u0435\\u043b\\u044c\",\"Permissions\":{\"Read\":false,\"Write\":false}},{\"Name\":\"User\",\"RusName\":\"\\u0421\\u043e\\u0442\\u0440\\u0443\\u0434\\u043d\\u0438\\u043a\\u0438\",\"Permissions\":{\"Read\":true,\"Write\":false}},{\"Name\":\"UserDepartment\",\"RusName\":\"\\u041e\\u0442\\u0434\\u0435\\u043b\\u044b\",\"Permissions\":{\"Read\":false,\"Write\":false}},{\"Name\":\"UserPosition\",\"RusName\":\"\\u0414\\u043e\\u043b\\u0436\\u043d\\u043e\\u0441\\u0442\\u0438\",\"Permissions\":{\"Read\":false,\"Write\":false}},{\"Name\":\"UserStatus\",\"RusName\":\"\\u0421\\u0442\\u0430\\u0442\\u0443\\u0441\\u044b\",\"Permissions\":{\"Read\":false,\"Write\":false}},{\"Name\":\"UserDepartmentPosition\",\"RusName\":\"\\u041e\\u0442\\u0434\\u0435\\u043b - \\u0414\\u043e\\u043b\\u0436\\u043d\\u043e\\u0441\\u0442\\u044c\",\"Permissions\":{\"Read\":false,\"Write\":false}}]}', NULL, 'CtItJRUDXO', '2025-06-06 20:08:53', '2025-06-06 20:08:53'),
(27, 'oconnell.bryana', '$2y$12$ZlEyGovKwvHb0ZEJP5wafuRodiEm6WqB7Wi/qa/ag7us7bHAQMmCC', 'Ярослав', 'Артемьев', 'Владимирович', 'doronina.lubov@example.org', '+79820340647', '1990-03-05', 3, 6, '1997-12-14', 4, '2009-03-18', '{\"Tabs\":[{\"Name\":\"user\",\"RusName\":\"\\u041f\\u043e\\u043b\\u044c\\u0437\\u043e\\u0432\\u0430\\u0442\\u0435\\u043b\\u044c\",\"Permissions\":{\"Read\":true,\"Write\":true}},{\"Name\":\"order\",\"RusName\":\"\\u0417\\u0430\\u043a\\u0430\\u0437\\u044b\",\"Permissions\":{\"Read\":false,\"Write\":false}},{\"Name\":\"report\",\"RusName\":\"\\u041e\\u0442\\u0447\\u0435\\u0442\\u044b\",\"Permissions\":{\"Read\":false,\"Write\":false}},{\"Name\":\"setting\",\"RusName\":\"\\u041d\\u0430\\u0441\\u0442\\u0440\\u043e\\u0439\\u043a\\u0438\",\"Permissions\":{\"Read\":false,\"Write\":false}},{\"Name\":\"dict\",\"RusName\":\"\\u0421\\u043b\\u043e\\u0432\\u0430\\u0440\\u0438\",\"Permissions\":{\"Read\":false,\"Write\":false}}],\"Directories\":[{\"Name\":\"Order\",\"RusName\":\"\\u0417\\u0430\\u043a\\u0430\\u0437\\u044b\",\"Permissions\":{\"Read\":false,\"Write\":false}},{\"Name\":\"Client\",\"RusName\":\"\\u041a\\u043b\\u0438\\u0435\\u043d\\u0442\\u044b\",\"Permissions\":{\"Read\":false,\"Write\":false}},{\"Name\":\"Delivery\",\"RusName\":\"\\u0422\\u0438\\u043f\\u044b \\u0414\\u043e\\u0441\\u0442\\u0430\\u0432\\u043a\\u0438\",\"Permissions\":{\"Read\":false,\"Write\":false}},{\"Name\":\"Payment\",\"RusName\":\"\\u0422\\u0438\\u043f\\u044b \\u041e\\u043f\\u043b\\u0430\\u0442\\u044b\",\"Permissions\":{\"Read\":false,\"Write\":false}},{\"Name\":\"OrderStatus\",\"RusName\":\"\\u0421\\u0442\\u0430\\u0442\\u0443\\u0441\\u044b \\u0437\\u0430\\u043a\\u0430\\u0437\\u0430\",\"Permissions\":{\"Read\":false,\"Write\":false}},{\"Name\":\"Car\",\"RusName\":\"\\u0410\\u0432\\u0442\\u043e\\u043c\\u043e\\u0431\\u0438\\u043b\\u0438\",\"Permissions\":{\"Read\":false,\"Write\":false}},{\"Name\":\"CarMark\",\"RusName\":\"\\u041c\\u0430\\u0440\\u043a\\u0438\",\"Permissions\":{\"Read\":false,\"Write\":false}},{\"Name\":\"CarModel\",\"RusName\":\"\\u041c\\u043e\\u0434\\u0435\\u043b\\u0438\",\"Permissions\":{\"Read\":false,\"Write\":false}},{\"Name\":\"CarCountry\",\"RusName\":\"\\u0421\\u0442\\u0440\\u0430\\u043d\\u044b\",\"Permissions\":{\"Read\":false,\"Write\":false}},{\"Name\":\"CarType\",\"RusName\":\"\\u0422\\u0438\\u043f\\u044b \\u043a\\u0443\\u0437\\u043e\\u0432\\u0430\",\"Permissions\":{\"Read\":false,\"Write\":false}},{\"Name\":\"CarColor\",\"RusName\":\"\\u0426\\u0432\\u0435\\u0442\\u0430\",\"Permissions\":{\"Read\":false,\"Write\":false}},{\"Name\":\"CarMarkModelCountry\",\"RusName\":\"\\u041c\\u0430\\u0440\\u043a\\u0430 - \\u041c\\u043e\\u0434\\u0435\\u043b\\u044c\",\"Permissions\":{\"Read\":false,\"Write\":false}},{\"Name\":\"User\",\"RusName\":\"\\u0421\\u043e\\u0442\\u0440\\u0443\\u0434\\u043d\\u0438\\u043a\\u0438\",\"Permissions\":{\"Read\":true,\"Write\":false}},{\"Name\":\"UserDepartment\",\"RusName\":\"\\u041e\\u0442\\u0434\\u0435\\u043b\\u044b\",\"Permissions\":{\"Read\":false,\"Write\":false}},{\"Name\":\"UserPosition\",\"RusName\":\"\\u0414\\u043e\\u043b\\u0436\\u043d\\u043e\\u0441\\u0442\\u0438\",\"Permissions\":{\"Read\":false,\"Write\":false}},{\"Name\":\"UserStatus\",\"RusName\":\"\\u0421\\u0442\\u0430\\u0442\\u0443\\u0441\\u044b\",\"Permissions\":{\"Read\":false,\"Write\":false}},{\"Name\":\"UserDepartmentPosition\",\"RusName\":\"\\u041e\\u0442\\u0434\\u0435\\u043b - \\u0414\\u043e\\u043b\\u0436\\u043d\\u043e\\u0441\\u0442\\u044c\",\"Permissions\":{\"Read\":false,\"Write\":false}}]}', NULL, 'w2Oz5yk16Z', '2025-06-06 20:08:53', '2025-06-06 20:08:53');
INSERT INTO `users` (`id`, `login`, `password`, `firstname`, `surname`, `patronymic`, `email`, `phone`, `birthday`, `department_id`, `position_id`, `start_work`, `status_id`, `status_at`, `permissions`, `deleted_at`, `remember_token`, `created_at`, `updated_at`) VALUES
(28, 'powlowski.savanah', '$2y$12$ZlEyGovKwvHb0ZEJP5wafuRodiEm6WqB7Wi/qa/ag7us7bHAQMmCC', 'Денис', 'Морозов', 'Викторович', 'ila.bragina@example.net', '+79315113351', '1992-07-07', 2, 5, '2016-07-07', 1, '1971-03-12', '{\"Tabs\":[{\"Name\":\"user\",\"RusName\":\"\\u041f\\u043e\\u043b\\u044c\\u0437\\u043e\\u0432\\u0430\\u0442\\u0435\\u043b\\u044c\",\"Permissions\":{\"Read\":true,\"Write\":true}},{\"Name\":\"order\",\"RusName\":\"\\u0417\\u0430\\u043a\\u0430\\u0437\\u044b\",\"Permissions\":{\"Read\":false,\"Write\":false}},{\"Name\":\"report\",\"RusName\":\"\\u041e\\u0442\\u0447\\u0435\\u0442\\u044b\",\"Permissions\":{\"Read\":false,\"Write\":false}},{\"Name\":\"setting\",\"RusName\":\"\\u041d\\u0430\\u0441\\u0442\\u0440\\u043e\\u0439\\u043a\\u0438\",\"Permissions\":{\"Read\":false,\"Write\":false}},{\"Name\":\"dict\",\"RusName\":\"\\u0421\\u043b\\u043e\\u0432\\u0430\\u0440\\u0438\",\"Permissions\":{\"Read\":false,\"Write\":false}}],\"Directories\":[{\"Name\":\"Order\",\"RusName\":\"\\u0417\\u0430\\u043a\\u0430\\u0437\\u044b\",\"Permissions\":{\"Read\":false,\"Write\":false}},{\"Name\":\"Client\",\"RusName\":\"\\u041a\\u043b\\u0438\\u0435\\u043d\\u0442\\u044b\",\"Permissions\":{\"Read\":false,\"Write\":false}},{\"Name\":\"Delivery\",\"RusName\":\"\\u0422\\u0438\\u043f\\u044b \\u0414\\u043e\\u0441\\u0442\\u0430\\u0432\\u043a\\u0438\",\"Permissions\":{\"Read\":false,\"Write\":false}},{\"Name\":\"Payment\",\"RusName\":\"\\u0422\\u0438\\u043f\\u044b \\u041e\\u043f\\u043b\\u0430\\u0442\\u044b\",\"Permissions\":{\"Read\":false,\"Write\":false}},{\"Name\":\"OrderStatus\",\"RusName\":\"\\u0421\\u0442\\u0430\\u0442\\u0443\\u0441\\u044b \\u0437\\u0430\\u043a\\u0430\\u0437\\u0430\",\"Permissions\":{\"Read\":false,\"Write\":false}},{\"Name\":\"Car\",\"RusName\":\"\\u0410\\u0432\\u0442\\u043e\\u043c\\u043e\\u0431\\u0438\\u043b\\u0438\",\"Permissions\":{\"Read\":false,\"Write\":false}},{\"Name\":\"CarMark\",\"RusName\":\"\\u041c\\u0430\\u0440\\u043a\\u0438\",\"Permissions\":{\"Read\":false,\"Write\":false}},{\"Name\":\"CarModel\",\"RusName\":\"\\u041c\\u043e\\u0434\\u0435\\u043b\\u0438\",\"Permissions\":{\"Read\":false,\"Write\":false}},{\"Name\":\"CarCountry\",\"RusName\":\"\\u0421\\u0442\\u0440\\u0430\\u043d\\u044b\",\"Permissions\":{\"Read\":false,\"Write\":false}},{\"Name\":\"CarType\",\"RusName\":\"\\u0422\\u0438\\u043f\\u044b \\u043a\\u0443\\u0437\\u043e\\u0432\\u0430\",\"Permissions\":{\"Read\":false,\"Write\":false}},{\"Name\":\"CarColor\",\"RusName\":\"\\u0426\\u0432\\u0435\\u0442\\u0430\",\"Permissions\":{\"Read\":false,\"Write\":false}},{\"Name\":\"CarMarkModelCountry\",\"RusName\":\"\\u041c\\u0430\\u0440\\u043a\\u0430 - \\u041c\\u043e\\u0434\\u0435\\u043b\\u044c\",\"Permissions\":{\"Read\":false,\"Write\":false}},{\"Name\":\"User\",\"RusName\":\"\\u0421\\u043e\\u0442\\u0440\\u0443\\u0434\\u043d\\u0438\\u043a\\u0438\",\"Permissions\":{\"Read\":true,\"Write\":false}},{\"Name\":\"UserDepartment\",\"RusName\":\"\\u041e\\u0442\\u0434\\u0435\\u043b\\u044b\",\"Permissions\":{\"Read\":false,\"Write\":false}},{\"Name\":\"UserPosition\",\"RusName\":\"\\u0414\\u043e\\u043b\\u0436\\u043d\\u043e\\u0441\\u0442\\u0438\",\"Permissions\":{\"Read\":false,\"Write\":false}},{\"Name\":\"UserStatus\",\"RusName\":\"\\u0421\\u0442\\u0430\\u0442\\u0443\\u0441\\u044b\",\"Permissions\":{\"Read\":false,\"Write\":false}},{\"Name\":\"UserDepartmentPosition\",\"RusName\":\"\\u041e\\u0442\\u0434\\u0435\\u043b - \\u0414\\u043e\\u043b\\u0436\\u043d\\u043e\\u0441\\u0442\\u044c\",\"Permissions\":{\"Read\":false,\"Write\":false}}]}', NULL, 'xsS516LQuW', '2025-06-06 20:08:53', '2025-06-06 20:08:53'),
(29, 'rebeca.hermann', '$2y$12$ZlEyGovKwvHb0ZEJP5wafuRodiEm6WqB7Wi/qa/ag7us7bHAQMmCC', 'Владимир', 'Потапов', 'Иванович', 'jvoronova@example.com', '+79325191467', '1983-06-11', 6, 6, '2014-03-01', 1, '2012-12-29', '{\"Tabs\":[{\"Name\":\"user\",\"RusName\":\"\\u041f\\u043e\\u043b\\u044c\\u0437\\u043e\\u0432\\u0430\\u0442\\u0435\\u043b\\u044c\",\"Permissions\":{\"Read\":true,\"Write\":true}},{\"Name\":\"order\",\"RusName\":\"\\u0417\\u0430\\u043a\\u0430\\u0437\\u044b\",\"Permissions\":{\"Read\":false,\"Write\":false}},{\"Name\":\"report\",\"RusName\":\"\\u041e\\u0442\\u0447\\u0435\\u0442\\u044b\",\"Permissions\":{\"Read\":false,\"Write\":false}},{\"Name\":\"setting\",\"RusName\":\"\\u041d\\u0430\\u0441\\u0442\\u0440\\u043e\\u0439\\u043a\\u0438\",\"Permissions\":{\"Read\":false,\"Write\":false}},{\"Name\":\"dict\",\"RusName\":\"\\u0421\\u043b\\u043e\\u0432\\u0430\\u0440\\u0438\",\"Permissions\":{\"Read\":false,\"Write\":false}}],\"Directories\":[{\"Name\":\"Order\",\"RusName\":\"\\u0417\\u0430\\u043a\\u0430\\u0437\\u044b\",\"Permissions\":{\"Read\":false,\"Write\":false}},{\"Name\":\"Client\",\"RusName\":\"\\u041a\\u043b\\u0438\\u0435\\u043d\\u0442\\u044b\",\"Permissions\":{\"Read\":false,\"Write\":false}},{\"Name\":\"Delivery\",\"RusName\":\"\\u0422\\u0438\\u043f\\u044b \\u0414\\u043e\\u0441\\u0442\\u0430\\u0432\\u043a\\u0438\",\"Permissions\":{\"Read\":false,\"Write\":false}},{\"Name\":\"Payment\",\"RusName\":\"\\u0422\\u0438\\u043f\\u044b \\u041e\\u043f\\u043b\\u0430\\u0442\\u044b\",\"Permissions\":{\"Read\":false,\"Write\":false}},{\"Name\":\"OrderStatus\",\"RusName\":\"\\u0421\\u0442\\u0430\\u0442\\u0443\\u0441\\u044b \\u0437\\u0430\\u043a\\u0430\\u0437\\u0430\",\"Permissions\":{\"Read\":false,\"Write\":false}},{\"Name\":\"Car\",\"RusName\":\"\\u0410\\u0432\\u0442\\u043e\\u043c\\u043e\\u0431\\u0438\\u043b\\u0438\",\"Permissions\":{\"Read\":false,\"Write\":false}},{\"Name\":\"CarMark\",\"RusName\":\"\\u041c\\u0430\\u0440\\u043a\\u0438\",\"Permissions\":{\"Read\":false,\"Write\":false}},{\"Name\":\"CarModel\",\"RusName\":\"\\u041c\\u043e\\u0434\\u0435\\u043b\\u0438\",\"Permissions\":{\"Read\":false,\"Write\":false}},{\"Name\":\"CarCountry\",\"RusName\":\"\\u0421\\u0442\\u0440\\u0430\\u043d\\u044b\",\"Permissions\":{\"Read\":false,\"Write\":false}},{\"Name\":\"CarType\",\"RusName\":\"\\u0422\\u0438\\u043f\\u044b \\u043a\\u0443\\u0437\\u043e\\u0432\\u0430\",\"Permissions\":{\"Read\":false,\"Write\":false}},{\"Name\":\"CarColor\",\"RusName\":\"\\u0426\\u0432\\u0435\\u0442\\u0430\",\"Permissions\":{\"Read\":false,\"Write\":false}},{\"Name\":\"CarMarkModelCountry\",\"RusName\":\"\\u041c\\u0430\\u0440\\u043a\\u0430 - \\u041c\\u043e\\u0434\\u0435\\u043b\\u044c\",\"Permissions\":{\"Read\":false,\"Write\":false}},{\"Name\":\"User\",\"RusName\":\"\\u0421\\u043e\\u0442\\u0440\\u0443\\u0434\\u043d\\u0438\\u043a\\u0438\",\"Permissions\":{\"Read\":true,\"Write\":false}},{\"Name\":\"UserDepartment\",\"RusName\":\"\\u041e\\u0442\\u0434\\u0435\\u043b\\u044b\",\"Permissions\":{\"Read\":false,\"Write\":false}},{\"Name\":\"UserPosition\",\"RusName\":\"\\u0414\\u043e\\u043b\\u0436\\u043d\\u043e\\u0441\\u0442\\u0438\",\"Permissions\":{\"Read\":false,\"Write\":false}},{\"Name\":\"UserStatus\",\"RusName\":\"\\u0421\\u0442\\u0430\\u0442\\u0443\\u0441\\u044b\",\"Permissions\":{\"Read\":false,\"Write\":false}},{\"Name\":\"UserDepartmentPosition\",\"RusName\":\"\\u041e\\u0442\\u0434\\u0435\\u043b - \\u0414\\u043e\\u043b\\u0436\\u043d\\u043e\\u0441\\u0442\\u044c\",\"Permissions\":{\"Read\":false,\"Write\":false}}]}', NULL, 'yGhdNeLzid', '2025-06-06 20:08:53', '2025-06-06 20:08:53'),
(30, 'hagenes.ila', '$2y$12$ZlEyGovKwvHb0ZEJP5wafuRodiEm6WqB7Wi/qa/ag7us7bHAQMmCC', 'Илья', 'Самойлова', 'Алексеевич', 'semenova.garri@example.com', '+79059624209', '1984-02-25', 3, 7, '2014-12-21', 4, '1991-07-06', '{\"Tabs\":[{\"Name\":\"user\",\"RusName\":\"\\u041f\\u043e\\u043b\\u044c\\u0437\\u043e\\u0432\\u0430\\u0442\\u0435\\u043b\\u044c\",\"Permissions\":{\"Read\":true,\"Write\":true}},{\"Name\":\"order\",\"RusName\":\"\\u0417\\u0430\\u043a\\u0430\\u0437\\u044b\",\"Permissions\":{\"Read\":false,\"Write\":false}},{\"Name\":\"report\",\"RusName\":\"\\u041e\\u0442\\u0447\\u0435\\u0442\\u044b\",\"Permissions\":{\"Read\":false,\"Write\":false}},{\"Name\":\"setting\",\"RusName\":\"\\u041d\\u0430\\u0441\\u0442\\u0440\\u043e\\u0439\\u043a\\u0438\",\"Permissions\":{\"Read\":false,\"Write\":false}},{\"Name\":\"dict\",\"RusName\":\"\\u0421\\u043b\\u043e\\u0432\\u0430\\u0440\\u0438\",\"Permissions\":{\"Read\":false,\"Write\":false}}],\"Directories\":[{\"Name\":\"Order\",\"RusName\":\"\\u0417\\u0430\\u043a\\u0430\\u0437\\u044b\",\"Permissions\":{\"Read\":false,\"Write\":false}},{\"Name\":\"Client\",\"RusName\":\"\\u041a\\u043b\\u0438\\u0435\\u043d\\u0442\\u044b\",\"Permissions\":{\"Read\":false,\"Write\":false}},{\"Name\":\"Delivery\",\"RusName\":\"\\u0422\\u0438\\u043f\\u044b \\u0414\\u043e\\u0441\\u0442\\u0430\\u0432\\u043a\\u0438\",\"Permissions\":{\"Read\":false,\"Write\":false}},{\"Name\":\"Payment\",\"RusName\":\"\\u0422\\u0438\\u043f\\u044b \\u041e\\u043f\\u043b\\u0430\\u0442\\u044b\",\"Permissions\":{\"Read\":false,\"Write\":false}},{\"Name\":\"OrderStatus\",\"RusName\":\"\\u0421\\u0442\\u0430\\u0442\\u0443\\u0441\\u044b \\u0437\\u0430\\u043a\\u0430\\u0437\\u0430\",\"Permissions\":{\"Read\":false,\"Write\":false}},{\"Name\":\"Car\",\"RusName\":\"\\u0410\\u0432\\u0442\\u043e\\u043c\\u043e\\u0431\\u0438\\u043b\\u0438\",\"Permissions\":{\"Read\":false,\"Write\":false}},{\"Name\":\"CarMark\",\"RusName\":\"\\u041c\\u0430\\u0440\\u043a\\u0438\",\"Permissions\":{\"Read\":false,\"Write\":false}},{\"Name\":\"CarModel\",\"RusName\":\"\\u041c\\u043e\\u0434\\u0435\\u043b\\u0438\",\"Permissions\":{\"Read\":false,\"Write\":false}},{\"Name\":\"CarCountry\",\"RusName\":\"\\u0421\\u0442\\u0440\\u0430\\u043d\\u044b\",\"Permissions\":{\"Read\":false,\"Write\":false}},{\"Name\":\"CarType\",\"RusName\":\"\\u0422\\u0438\\u043f\\u044b \\u043a\\u0443\\u0437\\u043e\\u0432\\u0430\",\"Permissions\":{\"Read\":false,\"Write\":false}},{\"Name\":\"CarColor\",\"RusName\":\"\\u0426\\u0432\\u0435\\u0442\\u0430\",\"Permissions\":{\"Read\":false,\"Write\":false}},{\"Name\":\"CarMarkModelCountry\",\"RusName\":\"\\u041c\\u0430\\u0440\\u043a\\u0430 - \\u041c\\u043e\\u0434\\u0435\\u043b\\u044c\",\"Permissions\":{\"Read\":false,\"Write\":false}},{\"Name\":\"User\",\"RusName\":\"\\u0421\\u043e\\u0442\\u0440\\u0443\\u0434\\u043d\\u0438\\u043a\\u0438\",\"Permissions\":{\"Read\":true,\"Write\":false}},{\"Name\":\"UserDepartment\",\"RusName\":\"\\u041e\\u0442\\u0434\\u0435\\u043b\\u044b\",\"Permissions\":{\"Read\":false,\"Write\":false}},{\"Name\":\"UserPosition\",\"RusName\":\"\\u0414\\u043e\\u043b\\u0436\\u043d\\u043e\\u0441\\u0442\\u0438\",\"Permissions\":{\"Read\":false,\"Write\":false}},{\"Name\":\"UserStatus\",\"RusName\":\"\\u0421\\u0442\\u0430\\u0442\\u0443\\u0441\\u044b\",\"Permissions\":{\"Read\":false,\"Write\":false}},{\"Name\":\"UserDepartmentPosition\",\"RusName\":\"\\u041e\\u0442\\u0434\\u0435\\u043b - \\u0414\\u043e\\u043b\\u0436\\u043d\\u043e\\u0441\\u0442\\u044c\",\"Permissions\":{\"Read\":false,\"Write\":false}}]}', NULL, 'UZfL37r2jS', '2025-06-06 20:08:53', '2025-06-06 20:08:53'),
(31, 'clemmie.beahan', '$2y$12$ZlEyGovKwvHb0ZEJP5wafuRodiEm6WqB7Wi/qa/ag7us7bHAQMmCC', 'Сава', 'Воронцов', 'Михайлович', 'cernova.denis@example.net', '+79041817869', '1992-12-13', 2, 4, '2014-11-20', 4, '1980-03-05', '{\"Tabs\":[{\"Name\":\"user\",\"RusName\":\"\\u041f\\u043e\\u043b\\u044c\\u0437\\u043e\\u0432\\u0430\\u0442\\u0435\\u043b\\u044c\",\"Permissions\":{\"Read\":true,\"Write\":true}},{\"Name\":\"order\",\"RusName\":\"\\u0417\\u0430\\u043a\\u0430\\u0437\\u044b\",\"Permissions\":{\"Read\":false,\"Write\":false}},{\"Name\":\"report\",\"RusName\":\"\\u041e\\u0442\\u0447\\u0435\\u0442\\u044b\",\"Permissions\":{\"Read\":false,\"Write\":false}},{\"Name\":\"setting\",\"RusName\":\"\\u041d\\u0430\\u0441\\u0442\\u0440\\u043e\\u0439\\u043a\\u0438\",\"Permissions\":{\"Read\":false,\"Write\":false}},{\"Name\":\"dict\",\"RusName\":\"\\u0421\\u043b\\u043e\\u0432\\u0430\\u0440\\u0438\",\"Permissions\":{\"Read\":false,\"Write\":false}}],\"Directories\":[{\"Name\":\"Order\",\"RusName\":\"\\u0417\\u0430\\u043a\\u0430\\u0437\\u044b\",\"Permissions\":{\"Read\":false,\"Write\":false}},{\"Name\":\"Client\",\"RusName\":\"\\u041a\\u043b\\u0438\\u0435\\u043d\\u0442\\u044b\",\"Permissions\":{\"Read\":false,\"Write\":false}},{\"Name\":\"Delivery\",\"RusName\":\"\\u0422\\u0438\\u043f\\u044b \\u0414\\u043e\\u0441\\u0442\\u0430\\u0432\\u043a\\u0438\",\"Permissions\":{\"Read\":false,\"Write\":false}},{\"Name\":\"Payment\",\"RusName\":\"\\u0422\\u0438\\u043f\\u044b \\u041e\\u043f\\u043b\\u0430\\u0442\\u044b\",\"Permissions\":{\"Read\":false,\"Write\":false}},{\"Name\":\"OrderStatus\",\"RusName\":\"\\u0421\\u0442\\u0430\\u0442\\u0443\\u0441\\u044b \\u0437\\u0430\\u043a\\u0430\\u0437\\u0430\",\"Permissions\":{\"Read\":false,\"Write\":false}},{\"Name\":\"Car\",\"RusName\":\"\\u0410\\u0432\\u0442\\u043e\\u043c\\u043e\\u0431\\u0438\\u043b\\u0438\",\"Permissions\":{\"Read\":false,\"Write\":false}},{\"Name\":\"CarMark\",\"RusName\":\"\\u041c\\u0430\\u0440\\u043a\\u0438\",\"Permissions\":{\"Read\":false,\"Write\":false}},{\"Name\":\"CarModel\",\"RusName\":\"\\u041c\\u043e\\u0434\\u0435\\u043b\\u0438\",\"Permissions\":{\"Read\":false,\"Write\":false}},{\"Name\":\"CarCountry\",\"RusName\":\"\\u0421\\u0442\\u0440\\u0430\\u043d\\u044b\",\"Permissions\":{\"Read\":false,\"Write\":false}},{\"Name\":\"CarType\",\"RusName\":\"\\u0422\\u0438\\u043f\\u044b \\u043a\\u0443\\u0437\\u043e\\u0432\\u0430\",\"Permissions\":{\"Read\":false,\"Write\":false}},{\"Name\":\"CarColor\",\"RusName\":\"\\u0426\\u0432\\u0435\\u0442\\u0430\",\"Permissions\":{\"Read\":false,\"Write\":false}},{\"Name\":\"CarMarkModelCountry\",\"RusName\":\"\\u041c\\u0430\\u0440\\u043a\\u0430 - \\u041c\\u043e\\u0434\\u0435\\u043b\\u044c\",\"Permissions\":{\"Read\":false,\"Write\":false}},{\"Name\":\"User\",\"RusName\":\"\\u0421\\u043e\\u0442\\u0440\\u0443\\u0434\\u043d\\u0438\\u043a\\u0438\",\"Permissions\":{\"Read\":true,\"Write\":false}},{\"Name\":\"UserDepartment\",\"RusName\":\"\\u041e\\u0442\\u0434\\u0435\\u043b\\u044b\",\"Permissions\":{\"Read\":false,\"Write\":false}},{\"Name\":\"UserPosition\",\"RusName\":\"\\u0414\\u043e\\u043b\\u0436\\u043d\\u043e\\u0441\\u0442\\u0438\",\"Permissions\":{\"Read\":false,\"Write\":false}},{\"Name\":\"UserStatus\",\"RusName\":\"\\u0421\\u0442\\u0430\\u0442\\u0443\\u0441\\u044b\",\"Permissions\":{\"Read\":false,\"Write\":false}},{\"Name\":\"UserDepartmentPosition\",\"RusName\":\"\\u041e\\u0442\\u0434\\u0435\\u043b - \\u0414\\u043e\\u043b\\u0436\\u043d\\u043e\\u0441\\u0442\\u044c\",\"Permissions\":{\"Read\":false,\"Write\":false}}]}', NULL, 'Fd6E6gGHl0', '2025-06-06 20:08:53', '2025-06-06 20:08:53'),
(32, 'user', '$2y$12$xgGkPgmCyVgOPFE2vHqqAe0LUSZkoVg1ShqjZzV.SqrM.l8kFWMt2', 'Яковлев', 'Михаил', 'Сергеевич', 'qwerty@tomware.it', NULL, '1980-03-31', 2, 4, '2025-11-22', 3, '2025-05-21', '\"{\\\"view_users\\\": \\\"edit_users\\\"}\"', NULL, NULL, '2025-06-07 22:09:27', '2025-06-07 22:12:36');

-- --------------------------------------------------------

--
-- Структура таблицы `user_departments`
--

CREATE TABLE `user_departments` (
  `id` bigint(20) UNSIGNED NOT NULL,
  `department_name` varchar(255) NOT NULL,
  `department_description` text DEFAULT NULL,
  `department_mail` varchar(255) NOT NULL,
  `deleted_at` timestamp NULL DEFAULT NULL,
  `created_at` timestamp NULL DEFAULT NULL,
  `updated_at` timestamp NULL DEFAULT NULL
) ENGINE=InnoDB DEFAULT CHARSET=utf8mb4 COLLATE=utf8mb4_unicode_ci;

--
-- Дамп данных таблицы `user_departments`
--

INSERT INTO `user_departments` (`id`, `department_name`, `department_description`, `department_mail`, `deleted_at`, `created_at`, `updated_at`) VALUES
(1, 'Дирекция', 'Alice: he had taken advantage of the same words.', 'mprosacco@example.com', NULL, '2025-06-06 20:08:51', '2025-06-06 20:08:51'),
(2, 'Бухгалтерия', 'KNOW IT TO BE TRUE--\" that\'s the jury, who.', 'juvenal21@example.org', NULL, '2025-06-06 20:08:51', '2025-06-06 20:08:51'),
(3, 'Отдел кадров', 'Alice, \'I\'ve often seen them at last, more.', 'feeney.mekhi@example.org', NULL, '2025-06-06 20:08:51', '2025-06-06 20:08:51'),
(4, 'Отдел продаж', 'Gryphon. \'It\'s all her coaxing. Hardly knowing.', 'huels.milford@example.com', NULL, '2025-06-06 20:08:51', '2025-06-06 20:08:51'),
(5, 'Отдел маркетинга', 'Alice; \'living at the proposal. \'Then the.', 'rnitzsche@example.net', NULL, '2025-06-06 20:08:51', '2025-06-06 20:08:51'),
(6, 'IT отдел', 'Duchess took her choice, and was going to shrink.', 'jeramie.dach@example.org', NULL, '2025-06-06 20:08:51', '2025-06-06 20:08:51'),
(7, 'Склад', 'O Mouse!\' (Alice thought this a very respectful.', 'hagenes.deangelo@example.net', NULL, '2025-06-06 20:08:51', '2025-06-06 20:08:51');

-- --------------------------------------------------------

--
-- Структура таблицы `user_department_positions`
--

CREATE TABLE `user_department_positions` (
  `id` bigint(20) UNSIGNED NOT NULL,
  `department_id` bigint(20) UNSIGNED NOT NULL,
  `position_id` bigint(20) UNSIGNED NOT NULL,
  `deleted_at` timestamp NULL DEFAULT NULL,
  `created_at` timestamp NULL DEFAULT NULL,
  `updated_at` timestamp NULL DEFAULT NULL
) ENGINE=InnoDB DEFAULT CHARSET=utf8mb4 COLLATE=utf8mb4_unicode_ci;

--
-- Дамп данных таблицы `user_department_positions`
--

INSERT INTO `user_department_positions` (`id`, `department_id`, `position_id`, `deleted_at`, `created_at`, `updated_at`) VALUES
(1, 1, 1, NULL, '2025-06-06 20:08:51', '2025-06-06 20:08:51'),
(2, 1, 2, NULL, '2025-06-06 20:08:51', '2025-06-06 20:08:51'),
(3, 1, 3, NULL, '2025-06-06 20:08:51', '2025-06-06 20:08:51'),
(4, 2, 4, NULL, '2025-06-06 20:08:51', '2025-06-06 20:08:51'),
(5, 2, 5, NULL, '2025-06-06 20:08:51', '2025-06-06 20:08:51'),
(6, 2, 13, NULL, '2025-06-06 20:08:51', '2025-06-06 20:08:51'),
(7, 3, 6, NULL, '2025-06-06 20:08:51', '2025-06-06 20:08:51'),
(8, 3, 7, NULL, '2025-06-06 20:08:51', '2025-06-06 20:08:51'),
(9, 3, 8, NULL, '2025-06-06 20:08:51', '2025-06-06 20:08:51'),
(10, 4, 6, NULL, '2025-06-06 20:08:51', '2025-06-06 20:08:51'),
(11, 5, 10, NULL, '2025-06-06 20:08:51', '2025-06-06 20:08:51'),
(12, 4, 12, NULL, '2025-06-06 20:08:51', '2025-06-06 20:08:51'),
(13, 4, 13, NULL, '2025-06-06 20:08:51', '2025-06-06 20:08:51'),
(14, 5, 6, NULL, '2025-06-06 20:08:51', '2025-06-06 20:08:51'),
(15, 6, 6, NULL, '2025-06-06 20:08:51', '2025-06-06 20:08:51'),
(16, 6, 9, NULL, '2025-06-06 20:08:51', '2025-06-06 20:08:51'),
(17, 6, 11, NULL, '2025-06-06 20:08:51', '2025-06-06 20:08:51'),
(18, 7, 6, NULL, '2025-06-06 20:08:51', '2025-06-06 20:08:51');

-- --------------------------------------------------------

--
-- Структура таблицы `user_positions`
--

CREATE TABLE `user_positions` (
  `id` bigint(20) UNSIGNED NOT NULL,
  `position_name` varchar(255) NOT NULL,
  `position_description` text DEFAULT NULL,
  `deleted_at` timestamp NULL DEFAULT NULL,
  `created_at` timestamp NULL DEFAULT NULL,
  `updated_at` timestamp NULL DEFAULT NULL
) ENGINE=InnoDB DEFAULT CHARSET=utf8mb4 COLLATE=utf8mb4_unicode_ci;

--
-- Дамп данных таблицы `user_positions`
--

INSERT INTO `user_positions` (`id`, `position_name`, `position_description`, `deleted_at`, `created_at`, `updated_at`) VALUES
(1, 'Генеральный директор', 'Mock Turtle, \'but if you\'ve seen them at dinn--\'.', NULL, '2025-06-06 20:08:51', '2025-06-06 20:08:51'),
(2, 'Коммерческий директор', 'I\'ll get into her eyes; and once she remembered.', NULL, '2025-06-06 20:08:51', '2025-06-06 20:08:51'),
(3, 'Технический директор', 'Queen said severely \'Who is this?\' She said this.', NULL, '2025-06-06 20:08:51', '2025-06-06 20:08:51'),
(4, 'Главный бухгалтер', 'For really this morning I\'ve nothing to do: once.', NULL, '2025-06-06 20:08:51', '2025-06-06 20:08:51'),
(5, 'Бухгалтер', 'Alice\'s head. \'Is that all?\' said Alice, (she.', NULL, '2025-06-06 20:08:51', '2025-06-06 20:08:51'),
(6, 'Руководитель отдела', 'Alice had no reason to be done, I wonder?\' As.', NULL, '2025-06-06 20:08:51', '2025-06-06 20:08:51'),
(7, 'HR-координатор', 'He got behind him, and very nearly carried it.', NULL, '2025-06-06 20:08:51', '2025-06-06 20:08:51'),
(8, 'Кадровик', 'However, she soon made out that one of the door.', NULL, '2025-06-06 20:08:51', '2025-06-06 20:08:51'),
(9, 'Системный администратор', 'I to get out again. Suddenly she came upon a low.', NULL, '2025-06-06 20:08:51', '2025-06-06 20:08:51'),
(10, 'Руководитель группы', 'I should like to hear his history. I must be on.', NULL, '2025-06-06 20:08:51', '2025-06-06 20:08:51'),
(11, 'Программист', 'Gryphon never learnt it.\' \'Hadn\'t time,\' said.', NULL, '2025-06-06 20:08:51', '2025-06-06 20:08:51'),
(12, 'Менеджер', 'Gryphon. \'Do you take me for his housemaid,\' she.', NULL, '2025-06-06 20:08:51', '2025-06-06 20:08:51'),
(13, 'Стажер', 'King; and the beak-- Pray how did you do.', NULL, '2025-06-06 20:08:51', '2025-06-06 20:08:51');

-- --------------------------------------------------------

--
-- Структура таблицы `user_statuses`
--

CREATE TABLE `user_statuses` (
  `id` bigint(20) UNSIGNED NOT NULL,
  `status_name` varchar(255) NOT NULL,
  `status_number` int(10) UNSIGNED NOT NULL,
  `deleted_at` timestamp NULL DEFAULT NULL,
  `created_at` timestamp NULL DEFAULT NULL,
  `updated_at` timestamp NULL DEFAULT NULL
) ENGINE=InnoDB DEFAULT CHARSET=utf8mb4 COLLATE=utf8mb4_unicode_ci;

--
-- Дамп данных таблицы `user_statuses`
--

INSERT INTO `user_statuses` (`id`, `status_name`, `status_number`, `deleted_at`, `created_at`, `updated_at`) VALUES
(1, 'работает', 1, NULL, '2025-06-06 20:08:51', '2025-06-06 20:08:51'),
(2, 'уволен', 2, NULL, '2025-06-06 20:08:51', '2025-06-06 20:08:51'),
(3, 'в отпуске', 3, NULL, '2025-06-06 20:08:51', '2025-06-06 20:08:51'),
(4, 'на больничном', 4, NULL, '2025-06-06 20:08:51', '2025-06-06 20:08:51');

--
-- Индексы сохранённых таблиц
--

--
-- Индексы таблицы `cache`
--
ALTER TABLE `cache`
  ADD PRIMARY KEY (`key`);

--
-- Индексы таблицы `cache_locks`
--
ALTER TABLE `cache_locks`
  ADD PRIMARY KEY (`key`);

--
-- Индексы таблицы `cars`
--
ALTER TABLE `cars`
  ADD PRIMARY KEY (`id`),
  ADD UNIQUE KEY `cars_vin_unique` (`vin`),
  ADD UNIQUE KEY `cars_pts_unique` (`pts`),
  ADD KEY `cars_mark_id_foreign` (`mark_id`),
  ADD KEY `cars_model_id_foreign` (`model_id`),
  ADD KEY `cars_country_id_foreign` (`country_id`),
  ADD KEY `cars_type_id_foreign` (`type_id`),
  ADD KEY `cars_color_id_foreign` (`color_id`);

--
-- Индексы таблицы `car_colors`
--
ALTER TABLE `car_colors`
  ADD PRIMARY KEY (`id`),
  ADD UNIQUE KEY `car_colors_color_name_unique` (`color_name`);

--
-- Индексы таблицы `car_countries`
--
ALTER TABLE `car_countries`
  ADD PRIMARY KEY (`id`),
  ADD UNIQUE KEY `car_countries_country_name_unique` (`country_name`);

--
-- Индексы таблицы `car_marks`
--
ALTER TABLE `car_marks`
  ADD PRIMARY KEY (`id`),
  ADD UNIQUE KEY `car_marks_mark_name_unique` (`mark_name`);

--
-- Индексы таблицы `car_mark_model_countries`
--
ALTER TABLE `car_mark_model_countries`
  ADD PRIMARY KEY (`id`),
  ADD UNIQUE KEY `unique_mark_model_country` (`mark_id`,`model_id`,`country_id`),
  ADD KEY `car_mark_model_countries_model_id_foreign` (`model_id`),
  ADD KEY `car_mark_model_countries_country_id_foreign` (`country_id`);

--
-- Индексы таблицы `car_models`
--
ALTER TABLE `car_models`
  ADD PRIMARY KEY (`id`),
  ADD UNIQUE KEY `car_models_model_name_unique` (`model_name`);

--
-- Индексы таблицы `car_photos`
--
ALTER TABLE `car_photos`
  ADD PRIMARY KEY (`id`),
  ADD KEY `car_photos_car_id_foreign` (`car_id`);

--
-- Индексы таблицы `car_types`
--
ALTER TABLE `car_types`
  ADD PRIMARY KEY (`id`),
  ADD UNIQUE KEY `car_types_type_name_unique` (`type_name`);

--
-- Индексы таблицы `clients`
--
ALTER TABLE `clients`
  ADD PRIMARY KEY (`id`),
  ADD UNIQUE KEY `clients_client_name_unique` (`client_name`),
  ADD UNIQUE KEY `clients_client_mail_unique` (`client_mail`),
  ADD UNIQUE KEY `clients_client_phone_unique` (`client_phone`);

--
-- Индексы таблицы `deliveries`
--
ALTER TABLE `deliveries`
  ADD PRIMARY KEY (`id`),
  ADD UNIQUE KEY `deliveries_delivery_name_unique` (`delivery_name`);

--
-- Индексы таблицы `failed_jobs`
--
ALTER TABLE `failed_jobs`
  ADD PRIMARY KEY (`id`),
  ADD UNIQUE KEY `failed_jobs_uuid_unique` (`uuid`);

--
-- Индексы таблицы `jobs`
--
ALTER TABLE `jobs`
  ADD PRIMARY KEY (`id`),
  ADD KEY `jobs_queue_index` (`queue`);

--
-- Индексы таблицы `job_batches`
--
ALTER TABLE `job_batches`
  ADD PRIMARY KEY (`id`);

--
-- Индексы таблицы `migrations`
--
ALTER TABLE `migrations`
  ADD PRIMARY KEY (`id`);

--
-- Индексы таблицы `orders`
--
ALTER TABLE `orders`
  ADD PRIMARY KEY (`id`),
  ADD KEY `orders_client_id_foreign` (`client_id`),
  ADD KEY `orders_user_id_foreign` (`user_id`),
  ADD KEY `orders_payment_id_foreign` (`payment_id`),
  ADD KEY `orders_delivery_id_foreign` (`delivery_id`);

--
-- Индексы таблицы `order_cars`
--
ALTER TABLE `order_cars`
  ADD PRIMARY KEY (`id`),
  ADD UNIQUE KEY `unique_order_car` (`order_id`,`car_id`),
  ADD KEY `order_cars_car_id_foreign` (`car_id`);

--
-- Индексы таблицы `order_statuses`
--
ALTER TABLE `order_statuses`
  ADD PRIMARY KEY (`id`),
  ADD KEY `order_statuses_order_id_foreign` (`order_id`),
  ADD KEY `order_statuses_status_id_foreign` (`status_id`);

--
-- Индексы таблицы `password_reset_tokens`
--
ALTER TABLE `password_reset_tokens`
  ADD PRIMARY KEY (`email`);

--
-- Индексы таблицы `payments`
--
ALTER TABLE `payments`
  ADD PRIMARY KEY (`id`),
  ADD UNIQUE KEY `payments_payment_name_unique` (`payment_name`);

--
-- Индексы таблицы `personal_access_tokens`
--
ALTER TABLE `personal_access_tokens`
  ADD PRIMARY KEY (`id`),
  ADD UNIQUE KEY `personal_access_tokens_token_unique` (`token`),
  ADD KEY `personal_access_tokens_tokenable_type_tokenable_id_index` (`tokenable_type`,`tokenable_id`);

--
-- Индексы таблицы `sessions`
--
ALTER TABLE `sessions`
  ADD PRIMARY KEY (`id`),
  ADD KEY `sessions_user_id_index` (`user_id`),
  ADD KEY `sessions_last_activity_index` (`last_activity`);

--
-- Индексы таблицы `statuses`
--
ALTER TABLE `statuses`
  ADD PRIMARY KEY (`id`),
  ADD UNIQUE KEY `statuses_status_name_unique` (`status_name`),
  ADD UNIQUE KEY `statuses_status_number_unique` (`status_number`);

--
-- Индексы таблицы `users`
--
ALTER TABLE `users`
  ADD PRIMARY KEY (`id`),
  ADD UNIQUE KEY `users_login_unique` (`login`),
  ADD UNIQUE KEY `users_email_unique` (`email`),
  ADD KEY `users_department_id_foreign` (`department_id`),
  ADD KEY `users_position_id_foreign` (`position_id`),
  ADD KEY `users_status_id_foreign` (`status_id`);

--
-- Индексы таблицы `user_departments`
--
ALTER TABLE `user_departments`
  ADD PRIMARY KEY (`id`),
  ADD UNIQUE KEY `user_departments_department_name_unique` (`department_name`),
  ADD UNIQUE KEY `user_departments_department_mail_unique` (`department_mail`);

--
-- Индексы таблицы `user_department_positions`
--
ALTER TABLE `user_department_positions`
  ADD PRIMARY KEY (`id`),
  ADD UNIQUE KEY `unique_department_position` (`department_id`,`position_id`),
  ADD KEY `user_department_positions_position_id_foreign` (`position_id`);

--
-- Индексы таблицы `user_positions`
--
ALTER TABLE `user_positions`
  ADD PRIMARY KEY (`id`),
  ADD UNIQUE KEY `user_positions_position_name_unique` (`position_name`);

--
-- Индексы таблицы `user_statuses`
--
ALTER TABLE `user_statuses`
  ADD PRIMARY KEY (`id`),
  ADD UNIQUE KEY `user_statuses_status_name_unique` (`status_name`),
  ADD UNIQUE KEY `user_statuses_status_number_unique` (`status_number`);

--
-- AUTO_INCREMENT для сохранённых таблиц
--

--
-- AUTO_INCREMENT для таблицы `cars`
--
ALTER TABLE `cars`
  MODIFY `id` bigint(20) UNSIGNED NOT NULL AUTO_INCREMENT, AUTO_INCREMENT=16;

--
-- AUTO_INCREMENT для таблицы `car_colors`
--
ALTER TABLE `car_colors`
  MODIFY `id` bigint(20) UNSIGNED NOT NULL AUTO_INCREMENT, AUTO_INCREMENT=18;

--
-- AUTO_INCREMENT для таблицы `car_countries`
--
ALTER TABLE `car_countries`
  MODIFY `id` bigint(20) UNSIGNED NOT NULL AUTO_INCREMENT, AUTO_INCREMENT=39;

--
-- AUTO_INCREMENT для таблицы `car_marks`
--
ALTER TABLE `car_marks`
  MODIFY `id` bigint(20) UNSIGNED NOT NULL AUTO_INCREMENT, AUTO_INCREMENT=367;

--
-- AUTO_INCREMENT для таблицы `car_mark_model_countries`
--
ALTER TABLE `car_mark_model_countries`
  MODIFY `id` bigint(20) UNSIGNED NOT NULL AUTO_INCREMENT, AUTO_INCREMENT=500;

--
-- AUTO_INCREMENT для таблицы `car_models`
--
ALTER TABLE `car_models`
  MODIFY `id` bigint(20) UNSIGNED NOT NULL AUTO_INCREMENT, AUTO_INCREMENT=3644;

--
-- AUTO_INCREMENT для таблицы `car_photos`
--
ALTER TABLE `car_photos`
  MODIFY `id` bigint(20) UNSIGNED NOT NULL AUTO_INCREMENT;

--
-- AUTO_INCREMENT для таблицы `car_types`
--
ALTER TABLE `car_types`
  MODIFY `id` bigint(20) UNSIGNED NOT NULL AUTO_INCREMENT, AUTO_INCREMENT=18;

--
-- AUTO_INCREMENT для таблицы `clients`
--
ALTER TABLE `clients`
  MODIFY `id` bigint(20) UNSIGNED NOT NULL AUTO_INCREMENT, AUTO_INCREMENT=11;

--
-- AUTO_INCREMENT для таблицы `deliveries`
--
ALTER TABLE `deliveries`
  MODIFY `id` bigint(20) UNSIGNED NOT NULL AUTO_INCREMENT, AUTO_INCREMENT=4;

--
-- AUTO_INCREMENT для таблицы `failed_jobs`
--
ALTER TABLE `failed_jobs`
  MODIFY `id` bigint(20) UNSIGNED NOT NULL AUTO_INCREMENT;

--
-- AUTO_INCREMENT для таблицы `jobs`
--
ALTER TABLE `jobs`
  MODIFY `id` bigint(20) UNSIGNED NOT NULL AUTO_INCREMENT;

--
-- AUTO_INCREMENT для таблицы `migrations`
--
ALTER TABLE `migrations`
  MODIFY `id` int(10) UNSIGNED NOT NULL AUTO_INCREMENT, AUTO_INCREMENT=193;

--
-- AUTO_INCREMENT для таблицы `orders`
--
ALTER TABLE `orders`
  MODIFY `id` bigint(20) UNSIGNED NOT NULL AUTO_INCREMENT, AUTO_INCREMENT=16;

--
-- AUTO_INCREMENT для таблицы `order_cars`
--
ALTER TABLE `order_cars`
  MODIFY `id` bigint(20) UNSIGNED NOT NULL AUTO_INCREMENT, AUTO_INCREMENT=31;

--
-- AUTO_INCREMENT для таблицы `order_statuses`
--
ALTER TABLE `order_statuses`
  MODIFY `id` bigint(20) UNSIGNED NOT NULL AUTO_INCREMENT, AUTO_INCREMENT=21;

--
-- AUTO_INCREMENT для таблицы `payments`
--
ALTER TABLE `payments`
  MODIFY `id` bigint(20) UNSIGNED NOT NULL AUTO_INCREMENT, AUTO_INCREMENT=4;

--
-- AUTO_INCREMENT для таблицы `personal_access_tokens`
--
ALTER TABLE `personal_access_tokens`
  MODIFY `id` bigint(20) UNSIGNED NOT NULL AUTO_INCREMENT, AUTO_INCREMENT=2;

--
-- AUTO_INCREMENT для таблицы `statuses`
--
ALTER TABLE `statuses`
  MODIFY `id` bigint(20) UNSIGNED NOT NULL AUTO_INCREMENT, AUTO_INCREMENT=6;

--
-- AUTO_INCREMENT для таблицы `users`
--
ALTER TABLE `users`
  MODIFY `id` bigint(20) UNSIGNED NOT NULL AUTO_INCREMENT, AUTO_INCREMENT=33;

--
-- AUTO_INCREMENT для таблицы `user_departments`
--
ALTER TABLE `user_departments`
  MODIFY `id` bigint(20) UNSIGNED NOT NULL AUTO_INCREMENT, AUTO_INCREMENT=8;

--
-- AUTO_INCREMENT для таблицы `user_department_positions`
--
ALTER TABLE `user_department_positions`
  MODIFY `id` bigint(20) UNSIGNED NOT NULL AUTO_INCREMENT, AUTO_INCREMENT=20;

--
-- AUTO_INCREMENT для таблицы `user_positions`
--
ALTER TABLE `user_positions`
  MODIFY `id` bigint(20) UNSIGNED NOT NULL AUTO_INCREMENT, AUTO_INCREMENT=14;

--
-- AUTO_INCREMENT для таблицы `user_statuses`
--
ALTER TABLE `user_statuses`
  MODIFY `id` bigint(20) UNSIGNED NOT NULL AUTO_INCREMENT, AUTO_INCREMENT=5;

--
-- Ограничения внешнего ключа сохраненных таблиц
--

--
-- Ограничения внешнего ключа таблицы `cars`
--
ALTER TABLE `cars`
  ADD CONSTRAINT `cars_color_id_foreign` FOREIGN KEY (`color_id`) REFERENCES `car_colors` (`id`) ON DELETE CASCADE,
  ADD CONSTRAINT `cars_country_id_foreign` FOREIGN KEY (`country_id`) REFERENCES `car_countries` (`id`) ON DELETE CASCADE,
  ADD CONSTRAINT `cars_mark_id_foreign` FOREIGN KEY (`mark_id`) REFERENCES `car_marks` (`id`) ON DELETE CASCADE,
  ADD CONSTRAINT `cars_model_id_foreign` FOREIGN KEY (`model_id`) REFERENCES `car_models` (`id`) ON DELETE CASCADE,
  ADD CONSTRAINT `cars_type_id_foreign` FOREIGN KEY (`type_id`) REFERENCES `car_types` (`id`) ON DELETE CASCADE;

--
-- Ограничения внешнего ключа таблицы `car_mark_model_countries`
--
ALTER TABLE `car_mark_model_countries`
  ADD CONSTRAINT `car_mark_model_countries_country_id_foreign` FOREIGN KEY (`country_id`) REFERENCES `car_countries` (`id`) ON DELETE CASCADE,
  ADD CONSTRAINT `car_mark_model_countries_mark_id_foreign` FOREIGN KEY (`mark_id`) REFERENCES `car_marks` (`id`) ON DELETE CASCADE,
  ADD CONSTRAINT `car_mark_model_countries_model_id_foreign` FOREIGN KEY (`model_id`) REFERENCES `car_models` (`id`) ON DELETE CASCADE;

--
-- Ограничения внешнего ключа таблицы `car_photos`
--
ALTER TABLE `car_photos`
  ADD CONSTRAINT `car_photos_car_id_foreign` FOREIGN KEY (`car_id`) REFERENCES `cars` (`id`) ON DELETE SET NULL;

--
-- Ограничения внешнего ключа таблицы `orders`
--
ALTER TABLE `orders`
  ADD CONSTRAINT `orders_client_id_foreign` FOREIGN KEY (`client_id`) REFERENCES `clients` (`id`) ON DELETE CASCADE,
  ADD CONSTRAINT `orders_delivery_id_foreign` FOREIGN KEY (`delivery_id`) REFERENCES `deliveries` (`id`) ON DELETE CASCADE,
  ADD CONSTRAINT `orders_payment_id_foreign` FOREIGN KEY (`payment_id`) REFERENCES `payments` (`id`) ON DELETE CASCADE,
  ADD CONSTRAINT `orders_user_id_foreign` FOREIGN KEY (`user_id`) REFERENCES `users` (`id`) ON DELETE CASCADE;

--
-- Ограничения внешнего ключа таблицы `order_cars`
--
ALTER TABLE `order_cars`
  ADD CONSTRAINT `order_cars_car_id_foreign` FOREIGN KEY (`car_id`) REFERENCES `cars` (`id`) ON DELETE CASCADE,
  ADD CONSTRAINT `order_cars_order_id_foreign` FOREIGN KEY (`order_id`) REFERENCES `orders` (`id`) ON DELETE CASCADE;

--
-- Ограничения внешнего ключа таблицы `order_statuses`
--
ALTER TABLE `order_statuses`
  ADD CONSTRAINT `order_statuses_order_id_foreign` FOREIGN KEY (`order_id`) REFERENCES `orders` (`id`) ON DELETE CASCADE,
  ADD CONSTRAINT `order_statuses_status_id_foreign` FOREIGN KEY (`status_id`) REFERENCES `statuses` (`id`) ON DELETE CASCADE;

--
-- Ограничения внешнего ключа таблицы `users`
--
ALTER TABLE `users`
  ADD CONSTRAINT `users_department_id_foreign` FOREIGN KEY (`department_id`) REFERENCES `user_departments` (`id`) ON DELETE SET NULL,
  ADD CONSTRAINT `users_position_id_foreign` FOREIGN KEY (`position_id`) REFERENCES `user_positions` (`id`) ON DELETE SET NULL,
  ADD CONSTRAINT `users_status_id_foreign` FOREIGN KEY (`status_id`) REFERENCES `user_statuses` (`id`) ON DELETE SET NULL;

--
-- Ограничения внешнего ключа таблицы `user_department_positions`
--
ALTER TABLE `user_department_positions`
  ADD CONSTRAINT `user_department_positions_department_id_foreign` FOREIGN KEY (`department_id`) REFERENCES `user_departments` (`id`) ON DELETE CASCADE,
  ADD CONSTRAINT `user_department_positions_position_id_foreign` FOREIGN KEY (`position_id`) REFERENCES `user_positions` (`id`) ON DELETE CASCADE;
COMMIT;

/*!40101 SET CHARACTER_SET_CLIENT=@OLD_CHARACTER_SET_CLIENT */;
/*!40101 SET CHARACTER_SET_RESULTS=@OLD_CHARACTER_SET_RESULTS */;
/*!40101 SET COLLATION_CONNECTION=@OLD_COLLATION_CONNECTION */;
